Name: CCTV-1, URL: https://migu.188766.xyz/?migutoken=b85a7467ac82fd5bcb1810467e0e8e77&id=CCTV1&type=yy, IPv_Type: ipv6, Location: 美国, ISP: CloudFlare Inc., Date: None, Delay: -1 ms, Speed: 0.00 M/s, Resolution: None
Name: CCTV-1, URL: https://iptv.catvod.com/live.php?id=CCTV1&line=6, IPv_Type: ipv6, Location: 美国, ISP: CloudFlare Inc., Date: None, Delay: -1 ms, Speed: 0.00 M/s, Resolution: None
Name: CCTV-1, URL: https://iptv.catvod.com/live.php?id=CCTV1&line=17, IPv_Type: ipv6, Location: 美国, ISP: CloudFlare Inc., Date: None, Delay: -1 ms, Speed: 0.00 M/s, Resolution: None
Name: CCTV-1, URL: https://iptv.catvod.com/live.php?id=CCTV1&line=14, IPv_Type: ipv6, Location: 美国, ISP: CloudFlare Inc., Date: None, Delay: -1 ms, Speed: 0.00 M/s, Resolution: None
Name: CCTV-1, URL: https://iptv.catvod.com/live.php?id=CCTV1&line=4, IPv_Type: ipv6, Location: 美国, ISP: CloudFlare Inc., Date: None, Delay: -1 ms, Speed: 0.00 M/s, Resolution: None
Name: CCTV-1, URL: https://mgtv.ottiptv.cc/mg/608807420.m3u8?userid=5559462299&sign=ab184220f079753562b5368b46873ea0edb1fc77e1d661c547ecc5f2b5ac67bcede6fe8a30dc48c8c19066b3fe9974fedbbf33520df2d6e90c194943e0f1f192f6215e0b65a5a97605563fd084e156b9ca&auth_token=1b99577efa5a3442ca4c7820d6e0b4e8, IPv_Type: ipv6, Location: 美国, ISP: Oracle Corporation, Date: None, Delay: -1 ms, Speed: 0.00 M/s, Resolution: None
Name: CCTV-1, URL: https://www.freetv.top/migu/608807420.m3u8?migutoken=5b04cf0d91179ab2d3d71703f0a8bc3d32dd02f7d8fb55ee70e05c216b8a9d1a73d911fbde798459fb66d94934157c996f8306c0dd37917775f2ed73dcc22cf84b25ca500bff5c636ff48d6344, IPv_Type: ipv6, Location: 美国, ISP: Oracle Corporation, Date: None, Delay: -1 ms, Speed: 0.00 M/s, Resolution: None
Name: CCTV-1, URL: http://zjzcf.synology.me:35455/gaoma/cctv1.m3u8, IPv_Type: ipv6, Location: 中国, ISP: 中国移动, Date: None, Delay: -1 ms, Speed: 0.00 M/s, Resolution: None
Name: CCTV-1, URL: http://[2409:8087:1a15:10d1::36]/ottrrs.hl.chinamobile.com/PLTV/88888888/224/3221226016/index.m3u8, IPv_Type: ipv6, Location: 中国, ISP: 中国移动, Date: None, Delay: -1 ms, Speed: 0.00 M/s, Resolution: None
Name: CCTV-1, URL: http://[2409:8087:1a15:10d1::34]/ottrrs.hl.chinamobile.com/PLTV/88888888/224/3221226559/index.m3u8, IPv_Type: ipv6, Location: 中国, ISP: 中国移动, Date: None, Delay: -1 ms, Speed: 0.00 M/s, Resolution: None
Name: CCTV-1, URL: https://hls-gateway.vpstv.net/streams/476879.m3u8, IPv_Type: ipv6, Location: 美国, ISP: CloudFlare Inc., Date: None, Delay: -1 ms, Speed: 0.00 M/s, Resolution: None
Name: CCTV-1, URL: http://iptv.huuc.edu.cn/hls/cctv1hd.m3u8, IPv_Type: ipv6, Location: 中国, ISP: 教育网, Date: None, Delay: -1 ms, Speed: 0.00 M/s, Resolution: None
Name: CCTV-1, URL: http://[2409:8087:8:21::18]:6610/otttv.bj.chinamobile.com/PLTV/88888888/224/3221226895/1.m3u8, IPv_Type: ipv6, Location: 中国, ISP: 中国移动, Date: None, Delay: -1 ms, Speed: 0.00 M/s, Resolution: None
Name: CCTV-1, URL: https://cdn5.163189.xyz/live/cctv1/stream.m3u8, IPv_Type: ipv6, Location: 美国, ISP: CloudFlare Inc., Date: None, Delay: -1 ms, Speed: 0.00 M/s, Resolution: None
Name: CCTV-1, URL: http://[2409:8087:1a01:df::4077]:80/ottrrs.hl.chinamobile.com/PLTV/88888888/8/3221226016/index.m3u8, IPv_Type: ipv6, Location: 中国, ISP: 中国移动, Date: None, Delay: -1 ms, Speed: 0.00 M/s, Resolution: None
Name: CCTV-1, URL: http://[2409:8087:1a01:df::4077]/ottrrs.hl.chinamobile.com/PLTV/88888888/224/3221226016/1.m3u8?icpid=88888888&from=1&hms_devid=1012&vqe=3, IPv_Type: ipv6, Location: 中国, ISP: 中国移动, Date: None, Delay: -1 ms, Speed: 0.00 M/s, Resolution: None
Name: CCTV-1, URL: http://[2409:8087:1a01:df::4077]/ottrrs.hl.chinamobile.com/PLTV/88888888/8/3221226016/index.m3u8, IPv_Type: ipv6, Location: 中国, ISP: 中国移动, Date: None, Delay: -1 ms, Speed: 0.00 M/s, Resolution: None
Name: CCTV-1, URL: http://[2409:8087:1a01:df::4077]:80/ottrrs.hl.chinamobile.com/PLTV/88888888/224/3221226016/index.m3u8, IPv_Type: ipv6, Location: 中国, ISP: 中国移动, Date: None, Delay: -1 ms, Speed: 0.00 M/s, Resolution: None
Name: CCTV-1, URL: http://[2409:8087:1a01:df::4077]:80/ottrrs.hl.chinamobile.com/PLTV/88888888/224/3221226016/1.m3u8, IPv_Type: ipv6, Location: 中国, ISP: 中国移动, Date: None, Delay: -1 ms, Speed: 0.00 M/s, Resolution: None
Name: CCTV-1, URL: http://[2409:8087:1a01:df::4077]/ottrrs.hl.chinamobile.com/yinhe/88888888/224/3221226016/index.m3u8, IPv_Type: ipv6, Location: 中国, ISP: 中国移动, Date: None, Delay: -1 ms, Speed: 0.00 M/s, Resolution: None
Name: CCTV-1, URL: http://[2409:8087:1a01:df::4077]:80/ottrrs.hl.chinamobile.com/yinhe/88888888/224/3221226016/index.m3u8, IPv_Type: ipv6, Location: 中国, ISP: 中国移动, Date: None, Delay: -1 ms, Speed: 0.00 M/s, Resolution: None
Name: CCTV-1, URL: http://3501776.xyz:35455/gaoma/cctv1.m3u8, IPv_Type: ipv6, Location: 中国, ISP: 中国电信, Date: None, Delay: -1 ms, Speed: 0.00 M/s, Resolution: None
Name: CCTV-1, URL: https://www.freetv.top/migu/608807420.m3u8?migutoken=616bff0550349c6e67acff477cb46f9414058f2f80a6037f87e37174fab7a88ce43007f82993964b9222c5578037b6435c076ec1a3cd9712bffad24d5fb5293d9665b5fce5f6d1ec1012231552, IPv_Type: ipv6, Location: 美国, ISP: Oracle Corporation, Date: None, Delay: -1 ms, Speed: 0.00 M/s, Resolution: None
Name: CCTV-1, URL: https://www.freetv.top/migu/608807420.m3u8?migutoken=184a95f0cdaaf7c1f3c7b4cd06d432af7234562e68074726eac10898c158cf1eea49819ced71b5e3d2f3ea0023ff71f8062e39a0a92ffd236a2c1ef4a30ca7f3cb03548908d23e6c6d685437e2, IPv_Type: ipv6, Location: 美国, ISP: Oracle Corporation, Date: None, Delay: -1 ms, Speed: 0.00 M/s, Resolution: None
Name: CCTV-1, URL: https://www.freetv.top/migu/608807420.m3u8?migutoken=701afbfc9d2f77d62a9cc2f9479ecde3db6cef36d454660b5d2f0ffb3a1017d0e04c2e19dcbb7c344d80cfb64e43e90dd66c458476898ee612d0e2e9261645fcfc0d32fb90cdf2021d89c4877a, IPv_Type: ipv6, Location: 美国, ISP: Oracle Corporation, Date: None, Delay: -1 ms, Speed: 0.00 M/s, Resolution: None
Name: CCTV-1, URL: https://www.freetv.top/migu/608807420.m3u8?migutoken=80908303af21bc464e188f7e6e33e325e8ac7cc103c5c0c6353cc836f0908085ba7e93a6689a2d96daf2f163fd9d3732ba71e1288a2e8bb2bf6ed82066df1e6eafbedc4ce9a9f3aa896c0e4cd9, IPv_Type: ipv6, Location: 美国, ISP: Oracle Corporation, Date: None, Delay: -1 ms, Speed: 0.00 M/s, Resolution: None
Name: CCTV-1, URL: http://php.jdshipin.com/TVOD/iptv.php?id=rthk33, IPv_Type: ipv6, Location: 美国, ISP: CloudFlare Inc., Date: None, Delay: -1 ms, Speed: 0.00 M/s, Resolution: None
Name: CCTV-1, URL: https://www.freetv.top/migu/608807420.m3u8?migutoken=2a6c4fb9cc8f7f2e3b74e061cd6015c3fac382e2bed56fc0e7ec642cda0243f33539c8b831a81a788ef263a552c1fc2e83f85c3aca1c5ac20b670cab6b54dd26fb6cfd1adfd5a289207103e06b, IPv_Type: ipv6, Location: 美国, ISP: Oracle Corporation, Date: None, Delay: -1 ms, Speed: 0.00 M/s, Resolution: None
Name: CCTV-1, URL: http://wouu.net:9977/udp/239.93.0.184:5140, IPv_Type: ipv6, Location: 保留地址, ISP: 主机之间的链路本地地址, Date: None, Delay: -1 ms, Speed: 0.00 M/s, Resolution: None
Name: CCTV-1, URL: https://www.freetv.top/migu/608807420.m3u8?migutoken=7653cf8ec6440c201ccd67dfdbdd9a4c8401078f6b4cef8fc9258c372e1780fa8e3c5de722f5ac2cda4bd2291ccdf287a6caaac860219844ccf49b78b010dec5742f609b951e599c4b873bf8ad, IPv_Type: ipv6, Location: 美国, ISP: Oracle Corporation, Date: None, Delay: -1 ms, Speed: 0.00 M/s, Resolution: None
Name: CCTV-1, URL: https://www.freetv.top/migu/608807420.m3u8?migutoken=d46a7802f5e358560129ef9519cb7db38f9f355847dd255fb5ac47a4bf8e3c6b5b980b45749fb1cb373b654d43a6fc41c66a124ad66ee40a80f07e155334fe6f023993dc3f284f86ab66653797, IPv_Type: ipv6, Location: 美国, ISP: Oracle Corporation, Date: None, Delay: -1 ms, Speed: 0.00 M/s, Resolution: None
Name: CCTV-1, URL: https://www.freetv.top/migu/608807420.m3u8?migutoken=b6a50213ea411edfdeda0e4c7abb5985d6a4f4c3d2f34274d4906fe15400b56f0a5a4ae5fb1d8e0ba25591ea3977d8cc6e1a4faa5a316308a146dfe83d122086fb13709fb6495fea020b068333, IPv_Type: ipv6, Location: 美国, ISP: Oracle Corporation, Date: None, Delay: -1 ms, Speed: 0.00 M/s, Resolution: None
Name: CCTV-1, URL: https://www.freetv.top/migu/608807420.m3u8?migutoken=9674d857d6e43e0789d8ec76bab7cdbe190192db368f8f0e2f8018a3e2a160ee9f9ce8d41030046da2b0373378dd65c74a6af0f9a31b8828027b8367d720ea077aef2f2a08a603b4e16074c6b9, IPv_Type: ipv6, Location: 美国, ISP: Oracle Corporation, Date: None, Delay: -1 ms, Speed: 0.00 M/s, Resolution: None
Name: CCTV-1, URL: https://www.freetv.top/migu/608807420.m3u8?migutoken=b0831136e327a93587e1920b5595d227c66a7f1a6aabb8e7532bc0682db88a37af6a27b88fde476a02c5f83db38f3b3e864bcf981c57f7fed9877095a1e2fac1a149f0f8869c5c1dc147bee7be, IPv_Type: ipv6, Location: 美国, ISP: Oracle Corporation, Date: None, Delay: -1 ms, Speed: 0.00 M/s, Resolution: None
Name: CCTV-1, URL: https://www.freetv.top/migu/608807420.m3u8?migutoken=ba552a2083efcc0e9cac8e15f58b13e090dab068fdb3997d064fd7e6e5f165824a5caaa619f3447f77d75712ad65bd76cb137741f46b0a28cb1afc020328b9b4ec1d3f8e8fed80beb6245b6544, IPv_Type: ipv6, Location: 美国, ISP: Oracle Corporation, Date: None, Delay: -1 ms, Speed: 0.00 M/s, Resolution: None
Name: CCTV-1, URL: https://stream1.freetv.fun/3cd84be1fb3623f1c3ba7d3d26e3d607331255d6559bd3e6ded774a1ff7c2b89.m3u8, IPv_Type: ipv6, Location: 美国, ISP: CloudFlare Inc., Date: None, Delay: -1 ms, Speed: 0.00 M/s, Resolution: None
Name: CCTV-1, URL: https://www.freetv.top/migu/608807420.m3u8?migutoken=16a362b923a43fa0d4ce2aba3ecd88cd5e53be41dc5d15a9d1c9bad7fb665c1a2cee1355de7ca1df5ea56c38b88d68c7837724e9d16f358d73f49a202d62a71f7b2eb754beefe9b46eb9e8ab25, IPv_Type: ipv6, Location: 美国, ISP: Oracle Corporation, Date: None, Delay: -1 ms, Speed: 0.00 M/s, Resolution: None
Name: CCTV-1, URL: https://stream1.freetv.fun/f1fa8406434117dfaa5c0b174fa90a31da74b1ad921fc3ce3662a40cff4d9001.m3u8, IPv_Type: ipv6, Location: 美国, ISP: CloudFlare Inc., Date: None, Delay: -1 ms, Speed: 0.00 M/s, Resolution: None
Name: CCTV-1, URL: https://stream1.freetv.fun/rthk33-1.m3u8, IPv_Type: ipv6, Location: 美国, ISP: CloudFlare Inc., Date: None, Delay: -1 ms, Speed: 0.00 M/s, Resolution: None
Name: CCTV-1, URL: https://stream1.freetv.fun/354e2e055127bbf43693aa848d84f93f5bcc517472a8858f188f313dbf157f51.m3u8, IPv_Type: ipv6, Location: 美国, ISP: CloudFlare Inc., Date: None, Delay: -1 ms, Speed: 0.00 M/s, Resolution: None
Name: CCTV-1, URL: http://www.freetv.top/migu/608807420.m3u8?migutoken=491f039071b1e5ca7ea22dab208a3373abd0aa38187ac74446778154f03126d09cf16f03bab30bbbe6b3654715b39584417cebbd010b1b65144b4d683dc814c330efffb70a09c7630ddbb49120, IPv_Type: ipv6, Location: 美国, ISP: Oracle Corporation, Date: None, Delay: -1 ms, Speed: 0.00 M/s, Resolution: None
Name: CCTV-1, URL: https://stream1.freetv.fun/df7cf71b3e02015b9029ac087b3eec56fde92fd81d162962570629faec293037.m3u8, IPv_Type: ipv6, Location: 美国, ISP: CloudFlare Inc., Date: None, Delay: -1 ms, Speed: 0.00 M/s, Resolution: None
Name: CCTV-1, URL: http://[2409:8087:74f0:22::4]:6610/270000001128/9900000501/index.m3u8, IPv_Type: ipv6, Location: 中国, ISP: 中国移动, Date: None, Delay: -1 ms, Speed: 0.00 M/s, Resolution: None
Name: CCTV-1, URL: http://[2409:8087:1a01:df::7005]/ottrrs.hl.chinamobile.com/PLTV/88888888/224/3221226559/index.m3u8, IPv_Type: ipv6, Location: 中国, ISP: 中国移动, Date: None, Delay: -1 ms, Speed: 0.00 M/s, Resolution: None
Name: CCTV-1, URL: http://[2409:8087:1a01:df::7005]:80/ottrrs.hl.chinamobile.com/PLTV/88888888/224/3221226559/index.m3u8, IPv_Type: ipv6, Location: 中国, ISP: 中国移动, Date: None, Delay: -1 ms, Speed: 0.00 M/s, Resolution: None
Name: CCTV-1, URL: https://t.freetv.fun/live/cctv1-3.php, IPv_Type: ipv6, Location: 美国, ISP: CloudFlare Inc., Date: None, Delay: -1 ms, Speed: 0.00 M/s, Resolution: None
Name: CCTV-1, URL: https://t.freetv.fun/live/cctv1-2.m3u8, IPv_Type: ipv6, Location: 美国, ISP: CloudFlare Inc., Date: None, Delay: -1 ms, Speed: 0.00 M/s, Resolution: None
Name: CCTV-1, URL: http://pull-hls-f11.douyincdn.com/media/stream-407120355259581100.m3u8?arch_hrchy=w1&exp_hrchy=w1&expire=1772235045&major_anchor_level=common&sign=7578a5b04491cf2b2c07cec8e36b2405&t_id=037-2026022107304574A9E4ED92C55B70628A-89gnVp, IPv_Type: ipv6, Location: 中国, ISP: 中国联通, Date: None, Delay: -1 ms, Speed: 0.00 M/s, Resolution: None
Name: CCTV-1, URL: http://pull-hls-f11.douyincdn.com/media/stream-407143491448603308.m3u8?arch_hrchy=w1&exp_hrchy=w1&expire=1772577533&major_anchor_level=common&sign=ef934343af6c8da45824836bcd4995b2&t_id=037-20260225063853BC6B8E1DD4D8A6F3BB5E-aUFZun, IPv_Type: ipv6, Location: 中国, ISP: 中国联通, Date: None, Delay: -1 ms, Speed: 0.00 M/s, Resolution: None
Name: CCTV-1, URL: http://php.jdshipin.com:8880/TVOD/iptv.php?id=rthk33, IPv_Type: ipv6, Location: 美国, ISP: CloudFlare Inc., Date: None, Delay: -1 ms, Speed: 0.00 M/s, Resolution: None
Name: CCTV-1, URL: http://[2409:8087:1a01:df::4077]/ottrrs.hl.chinamobile.com/PLTV/88888888/224/3221226016/index.m3u8, IPv_Type: ipv6, Location: 中国, ISP: 中国移动, Date: None, Delay: -1 ms, Speed: 0.00 M/s, Resolution: None
Name: CCTV-1, URL: https://stream1.freetv.fun/e87ac64457c976111fc8524f11c25da508b807c29647c571b45ab13a609917c2.m3u8, IPv_Type: ipv6, Location: 美国, ISP: CloudFlare Inc., Date: None, Delay: -1 ms, Speed: 0.00 M/s, Resolution: None
Name: CCTV-1, URL: https://iptv.catvod.com/live.php?id=CCTV1&line=16, IPv_Type: ipv4, Location: 美国-加利福尼亚州-洛杉矶, ISP: IT7网络, Date: None, Delay: 84 ms, Speed: 14.57 M/s, Resolution: 1920x1080
Name: CCTV-1, URL: http://38.75.136.137:98/gslb/dsdqbv/cctv1hd.m3u8?auth=test20251009, IPv_Type: ipv4, Location: 美国-哥伦比亚特区-哥伦比亚特区, ISP: Cogent, Date: None, Delay: 3547 ms, Speed: 1.32 M/s, Resolution: 1920x1080
Name: CCTV-2, URL: http://pull-hls-f11.douyincdn.com/media/stream-407062262674621100.m3u8?arch_hrchy=w1&exp_hrchy=w1&expire=1771769775&major_anchor_level=common&sign=98406f42e949db5477a402c85cbee007&t_id=037-20260215221614EEA56BB994BB42D25308-a6AVAz, IPv_Type: ipv6, Location: 中国, ISP: 中国联通, Date: None, Delay: -1 ms, Speed: 0.00 M/s, Resolution: None
Name: CCTV-2, URL: https://migu.188766.xyz/?migutoken=4eab707bc457201e38dcc8e7fdd4279d&id=CCTV2&type=yy, IPv_Type: ipv6, Location: 美国, ISP: CloudFlare Inc., Date: None, Delay: -1 ms, Speed: 0.00 M/s, Resolution: None
Name: CCTV-2, URL: https://iptv.catvod.com/live.php?id=CCTV2&line=4, IPv_Type: ipv6, Location: 美国, ISP: CloudFlare Inc., Date: None, Delay: -1 ms, Speed: 0.00 M/s, Resolution: None
Name: CCTV-2, URL: https://iptv.catvod.com/live.php?id=CCTV2&line=5, IPv_Type: ipv6, Location: 美国, ISP: CloudFlare Inc., Date: None, Delay: -1 ms, Speed: 0.00 M/s, Resolution: None
Name: CCTV-2, URL: https://iptv.catvod.com/live.php?id=CCTV2&line=8, IPv_Type: ipv6, Location: 美国, ISP: CloudFlare Inc., Date: None, Delay: -1 ms, Speed: 0.00 M/s, Resolution: None
Name: CCTV-2, URL: https://iptv.catvod.com/live.php?id=CCTV2&line=1, IPv_Type: ipv6, Location: 美国, ISP: CloudFlare Inc., Date: None, Delay: -1 ms, Speed: 0.00 M/s, Resolution: None
Name: CCTV-2, URL: https://iptv.catvod.com/live.php?id=CCTV2&line=3, IPv_Type: ipv6, Location: 美国, ISP: CloudFlare Inc., Date: None, Delay: -1 ms, Speed: 0.00 M/s, Resolution: None
Name: CCTV-2, URL: https://mgtv.ottiptv.cc/mg/631780532.m3u8?userid=5559462299&sign=0dcf0d95f49ae4a4731bebb5e6b42c97dfcfccfb26d008bf93f56a0b42cf3ee8cf2e8095b849256dc900e27b4a8848c920cb2701b93dfb81bbfebcdf8ce8a6c9edd105cb39beaae56bfb55679604565374&auth_token=1b99577efa5a3442ca4c7820d6e0b4e8, IPv_Type: ipv6, Location: 美国, ISP: Oracle Corporation, Date: None, Delay: -1 ms, Speed: 0.00 M/s, Resolution: None
Name: CCTV-2, URL: http://[2409:8087:1a15:10d1::38]/ottrrs.hl.chinamobile.com/PLTV/88888888/224/3221226540/index.m3u8, IPv_Type: ipv6, Location: 中国, ISP: 中国移动, Date: None, Delay: -1 ms, Speed: 0.00 M/s, Resolution: None
Name: CCTV-2, URL: https://iptv.catvod.com/live.php?id=CCTV2&line=2, IPv_Type: ipv6, Location: 美国, ISP: CloudFlare Inc., Date: None, Delay: -1 ms, Speed: 0.00 M/s, Resolution: None
Name: CCTV-2, URL: https://iptv.catvod.com/live.php?id=CCTV2&line=6, IPv_Type: ipv6, Location: 美国, ISP: CloudFlare Inc., Date: None, Delay: -1 ms, Speed: 0.00 M/s, Resolution: None
Name: CCTV-2, URL: https://iptv.catvod.com/live.php?id=CCTV2&line=7, IPv_Type: ipv6, Location: 美国, ISP: CloudFlare Inc., Date: None, Delay: -1 ms, Speed: 0.00 M/s, Resolution: None
Name: CCTV-2, URL: https://iptv.catvod.com/live.php?id=CCTV2&line=9, IPv_Type: ipv6, Location: 美国, ISP: CloudFlare Inc., Date: None, Delay: -1 ms, Speed: 0.00 M/s, Resolution: None
Name: CCTV-2, URL: https://iptv.catvod.com/live.php?id=CCTV2&line=10, IPv_Type: ipv6, Location: 美国, ISP: CloudFlare Inc., Date: None, Delay: -1 ms, Speed: 0.00 M/s, Resolution: None
Name: CCTV-2, URL: https://iptv.catvod.com/live.php?id=CCTV2&line=11, IPv_Type: ipv6, Location: 美国, ISP: CloudFlare Inc., Date: None, Delay: -1 ms, Speed: 0.00 M/s, Resolution: None
Name: CCTV-2, URL: https://iptv.catvod.com/live.php?id=CCTV2&line=12, IPv_Type: ipv6, Location: 美国, ISP: CloudFlare Inc., Date: None, Delay: -1 ms, Speed: 0.00 M/s, Resolution: None
Name: CCTV-2, URL: https://iptv.catvod.com/live.php?id=CCTV2&line=13, IPv_Type: ipv6, Location: 美国, ISP: CloudFlare Inc., Date: None, Delay: -1 ms, Speed: 0.00 M/s, Resolution: None
Name: CCTV-2, URL: https://iptv.catvod.com/live.php?id=CCTV2&line=14, IPv_Type: ipv6, Location: 美国, ISP: CloudFlare Inc., Date: None, Delay: -1 ms, Speed: 0.00 M/s, Resolution: None
Name: CCTV-2, URL: https://iptv.catvod.com/live.php?id=CCTV2&line=15, IPv_Type: ipv6, Location: 美国, ISP: CloudFlare Inc., Date: None, Delay: -1 ms, Speed: 0.00 M/s, Resolution: None
Name: CCTV-2, URL: https://iptv.catvod.com/live.php?id=CCTV2&line=16, IPv_Type: ipv6, Location: 美国, ISP: CloudFlare Inc., Date: None, Delay: -1 ms, Speed: 0.00 M/s, Resolution: None
Name: CCTV-2, URL: https://iptv.catvod.com/live.php?id=CCTV2&line=17, IPv_Type: ipv6, Location: 美国, ISP: CloudFlare Inc., Date: None, Delay: -1 ms, Speed: 0.00 M/s, Resolution: None
Name: CCTV-2, URL: https://iptv.catvod.com/live.php?id=CCTV2&line=18, IPv_Type: ipv6, Location: 美国, ISP: CloudFlare Inc., Date: None, Delay: -1 ms, Speed: 0.00 M/s, Resolution: None
Name: CCTV-2, URL: https://hls-gateway.vpstv.net/streams/476881.m3u8, IPv_Type: ipv6, Location: 美国, ISP: CloudFlare Inc., Date: None, Delay: -1 ms, Speed: 0.00 M/s, Resolution: None
Name: CCTV-2, URL: http://iptv.huuc.edu.cn/hls/cctv2hd.m3u8, IPv_Type: ipv6, Location: 中国, ISP: 教育网, Date: None, Delay: -1 ms, Speed: 0.00 M/s, Resolution: None
Name: CCTV-2, URL: http://[2409:8087:8:21::18]:6610/otttv.bj.chinamobile.com/PLTV/88888888/224/3221226893/1.m3u8, IPv_Type: ipv6, Location: 中国, ISP: 中国移动, Date: None, Delay: -1 ms, Speed: 0.00 M/s, Resolution: None
Name: CCTV-2, URL: http://ottrrs.hl.chinamobile.com/TVOD/88888888/224/3221226540/index.m3u8, IPv_Type: ipv6, Location: 中国, ISP: 中国移动, Date: None, Delay: -1 ms, Speed: 0.00 M/s, Resolution: None
Name: CCTV-2, URL: http://[2409:8087:1a01:df::4077]/ottrrs.hl.chinamobile.com/PLTV/88888888/8/3221225588/index.m3u8, IPv_Type: ipv6, Location: 中国, ISP: 中国移动, Date: None, Delay: -1 ms, Speed: 0.00 M/s, Resolution: None
Name: CCTV-2, URL: http://3501776.xyz:35455/gaoma/cctv2.m3u8, IPv_Type: ipv6, Location: 中国, ISP: 中国电信, Date: None, Delay: -1 ms, Speed: 0.00 M/s, Resolution: None
Name: CCTV-2, URL: http://[2409:8087:1a01:df::406f]:80/wh7f454c46tw1241164675_1575082505/ottrrs.hl.chinamobile.com/PLTV/88888888/224/3221226540/index.m3u8?icpid=88888888&RTS=1713968070&from=4&hms_devid=692&prioritypopid=4&online=1713968070&vqe=3, IPv_Type: ipv6, Location: 中国, ISP: 中国移动, Date: None, Delay: -1 ms, Speed: 0.00 M/s, Resolution: None
Name: CCTV-2, URL: http://[2409:8087:1a01:df::4077]:80/ottrrs.hl.chinamobile.com/yinhe/88888888/8/3221225588/index.m3u8, IPv_Type: ipv6, Location: 中国, ISP: 中国移动, Date: None, Delay: -1 ms, Speed: 0.00 M/s, Resolution: None
Name: CCTV-2, URL: http://[2409:8087:1a01:df::4077]/ottrrs.hl.chinamobile.com/yinhe/88888888/8/3221225588/index.m3u8, IPv_Type: ipv6, Location: 中国, ISP: 中国移动, Date: None, Delay: -1 ms, Speed: 0.00 M/s, Resolution: None
Name: CCTV-2, URL: http://[2409:8087:1a01:df::4077]:80/ottrrs.hl.chinamobile.com/PLTV/88888888/8/3221225588/index.m3u8, IPv_Type: ipv6, Location: 中国, ISP: 中国移动, Date: None, Delay: -1 ms, Speed: 0.00 M/s, Resolution: None
Name: CCTV-2, URL: https://www.freetv.top/migu/631780532.m3u8?migutoken=6f589f929945331767ef466f5f4cb6ccee0346b95c4bae5bbd6b99321f160d076257570ccc9b882f37a0bd95f05b1a1b9830393bd269f71445b0e5d01684c40a8cf16759a5bbdf9d5dff243250, IPv_Type: ipv6, Location: 美国, ISP: Oracle Corporation, Date: None, Delay: -1 ms, Speed: 0.00 M/s, Resolution: None
Name: CCTV-2, URL: https://www.freetv.top/migu/631780532.m3u8?migutoken=238417e78263f85047b232a16f4c1ffb5ffd1b15634ab4b2cd6db01aa23635473bcc819f5117896e8c390c4d26ce6e515c32d787d18f81f6d8434ea92a954703e681dfc6d324346418e49c5d6c, IPv_Type: ipv6, Location: 美国, ISP: Oracle Corporation, Date: None, Delay: -1 ms, Speed: 0.00 M/s, Resolution: None
Name: CCTV-2, URL: https://www.freetv.top/migu/631780532.m3u8?migutoken=21b0b254331386fd2e873c577c7a8183378b91f40be551a3c69f5f9162df2a2c63af3d67e9aed59e88a144542b673d3f4a4ca4f2f34225db354a0bf5d26a021b0ce510d7c802082a0f69765c6d, IPv_Type: ipv6, Location: 美国, ISP: Oracle Corporation, Date: None, Delay: -1 ms, Speed: 0.00 M/s, Resolution: None
Name: CCTV-2, URL: https://www.freetv.top/migu/631780532.m3u8?migutoken=0bbd368e56ca239424f7c5ccc970c14b033a2a8ae6ee8749423233b1af2cf31d089694e2a89e22162c6f6ca67d978d52b628c87627d859fd8b0bf99ebbf20a7ec95de4171a037a5e3b65b7c3ce, IPv_Type: ipv6, Location: 美国, ISP: Oracle Corporation, Date: None, Delay: -1 ms, Speed: 0.00 M/s, Resolution: None
Name: CCTV-2, URL: https://www.freetv.top/migu/631780532.m3u8?migutoken=f1ea6162bf184749e3dee945ef1c611efc841f280c1c972432874810b37debb4321af74f5ebcd6c41d7e0980cae4b591eaddcbd8a4b834c71491dbe3a6abacbbd5bcb2e9a43458f6987dbc3f23, IPv_Type: ipv6, Location: 美国, ISP: Oracle Corporation, Date: None, Delay: -1 ms, Speed: 0.00 M/s, Resolution: None
Name: CCTV-2, URL: http://wouu.net:9977/udp/239.93.1.23:6000, IPv_Type: ipv6, Location: 保留地址, ISP: 主机之间的链路本地地址, Date: None, Delay: -1 ms, Speed: 0.00 M/s, Resolution: None
Name: CCTV-2, URL: https://www.freetv.top/migu/631780532.m3u8?migutoken=8a73f9dbcc6da55c0bb099a7d335fcdb754c606cf8a5e21cb3b84173052074a311761bfb95b1cf7185e4db2b24a0b5d21a4807e6b6bf8c462395f81b3895c1026a645db32431ff0cf541e1991f, IPv_Type: ipv6, Location: 美国, ISP: Oracle Corporation, Date: None, Delay: -1 ms, Speed: 0.00 M/s, Resolution: None
Name: CCTV-2, URL: https://www.freetv.top/migu/631780532.m3u8?migutoken=11ecfe0a296dcd532df72244565e20008b5a2e6936c05e73d9c90abe54b5bbffc942f2912e3fdd518714c4a7ad984beed028d07db3d49b8d1e21c54686ebfa8546f79a57d969866753cca722cc, IPv_Type: ipv6, Location: 美国, ISP: Oracle Corporation, Date: None, Delay: -1 ms, Speed: 0.00 M/s, Resolution: None
Name: CCTV-2, URL: https://epg.pw/stream/f86540c126a751cc707e3805911549bd077fb5a7f0f53a824212d75addea3747.m3u8, IPv_Type: ipv6, Location: 美国, ISP: CloudFlare Inc., Date: None, Delay: -1 ms, Speed: 0.00 M/s, Resolution: None
Name: CCTV-2, URL: http://www.freetv.top/migu/631780532.m3u8?migutoken=d69d5e5f850768f4609f5e7c6f63984da2c614f71e21226d8dea3a6e40d20f871ca2d383cd042bac96e3e8178933a15192f0ffaef2e700eb95de835faecc0bb802bd0c50099bf3d1abe4ea5174, IPv_Type: ipv6, Location: 美国, ISP: Oracle Corporation, Date: None, Delay: -1 ms, Speed: 0.00 M/s, Resolution: None
Name: CCTV-2, URL: https://www.freetv.top/migu/631780532.m3u8?migutoken=317722ab220ea7aa14f0f18816b423a2ce5181a72d8b1f02e4aba95d7d7707dc123fcbb113b41a2406a823e2a738dbdbfb23c22ccfe936e40e63d389ab3f0f2e4ae3f3ec3e46f3d2f021b3c7b5, IPv_Type: ipv6, Location: 美国, ISP: Oracle Corporation, Date: None, Delay: -1 ms, Speed: 0.00 M/s, Resolution: None
Name: CCTV-2, URL: https://www.freetv.top/migu/631780532.m3u8?migutoken=fdb912a07262c854e703c2057c3565990c9965f0abff700bdff272d95998605b0a600255d4748f616cf3d45931378e423f91c6f9f41f1cdac26d8383044629e3a176dcd5931b327500edb5dfd3, IPv_Type: ipv6, Location: 美国, ISP: Oracle Corporation, Date: None, Delay: -1 ms, Speed: 0.00 M/s, Resolution: None
Name: CCTV-2, URL: http://[2409:8087:74f0:22::4]:6410/270000001128/9900000502/index.m3u8, IPv_Type: ipv6, Location: 中国, ISP: 中国移动, Date: None, Delay: -1 ms, Speed: 0.00 M/s, Resolution: None
Name: CCTV-2, URL: http://[2409:8087:1a01:df::7005]/ottrrs.hl.chinamobile.com/PLTV/88888888/224/3221226540/index.m3u8, IPv_Type: ipv6, Location: 中国, ISP: 中国移动, Date: None, Delay: -1 ms, Speed: 0.00 M/s, Resolution: None
Name: CCTV-2, URL: http://[2409:8087:1a01:df::7005]:80/ottrrs.hl.chinamobile.com/PLTV/88888888/224/3221226540/index.m3u8, IPv_Type: ipv6, Location: 中国, ISP: 中国移动, Date: None, Delay: -1 ms, Speed: 0.00 M/s, Resolution: None
Name: CCTV-2, URL: https://iptv.catvod.com/live.php?id=CCTV2&line=19, IPv_Type: ipv6, Location: 美国, ISP: CloudFlare Inc., Date: None, Delay: -1 ms, Speed: 0.00 M/s, Resolution: None
Name: CCTV-2, URL: https://t.freetv.fun/live/cctv2-3.php, IPv_Type: ipv6, Location: 美国, ISP: CloudFlare Inc., Date: None, Delay: -1 ms, Speed: 0.00 M/s, Resolution: None
Name: CCTV-2, URL: https://t.freetv.fun/live/cctv2-4.m3u8, IPv_Type: ipv6, Location: 美国, ISP: CloudFlare Inc., Date: None, Delay: -1 ms, Speed: 0.00 M/s, Resolution: None
Name: CCTV-2, URL: https://t.freetv.fun/live/cctv2-6.m3u8, IPv_Type: ipv6, Location: 美国, ISP: CloudFlare Inc., Date: None, Delay: -1 ms, Speed: 0.00 M/s, Resolution: None
Name: CCTV-2, URL: https://p2.bdstatic.com/rtmp.liveshow.lss-user.baidubce.com/live/stream_bduid_6488563992_8982723413/merged_1707497046297_88536_25144_41936.m3u8, IPv_Type: ipv4, Location: 中国-山东-济南, ISP: 百度云加速数据中心, Date: None, Delay: 5507 ms, Speed: 3.51 M/s, Resolution: 1920x1080
Name: CCTV-2, URL: http://38.75.136.137:98/gslb/dsdqbv/cctv2hd.m3u8?auth=test20251009, IPv_Type: ipv4, Location: 美国-哥伦比亚特区-哥伦比亚特区, ISP: Cogent, Date: None, Delay: 4121 ms, Speed: 0.93 M/s, Resolution: 1920x1080
Name: CCTV-3, URL: https://migu.188766.xyz/?migutoken=14c880573ba30fe6df990b3ed60ff6ec&id=CCTV3&type=yy, IPv_Type: ipv6, Location: 美国, ISP: CloudFlare Inc., Date: None, Delay: -1 ms, Speed: 0.00 M/s, Resolution: None
Name: CCTV-3, URL: https://iptv.catvod.com/live.php?id=CCTV3&line=6, IPv_Type: ipv6, Location: 美国, ISP: CloudFlare Inc., Date: None, Delay: -1 ms, Speed: 0.00 M/s, Resolution: None
Name: CCTV-3, URL: https://iptv.catvod.com/live.php?id=CCTV3&line=5, IPv_Type: ipv6, Location: 美国, ISP: CloudFlare Inc., Date: None, Delay: -1 ms, Speed: 0.00 M/s, Resolution: None
Name: CCTV-3, URL: https://iptv.catvod.com/live.php?id=CCTV3&line=4, IPv_Type: ipv6, Location: 美国, ISP: CloudFlare Inc., Date: None, Delay: -1 ms, Speed: 0.00 M/s, Resolution: None
Name: CCTV-3, URL: https://iptv.catvod.com/live.php?id=CCTV3&line=3, IPv_Type: ipv6, Location: 美国, ISP: CloudFlare Inc., Date: None, Delay: -1 ms, Speed: 0.00 M/s, Resolution: None
Name: CCTV-3, URL: https://iptv.catvod.com/live.php?id=CCTV3&line=7, IPv_Type: ipv6, Location: 美国, ISP: CloudFlare Inc., Date: None, Delay: -1 ms, Speed: 0.00 M/s, Resolution: None
Name: CCTV-3, URL: https://mgtv.ottiptv.cc/mg/624878271.m3u8?userid=5559462299&sign=aac6d47d20fd18701bd66e7006df0f623479f0a273fd02c44635033327b8c991d0be61814cdc8b16da72a243f6f78e567d03a7f3e03f9a25c0881d45a6ac045e9e751334198a3abfadfe4b2325c80d8963&auth_token=1b99577efa5a3442ca4c7820d6e0b4e8, IPv_Type: ipv6, Location: 美国, ISP: Oracle Corporation, Date: None, Delay: -1 ms, Speed: 0.00 M/s, Resolution: None
Name: CCTV-3, URL: http://13937899.xyz:35455/gaoma/cctv3.m3u8, IPv_Type: ipv6, Location: 中国, ISP: 中国电信, Date: None, Delay: -1 ms, Speed: 0.00 M/s, Resolution: None
Name: CCTV-3, URL: http://zjzcf.synology.me:35455/gaoma/cctv3.m3u8, IPv_Type: ipv6, Location: 中国, ISP: 中国移动, Date: None, Delay: -1 ms, Speed: 0.00 M/s, Resolution: None
Name: CCTV-3, URL: http://[2409:8087:1a15:10d1::36]/ottrrs.hl.chinamobile.com/PLTV/88888888/224/3221226021/index.m3u8, IPv_Type: ipv6, Location: 中国, ISP: 中国移动, Date: None, Delay: -1 ms, Speed: 0.00 M/s, Resolution: None
Name: CCTV-3, URL: https://hls-gateway.vpstv.net/streams/476883.m3u8, IPv_Type: ipv6, Location: 美国, ISP: CloudFlare Inc., Date: None, Delay: -1 ms, Speed: 0.00 M/s, Resolution: None
Name: CCTV-3, URL: http://iptv.huuc.edu.cn/hls/cctv3hd.m3u8, IPv_Type: ipv6, Location: 中国, ISP: 教育网, Date: None, Delay: -1 ms, Speed: 0.00 M/s, Resolution: None
Name: CCTV-3, URL: http://[2409:8087:8:21::18]:6610/otttv.bj.chinamobile.com/PLTV/88888888/224/3221226471/1.m3u8, IPv_Type: ipv6, Location: 中国, ISP: 中国移动, Date: None, Delay: -1 ms, Speed: 0.00 M/s, Resolution: None
Name: CCTV-3, URL: http://[2409:8087:1a01:df::4041]/TVOD/88888888/224/3221225799/main.m3u8, IPv_Type: ipv6, Location: 中国, ISP: 中国移动, Date: None, Delay: -1 ms, Speed: 0.00 M/s, Resolution: None
Name: CCTV-3, URL: http://[2409:8087:1a01:df::4077]/ottrrs.hl.chinamobile.com/yinhe/88888888/224/3221226021/index.m3u8, IPv_Type: ipv6, Location: 中国, ISP: 中国移动, Date: None, Delay: -1 ms, Speed: 0.00 M/s, Resolution: None
Name: CCTV-3, URL: http://[2409:8087:1a01:df::4077]:80/ottrrs.hl.chinamobile.com/PLTV/88888888/224/3221226021/index.m3u8, IPv_Type: ipv6, Location: 中国, ISP: 中国移动, Date: None, Delay: -1 ms, Speed: 0.00 M/s, Resolution: None
Name: CCTV-3, URL: http://[2409:8087:1a01:df::4077]:80/ottrrs.hl.chinamobile.com/yinhe/88888888/224/3221226021/index.m3u8, IPv_Type: ipv6, Location: 中国, ISP: 中国移动, Date: None, Delay: -1 ms, Speed: 0.00 M/s, Resolution: None
Name: CCTV-3, URL: http://[2409:8087:1a01:df::4041]:80/TVOD/88888888/224/3221225799/main.m3u8, IPv_Type: ipv6, Location: 中国, ISP: 中国移动, Date: None, Delay: -1 ms, Speed: 0.00 M/s, Resolution: None
Name: CCTV-3, URL: http://[2409:8087:1a01:df::4077]/ottrrs.hl.chinamobile.com/PLTV/88888888/8/3221226021/index.m3u8, IPv_Type: ipv6, Location: 中国, ISP: 中国移动, Date: None, Delay: -1 ms, Speed: 0.00 M/s, Resolution: None
Name: CCTV-3, URL: http://[2409:8087:1a01:df::4077]:80/ottrrs.hl.chinamobile.com/PLTV/88888888/8/3221226021/index.m3u8, IPv_Type: ipv6, Location: 中国, ISP: 中国移动, Date: None, Delay: -1 ms, Speed: 0.00 M/s, Resolution: None
Name: CCTV-3, URL: https://www.freetv.top/migu/624878271.m3u8?migutoken=583eb8c5c48e5b14a4f782b43058efc16d128e0d4fa47e5b0814dfe842c8a8951d803a45a71656bc7fff6ba305cfbcd3d55909a119e8d9c1456b3842378e809ded8d3aa6cd633c2eadcab87259, IPv_Type: ipv6, Location: 美国, ISP: Oracle Corporation, Date: None, Delay: -1 ms, Speed: 0.00 M/s, Resolution: None
Name: CCTV-3, URL: https://www.freetv.top/migu/624878271.m3u8?migutoken=ca824f02f6213b64bc94ece82f051a14d6b4b3a0a87493655d302b6c76e29668b57118071931e320faddacacabcb320684e805e3e5b3fdd4465a65f9bc6eac1ff4f24f1c0cde6a2a5cd9a8553a, IPv_Type: ipv6, Location: 美国, ISP: Oracle Corporation, Date: None, Delay: -1 ms, Speed: 0.00 M/s, Resolution: None
Name: CCTV-3, URL: http://wouu.net:9977/udp/239.93.1.11:2223, IPv_Type: ipv6, Location: 保留地址, ISP: 主机之间的链路本地地址, Date: None, Delay: -1 ms, Speed: 0.00 M/s, Resolution: None
Name: CCTV-3, URL: https://www.freetv.top/migu/624878271.m3u8?migutoken=6051cf0f824b7432a7e38cb90b50dbc8d5f9dbc684d357663ae821fb87ae233a45772b235431568e910e14c17b7496429d23d2b4b3501692941d1e6d364b2e35ccf5890eb0c31743c5dffaa2ef, IPv_Type: ipv6, Location: 美国, ISP: Oracle Corporation, Date: None, Delay: -1 ms, Speed: 0.00 M/s, Resolution: None
Name: CCTV-3, URL: https://www.freetv.top/migu/624878271.m3u8?migutoken=d2f5e7c9e37c0b31c1e675570e64cff15a1f3d4cc205147b55d1c5c9bb6dabbe7f90a086a034b81e426ec6972d34b1a781ff13dc117f082e339a9ed2a182bf981810fdf1dcec27a84fadf629e3, IPv_Type: ipv6, Location: 美国, ISP: Oracle Corporation, Date: None, Delay: -1 ms, Speed: 0.00 M/s, Resolution: None
Name: CCTV-3, URL: https://www.freetv.top/migu/624878271.m3u8?migutoken=26f112920b7d750d5c237dcfeea880c9e4f73d9f9c90ed6628cd1e3b0e4c1424eb700fa97ef3b1a8d3676d047db35285709219d8e971f98e2b095ef2d7c3c343a9df476c13a0daee16c74e7478, IPv_Type: ipv6, Location: 美国, ISP: Oracle Corporation, Date: None, Delay: -1 ms, Speed: 0.00 M/s, Resolution: None
Name: CCTV-3, URL: https://www.freetv.top/migu/624878271.m3u8?migutoken=e8d38daa280e2049e79abdee2d8546a2afea5b9e9c1a4713b05154116ba5f1133b046c7d4d52fcc0fda414c2208c7aa3a4cf2572926916023730b040718b8a6022093ebfc572f0ea281f1bb0b4, IPv_Type: ipv6, Location: 美国, ISP: Oracle Corporation, Date: None, Delay: -1 ms, Speed: 0.00 M/s, Resolution: None
Name: CCTV-3, URL: https://www.freetv.top/migu/624878271.m3u8?migutoken=51e795d34fc334fbfef3a00a9e095b441f8925223bf27482f2ced0a43e8533d469a5ced1cafaef5b17edf9089617ff31ded949f9e74e8844747cb04332f3d81a317734e4e8f189538db2f108a7, IPv_Type: ipv6, Location: 美国, ISP: Oracle Corporation, Date: None, Delay: -1 ms, Speed: 0.00 M/s, Resolution: None
Name: CCTV-3, URL: https://www.freetv.top/migu/624878271.m3u8?migutoken=ab337350191d49738c0947c4edfb2d72445dadbfd53e36b287a30881028262fffbe9ba284ac062a14452f0d90c7a75d16101edb3adc14999ae8771aabc77b40c78d14137bb14e68fd6cd1a8d67, IPv_Type: ipv6, Location: 美国, ISP: Oracle Corporation, Date: None, Delay: -1 ms, Speed: 0.00 M/s, Resolution: None
Name: CCTV-3, URL: https://www.freetv.top/migu/624878271.m3u8?migutoken=cc5fda32f92c3778b4ec917c6edfddfb427acd161372f4acf6deb16520a123904ce79198d9cf1f7cc96dea7795d561a75b2b3581a0bfcffa303d18f45a217ff78e8dcdaf915667846e1465145a, IPv_Type: ipv6, Location: 美国, ISP: Oracle Corporation, Date: None, Delay: -1 ms, Speed: 0.00 M/s, Resolution: None
Name: CCTV-3, URL: https://www.freetv.top/migu/624878271.m3u8?migutoken=380a18fe8dc81109270780918e605114ca218bcfa395aaa8682b605d1622439ffe7981dbd10f378c9c045f872d48dce39babcb012c7362dc8b21835e88fde6457bacaa4082c74879d64ad7aee4, IPv_Type: ipv6, Location: 美国, ISP: Oracle Corporation, Date: None, Delay: -1 ms, Speed: 0.00 M/s, Resolution: None
Name: CCTV-3, URL: https://stream1.freetv.fun/33711cece64c9077907fa3caea452361f539772402550ca53ae2c9b00a3211b3.m3u8, IPv_Type: ipv6, Location: 美国, ISP: CloudFlare Inc., Date: None, Delay: -1 ms, Speed: 0.00 M/s, Resolution: None
Name: CCTV-3, URL: https://www.freetv.top/migu/624878271.m3u8?migutoken=35ee1318e92e1d47aa4e9ad2f98c1ca771a9ca57db36d1e18c3a4fabedd68b40ee0c4c4724347e54708380241e58d714dde21dcbd0f2eff4373c9d9f7f1508646f22febd08f5c3a8c755f6ef1e, IPv_Type: ipv6, Location: 美国, ISP: Oracle Corporation, Date: None, Delay: -1 ms, Speed: 0.00 M/s, Resolution: None
Name: CCTV-3, URL: https://www.freetv.top/migu/624878271.m3u8?migutoken=2d13be95db5e58e97f6fa8da49abb89867168be140fac8df0accbbab11e6fc7f6e78cdef9168ed3f65951dadc9feafdc5ede7bbcc43c0d4c7f9510c146a2309333483f883a0be4b76da20ed280, IPv_Type: ipv6, Location: 美国, ISP: Oracle Corporation, Date: None, Delay: -1 ms, Speed: 0.00 M/s, Resolution: None
Name: CCTV-3, URL: http://www.freetv.top/migu/624878271.m3u8?migutoken=21306af96cf9259457600792df858b0d339bc7203aeb7e1a6ee6ec6ec3832a2736936029fe2583dcf971676870fdf0afbdee5be786e50af2ac6a8825673cc860d7988f44d0c5c4bc1931259698, IPv_Type: ipv6, Location: 美国, ISP: Oracle Corporation, Date: None, Delay: -1 ms, Speed: 0.00 M/s, Resolution: None
Name: CCTV-3, URL: http://[2409:8087:74f0:22::4]:6410/270000001111/1110000303/index.m3u8, IPv_Type: ipv6, Location: 中国, ISP: 中国移动, Date: None, Delay: -1 ms, Speed: 0.00 M/s, Resolution: None
Name: CCTV-3, URL: http://[2409:8087:1a01:df::7005]/ottrrs.hl.chinamobile.com/PLTV/88888888/224/3221226021/index.m3u8, IPv_Type: ipv6, Location: 中国, ISP: 中国移动, Date: None, Delay: -1 ms, Speed: 0.00 M/s, Resolution: None
Name: CCTV-3, URL: http://[2409:8087:1a01:df::7005]:80/ottrrs.hl.chinamobile.com/PLTV/88888888/224/3221226021/index.m3u8, IPv_Type: ipv6, Location: 中国, ISP: 中国移动, Date: None, Delay: -1 ms, Speed: 0.00 M/s, Resolution: None
Name: CCTV-3, URL: https://t.freetv.fun/live/cctv3.php, IPv_Type: ipv6, Location: 美国, ISP: CloudFlare Inc., Date: None, Delay: -1 ms, Speed: 0.00 M/s, Resolution: None
Name: CCTV-3, URL: https://t.freetv.fun/live/cctv3-11.php, IPv_Type: ipv6, Location: 美国, ISP: CloudFlare Inc., Date: None, Delay: -1 ms, Speed: 0.00 M/s, Resolution: None
Name: CCTV-3, URL: https://t.freetv.fun/live/cctv3-12.m3u8, IPv_Type: ipv6, Location: 美国, ISP: CloudFlare Inc., Date: None, Delay: -1 ms, Speed: 0.00 M/s, Resolution: None
Name: CCTV-3, URL: https://t.freetv.fun/live/cctv3-3.m3u8, IPv_Type: ipv6, Location: 美国, ISP: CloudFlare Inc., Date: None, Delay: -1 ms, Speed: 0.00 M/s, Resolution: None
Name: CCTV-3, URL: https://t.freetv.fun/live/cctv3-9.m3u8, IPv_Type: ipv6, Location: 美国, ISP: CloudFlare Inc., Date: None, Delay: -1 ms, Speed: 0.00 M/s, Resolution: None
Name: CCTV-3, URL: http://pull-hls-f11.douyincdn.com/media/stream-695352762328941228.m3u8?arch_hrchy=w1&exp_hrchy=w1&expire=1772235199&major_anchor_level=common&sign=444c148f32ebf4ccafa7b4a0be9f1f32&t_id=037-202602210733180810FE4D4E893275262F-rgO2QL, IPv_Type: ipv6, Location: 中国, ISP: 中国联通, Date: None, Delay: -1 ms, Speed: 0.00 M/s, Resolution: None
Name: CCTV-3, URL: https://t.freetv.fun/live/cctv3-1.m3u8, IPv_Type: ipv6, Location: 美国, ISP: CloudFlare Inc., Date: None, Delay: -1 ms, Speed: 0.00 M/s, Resolution: None
Name: CCTV-3, URL: http://[2409:8087:1a01:df::4077]/ottrrs.hl.chinamobile.com/PLTV/88888888/224/3221226021/index.m3u8, IPv_Type: ipv6, Location: 中国, ISP: 中国移动, Date: None, Delay: -1 ms, Speed: 0.00 M/s, Resolution: None
Name: CCTV-3, URL: http://38.75.136.137:98/gslb/dsdqbv/cctv3hd.m3u8?auth=test20251009, IPv_Type: ipv4, Location: 美国-哥伦比亚特区-哥伦比亚特区, ISP: Cogent, Date: None, Delay: 4174 ms, Speed: 0.91 M/s, Resolution: 1920x1080
Name: CCTV-4, URL: https://migu.188766.xyz/?migutoken=7776b5dc0797917fe83242bfebab12f8&id=CCTV4&type=yy, IPv_Type: ipv6, Location: 美国, ISP: CloudFlare Inc., Date: None, Delay: -1 ms, Speed: 0.00 M/s, Resolution: None
Name: CCTV-4, URL: https://migu.188766.xyz/?migutoken=dc40f44660e584cf2e6a859c044ce54d&id=CCTV4%E6%AC%A7%E6%B4%B2&type=yy, IPv_Type: ipv6, Location: 美国, ISP: CloudFlare Inc., Date: None, Delay: -1 ms, Speed: 0.00 M/s, Resolution: None
Name: CCTV-4, URL: https://migu.188766.xyz/?migutoken=c34e961a7db5cff26cd5fffd2fab55a9&id=CCTV4%E7%BE%8E%E6%B4%B2&type=yy, IPv_Type: ipv6, Location: 美国, ISP: CloudFlare Inc., Date: None, Delay: -1 ms, Speed: 0.00 M/s, Resolution: None
Name: CCTV-4, URL: https://iptv.catvod.com/live.php?id=CCTV4&line=1, IPv_Type: ipv6, Location: 美国, ISP: CloudFlare Inc., Date: None, Delay: -1 ms, Speed: 0.00 M/s, Resolution: None
Name: CCTV-4, URL: https://iptv.catvod.com/live.php?id=CCTV4&line=15, IPv_Type: ipv6, Location: 美国, ISP: CloudFlare Inc., Date: None, Delay: -1 ms, Speed: 0.00 M/s, Resolution: None
Name: CCTV-4, URL: https://iptv.catvod.com/live.php?id=CCTV4&line=9, IPv_Type: ipv6, Location: 美国, ISP: CloudFlare Inc., Date: None, Delay: -1 ms, Speed: 0.00 M/s, Resolution: None
Name: CCTV-4, URL: https://mgtv.ottiptv.cc/mg/631780421.m3u8?userid=5559462299&sign=04f8401684746059838fed293230b8832c4f7f3436b3e0cfe465ce51534259d2cc0ce849859d692b9ec039ba1fc718df25e97ab19d87cc2dc8aec8adddbd7cfc6dbc23470aab0fd7530dab0fe2debc4c5a&auth_token=1b99577efa5a3442ca4c7820d6e0b4e8, IPv_Type: ipv6, Location: 美国, ISP: Oracle Corporation, Date: None, Delay: -1 ms, Speed: 0.00 M/s, Resolution: None
Name: CCTV-4, URL: https://dash2.antik.sk/live/test_cctv_tizen/playlist.m3u8, IPv_Type: ipv6, Location: 斯洛伐克, ISP: , Date: None, Delay: -1 ms, Speed: 0.00 M/s, Resolution: None
Name: CCTV-4, URL: https://mgtv.ottiptv.cc/mg/608807416.m3u8?userid=5559462299&sign=8ceacbf5c42de44f0fc598b3d0657fef00ac3339c206f5eed2b98fe4983b1c3a37d88a1d80af5fba26c9275527d1a1965dafb3a975d758ed6b0fafeed46cb43be78c7ce377f2cac11243ef077383042460&auth_token=1b99577efa5a3442ca4c7820d6e0b4e8, IPv_Type: ipv6, Location: 美国, ISP: Oracle Corporation, Date: None, Delay: -1 ms, Speed: 0.00 M/s, Resolution: None
Name: CCTV-4, URL: https://mgtv.ottiptv.cc/mg/608807419.m3u8?userid=5559462299&sign=34efdad40c530d7be4a634243e3e2cbca0702cca6ed84b01c558a829d7853aa85cf3b44c39c998124efa2c749bebb1e059dc37c4ae59897164ee4ae5ad14bcdde2ada31d2c1ac2c9d65c13f9e5bc43cff3&auth_token=1b99577efa5a3442ca4c7820d6e0b4e8, IPv_Type: ipv6, Location: 美国, ISP: Oracle Corporation, Date: None, Delay: -1 ms, Speed: 0.00 M/s, Resolution: None
Name: CCTV-4, URL: http://[2409:8087:1a15:10d1::38]/ottrrs.hl.chinamobile.com/PLTV/88888888/224/3221226428/index.m3u8, IPv_Type: ipv6, Location: 中国, ISP: 中国移动, Date: None, Delay: -1 ms, Speed: 0.00 M/s, Resolution: None
Name: CCTV-4, URL: https://hls-gateway.vpstv.net/streams/476884.m3u8, IPv_Type: ipv6, Location: 美国, ISP: CloudFlare Inc., Date: None, Delay: -1 ms, Speed: 0.00 M/s, Resolution: None
Name: CCTV-4, URL: https://hls-gateway.vpstv.net/streams/709564.m3u8, IPv_Type: ipv6, Location: 美国, ISP: CloudFlare Inc., Date: None, Delay: -1 ms, Speed: 0.00 M/s, Resolution: None
Name: CCTV-4, URL: https://hls-gateway.vpstv.net/streams/709565.m3u8, IPv_Type: ipv6, Location: 美国, ISP: CloudFlare Inc., Date: None, Delay: -1 ms, Speed: 0.00 M/s, Resolution: None
Name: CCTV-4, URL: http://iptv.huuc.edu.cn/hls/cctv4hd.m3u8, IPv_Type: ipv6, Location: 中国, ISP: 教育网, Date: None, Delay: -1 ms, Speed: 0.00 M/s, Resolution: None
Name: CCTV-4, URL: http://[2409:8087:8:21::18]:6610/otttv.bj.chinamobile.com/PLTV/88888888/224/3221226335/1.m3u8, IPv_Type: ipv6, Location: 中国, ISP: 中国移动, Date: None, Delay: -1 ms, Speed: 0.00 M/s, Resolution: None
Name: CCTV-4, URL: https://migu.188766.xyz/?migutoken=7ae4e123a69dd9e76d154b9414e84009&id=CCTV4%E7%BE%8E%E6%B4%B2&type=yy, IPv_Type: ipv6, Location: 美国, ISP: CloudFlare Inc., Date: None, Delay: -1 ms, Speed: 0.00 M/s, Resolution: None
Name: CCTV-4, URL: http://[2409:8087:1a01:df::4077]/ottrrs.hl.chinamobile.com/PLTV/88888888/8/3221226007/index.m3u8, IPv_Type: ipv6, Location: 中国, ISP: 中国移动, Date: None, Delay: -1 ms, Speed: 0.00 M/s, Resolution: None
Name: CCTV-4, URL: http://[2409:8087:1a01:df::4077]:80/ottrrs.hl.chinamobile.com/PLTV/88888888/8/3221226007/index.m3u8, IPv_Type: ipv6, Location: 中国, ISP: 中国移动, Date: None, Delay: -1 ms, Speed: 0.00 M/s, Resolution: None
Name: CCTV-4, URL: https://www.freetv.top/migu/608807416.m3u8?migutoken=85c9fb128ac91587cf67086436bd4af8631774375811d0d14ba7158ffb2f56b528e7e92a2da4c2f8bd757394265b58efcbccdce316306a1dae700620a73e52c2ab049d8bd223c049567a8c10bf, IPv_Type: ipv6, Location: 美国, ISP: Oracle Corporation, Date: None, Delay: -1 ms, Speed: 0.00 M/s, Resolution: None
Name: CCTV-4, URL: http://wouu.net:9977/udp/239.93.1.105:5140, IPv_Type: ipv6, Location: 保留地址, ISP: 主机之间的链路本地地址, Date: None, Delay: -1 ms, Speed: 0.00 M/s, Resolution: None
Name: CCTV-4, URL: http://[2409:8087:1a01:df::4077]:80/ottrrs.hl.chinamobile.com/yinhe/88888888/8/3221226007/index.m3u8, IPv_Type: ipv6, Location: 中国, ISP: 中国移动, Date: None, Delay: -1 ms, Speed: 0.00 M/s, Resolution: None
Name: CCTV-4, URL: http://[2409:8087:1a01:df::4077]/ottrrs.hl.chinamobile.com/yinhe/88888888/8/3221226007/index.m3u8, IPv_Type: ipv6, Location: 中国, ISP: 中国移动, Date: None, Delay: -1 ms, Speed: 0.00 M/s, Resolution: None
Name: CCTV-4, URL: https://www.freetv.top/migu/608807419.m3u8?migutoken=e2fddc8b0c2fe505d1d8eada5b1f83dd20360ebfe0adcabfc7e64546305a240ee00c76ffab76b1d2091c9b93a868da387c465be6c1e7b46c66996127d6734102a426e7a3478c2fd972b071d5f2, IPv_Type: ipv6, Location: 美国, ISP: Oracle Corporation, Date: None, Delay: -1 ms, Speed: 0.00 M/s, Resolution: None
Name: CCTV-4, URL: https://www.freetv.top/migu/631780421.m3u8?migutoken=fefc6a44400a0dd448699ae0ce3d6e2c5a0f49b8d48adb36e747c4fbab039337eb3244f9951acbddaf26b7bf51597a7d1b43c8845e67fd5914ece875dcad325bb388200bc0f12fdff727d03e2d, IPv_Type: ipv6, Location: 美国, ISP: Oracle Corporation, Date: None, Delay: -1 ms, Speed: 0.00 M/s, Resolution: None
Name: CCTV-4, URL: https://www.freetv.top/migu/608807416.m3u8?migutoken=94d24df192f212e52d7c222dfab7df5ce4aad53db2766a6c4275a4c1e796cf13fb231906f792af9bc717ce1ccafa62165ebdc66b02fb0882cd5beac443921d36883a491d2b549a5509d63534e1, IPv_Type: ipv6, Location: 美国, ISP: Oracle Corporation, Date: None, Delay: -1 ms, Speed: 0.00 M/s, Resolution: None
Name: CCTV-4, URL: https://www.freetv.top/migu/608807419.m3u8?migutoken=6a212f7bbb565d15fa1837af03bca5806c8d1522a2c9b34b1ed1c0f3cd23e6d7c4761bb6b35c9de97d923f603f557e6edb2ee11c80decc83bddea897b5c7ac59a7efea8e4796cbbfcf1b3fc93c, IPv_Type: ipv6, Location: 美国, ISP: Oracle Corporation, Date: None, Delay: -1 ms, Speed: 0.00 M/s, Resolution: None
Name: CCTV-4, URL: https://www.freetv.top/migu/608807416.m3u8?migutoken=cfc1141967eb2f06f62caa8f87ecd004f5096e3d9013d45f3fbc7597bc6f8a5b22a7b29ff3e195b179467f54bb94620de38658b7c53f55144109671005f6b03a062dd1fc884e2169dbcb902874, IPv_Type: ipv6, Location: 美国, ISP: Oracle Corporation, Date: None, Delay: -1 ms, Speed: 0.00 M/s, Resolution: None
Name: CCTV-4, URL: https://stream1.freetv.fun/964a51445ff33a4d13e786b28b01992fa55022cfc28c81c5f24497d1131a5d18.m3u8, IPv_Type: ipv6, Location: 美国, ISP: CloudFlare Inc., Date: None, Delay: -1 ms, Speed: 0.00 M/s, Resolution: None
Name: CCTV-4, URL: https://www.freetv.top/migu/631780421.m3u8?migutoken=8dc7b786c408976ee73b6ee5a0e7bf7de8ed82ed22f8668130fa8f17f943f9aeefa99d71320e4b5ac6c57c70025c65d2b4c31a9dfca1ebed552d0e3d722521423806670cc55bb626ba456b64fe, IPv_Type: ipv6, Location: 美国, ISP: Oracle Corporation, Date: None, Delay: -1 ms, Speed: 0.00 M/s, Resolution: None
Name: CCTV-4, URL: http://www.freetv.top/migu/631780421.m3u8?migutoken=7acf39385ea80b0efa77b918418fcf998d00455e8b98e02dff92961440d989e3b7da00ef24731d327c410f2ef9ceb51e2137c20b2b606646542ce4643521747bf78b7533b3ec604bba63ffdf43, IPv_Type: ipv6, Location: 美国, ISP: Oracle Corporation, Date: None, Delay: -1 ms, Speed: 0.00 M/s, Resolution: None
Name: CCTV-4, URL: http://php.jdshipin.com:8880/bst2.php?id=cctv4k/15000000, IPv_Type: ipv6, Location: 美国, ISP: CloudFlare Inc., Date: None, Delay: -1 ms, Speed: 0.00 M/s, Resolution: None
Name: CCTV-4, URL: https://www.freetv.top/migu/631780421.m3u8?migutoken=9c479e166888f001e1fb4ab5502e734251c68075cd89836a715137a1a2a4b18b60e282b0f1a308d6641c282600bd8db3cef99cb15edd0ab61d81c4d76d154bb464e3a02a75b167298c4747ce6f, IPv_Type: ipv6, Location: 美国, ISP: Oracle Corporation, Date: None, Delay: -1 ms, Speed: 0.00 M/s, Resolution: None
Name: CCTV-4, URL: http://3501776.xyz:35455/itv/1000000005000265004.m3u8?cdn=ystenlive, IPv_Type: ipv6, Location: 中国, ISP: 中国电信, Date: None, Delay: -1 ms, Speed: 0.00 M/s, Resolution: None
Name: CCTV-4, URL: http://[2409:8087:74f0:22::4]:6410/270000001128/9900000503/index.m3u8, IPv_Type: ipv6, Location: 中国, ISP: 中国移动, Date: None, Delay: -1 ms, Speed: 0.00 M/s, Resolution: None
Name: CCTV-4, URL: http://[2409:8087:1a01:df::7005]/ottrrs.hl.chinamobile.com/PLTV/88888888/224/3221226428/index.m3u8, IPv_Type: ipv6, Location: 中国, ISP: 中国移动, Date: None, Delay: -1 ms, Speed: 0.00 M/s, Resolution: None
Name: CCTV-4, URL: http://[2409:8087:1a01:df::7005]:80/ottrrs.hl.chinamobile.com/PLTV/88888888/224/3221226428/index.m3u8, IPv_Type: ipv6, Location: 中国, ISP: 中国移动, Date: None, Delay: -1 ms, Speed: 0.00 M/s, Resolution: None
Name: CCTV-4, URL: http://pull-hls-f11.douyincdn.com/media/stream-695335700636631724.m3u8?arch_hrchy=w1&exp_hrchy=w1&expire=1771982455&major_anchor_level=common&sign=bf5d2a38dbd36c17375f61d8e4edb480&t_id=037-2026021809205598AC1BF8A04D6ED8E409-RatoWX, IPv_Type: ipv6, Location: 中国, ISP: 中国联通, Date: None, Delay: -1 ms, Speed: 0.00 M/s, Resolution: None
Name: CCTV-4, URL: https://t.freetv.fun/live/cctv4k.php, IPv_Type: ipv6, Location: 美国, ISP: CloudFlare Inc., Date: None, Delay: -1 ms, Speed: 0.00 M/s, Resolution: None
Name: CCTV-4, URL: https://t.freetv.fun/live/cctv4-2.php, IPv_Type: ipv6, Location: 美国, ISP: CloudFlare Inc., Date: None, Delay: -1 ms, Speed: 0.00 M/s, Resolution: None
Name: CCTV-4, URL: https://t.freetv.fun/live/cctv-4-zhong-wen-guo-ji-14.m3u8, IPv_Type: ipv6, Location: 美国, ISP: CloudFlare Inc., Date: None, Delay: -1 ms, Speed: 0.00 M/s, Resolution: None
Name: CCTV-4, URL: https://t.freetv.fun/live/cctv-4-zhong-wen-guo-ji-13.m3u8, IPv_Type: ipv6, Location: 美国, ISP: CloudFlare Inc., Date: None, Delay: -1 ms, Speed: 0.00 M/s, Resolution: None
Name: CCTV-4, URL: https://t.freetv.fun/live/cctv-4-zhong-wen-guo-ji-15.m3u8, IPv_Type: ipv6, Location: 美国, ISP: CloudFlare Inc., Date: None, Delay: -1 ms, Speed: 0.00 M/s, Resolution: None
Name: CCTV-4, URL: https://t.freetv.fun/live/cctv-4-zhong-wen-guo-ji-16.m3u8, IPv_Type: ipv6, Location: 美国, ISP: CloudFlare Inc., Date: None, Delay: -1 ms, Speed: 0.00 M/s, Resolution: None
Name: CCTV-4, URL: https://t.freetv.fun/live/cctv-4-zhong-wen-guo-ji-17.m3u8, IPv_Type: ipv6, Location: 美国, ISP: CloudFlare Inc., Date: None, Delay: -1 ms, Speed: 0.00 M/s, Resolution: None
Name: CCTV-4, URL: https://t.freetv.fun/live/cctv-4-zhong-wen-guo-ji-18.m3u8, IPv_Type: ipv6, Location: 美国, ISP: CloudFlare Inc., Date: None, Delay: -1 ms, Speed: 0.00 M/s, Resolution: None
Name: CCTV-4, URL: https://t.freetv.fun/live/cctv4-1.m3u8, IPv_Type: ipv6, Location: 美国, ISP: CloudFlare Inc., Date: None, Delay: -1 ms, Speed: 0.00 M/s, Resolution: None
Name: CCTV-4, URL: https://t.freetv.fun/live/cctv-4-zhong-wen-guo-ji-1.m3u8, IPv_Type: ipv6, Location: 美国, ISP: CloudFlare Inc., Date: None, Delay: -1 ms, Speed: 0.00 M/s, Resolution: None
Name: CCTV-4, URL: https://t.freetv.fun/live/cctv-4-zhong-wen-guo-ji-2.m3u8, IPv_Type: ipv6, Location: 美国, ISP: CloudFlare Inc., Date: None, Delay: -1 ms, Speed: 0.00 M/s, Resolution: None
Name: CCTV-4, URL: https://t.freetv.fun/live/cctv-4-zhong-wen-guo-ji.m3u8, IPv_Type: ipv6, Location: 美国, ISP: CloudFlare Inc., Date: None, Delay: -1 ms, Speed: 0.00 M/s, Resolution: None
Name: CCTV-4, URL: https://t.freetv.fun/live/cctv4-6.php, IPv_Type: ipv6, Location: 美国, ISP: CloudFlare Inc., Date: None, Delay: -1 ms, Speed: 0.00 M/s, Resolution: None
Name: CCTV-4, URL: https://t.freetv.fun/live/cctv4k-2.m3u8, IPv_Type: ipv6, Location: 美国, ISP: CloudFlare Inc., Date: None, Delay: -1 ms, Speed: 0.00 M/s, Resolution: None
Name: CCTV-4, URL: https://ytb.178.indevs.in/?id=7j92Myu2wzg, IPv_Type: ipv6, Location: 美国, ISP: CloudFlare Inc., Date: None, Delay: -1 ms, Speed: 0.00 M/s, Resolution: None
Name: CCTV-4, URL: https://ytb.178.indevs.in/?id=f6Kq93wnaZ8, IPv_Type: ipv6, Location: 美国, ISP: CloudFlare Inc., Date: None, Delay: -1 ms, Speed: 0.00 M/s, Resolution: None
Name: CCTV-4, URL: http://mgsp-zy2.live.miguvideo.com:8088/migu/kailu/cctv4hd265/51/20191230/index.m3u8?msisdn=2be6b2ec9fcf10d2c2457e2c710e172c&mdspid=&spid=699004&netType=0&sid=5500346947&pid=2028597139&timestamp=20260225080203&Channel_ID=0116_2600034600-99000-201600010010028&ProgramID=631780421&ParentNodeID=-99&assertID=5500346947&client_ip=218.28.233.106&SecurityKey=20260225080203&promotionId=&mvid=5101064235&mcid=500020&playurlVersion=WX-A1-9.2.1-RELEASE&userid=&jmhm=&videocodec=h265&appCode=miguvideo_android&bean=mgspad&tid=android&conFee=0&encrypt=ea63d88c263aced97b18295d97788535&sv=10004&ct=android, IPv_Type: ipv6, Location: 中国, ISP: 中国电信, Date: None, Delay: -1 ms, Speed: 0.00 M/s, Resolution: None
Name: CCTV-4, URL: http://mgsp-zy2.live.miguvideo.com:8088/migu/kailu/20200324/cctv4ouhd/51/index.m3u8?msisdn=2be6b2ec9fcf10d2c2457e2c710e172c&mdspid=&spid=699004&netType=0&sid=2200179315&pid=2028597139&timestamp=20260225080205&Channel_ID=0116_2600034600-99000-201600010010028&ProgramID=608807419&ParentNodeID=-99&assertID=2200179315&client_ip=218.28.233.106&SecurityKey=20260225080205&promotionId=&mvid=2200179315&mcid=500020&playurlVersion=WX-A1-9.2.1-RELEASE&userid=&jmhm=&videocodec=h264&appCode=miguvideo_android&bean=mgspad&tid=android&conFee=0&encrypt=7c3b36ae59d0951dfe0b8e2a0676a0cf&sv=10004&ct=android, IPv_Type: ipv6, Location: 中国, ISP: 中国电信, Date: None, Delay: -1 ms, Speed: 0.00 M/s, Resolution: None
Name: CCTV-4, URL: http://mgsp-yx2.live.miguvideo.com:8088/migu/kailu/20200324/cctv4meihd/51/index.m3u8?msisdn=2be6b2ec9fcf10d2c2457e2c710e172c&mdspid=&spid=699004&netType=0&sid=2200179344&pid=2028597139&timestamp=20260225080205&Channel_ID=0116_2600034600-99000-201600010010028&ProgramID=608807416&ParentNodeID=-99&assertID=2200179344&client_ip=218.28.233.106&SecurityKey=20260225080205&promotionId=&mvid=2200179344&mcid=500020&playurlVersion=WX-A1-9.2.1-RELEASE&userid=&jmhm=&videocodec=h264&appCode=miguvideo_android&bean=mgspad&tid=android&conFee=0&encrypt=4be7f2db3b6f76e3af0b3aef8ddfa01e&sv=10004&ct=android, IPv_Type: ipv6, Location: 中国, ISP: 中国电信, Date: None, Delay: -1 ms, Speed: 0.00 M/s, Resolution: None
Name: CCTV-4, URL: https://t.freetv.fun/live/cctv-4-zhong-wen-guo-ji-6.m3u8, IPv_Type: ipv6, Location: 美国, ISP: CloudFlare Inc., Date: None, Delay: -1 ms, Speed: 0.00 M/s, Resolution: None
Name: CCTV-4, URL: https://t.freetv.fun/live/cctv-4-zhong-wen-guo-ji-5.m3u8, IPv_Type: ipv6, Location: 美国, ISP: CloudFlare Inc., Date: None, Delay: -1 ms, Speed: 0.00 M/s, Resolution: None
Name: CCTV-4, URL: https://iptv.catvod.com/live.php?id=CCTV4&line=4, IPv_Type: ipv4, Location: 美国-加利福尼亚州-洛杉矶, ISP: IT7网络, Date: None, Delay: 402 ms, Speed: 9.85 M/s, Resolution: 1920x1080
Name: CCTV-4, URL: https://iptv.catvod.com/live.php?id=CCTV4&line=6, IPv_Type: ipv4, Location: 美国-加利福尼亚州-洛杉矶, ISP: IT7网络, Date: None, Delay: 426 ms, Speed: 9.55 M/s, Resolution: 1920x1080
Name: CCTV-4, URL: https://iptv.catvod.com/live.php?id=CCTV4&line=5, IPv_Type: ipv4, Location: 美国-加利福尼亚州-洛杉矶, ISP: IT7网络, Date: None, Delay: 547 ms, Speed: 7.33 M/s, Resolution: 1920x1080
Name: CCTV-4, URL: https://iptv.catvod.com/live.php?id=CCTV4&line=7, IPv_Type: ipv4, Location: 美国-加利福尼亚州-洛杉矶, ISP: IT7网络, Date: None, Delay: 683 ms, Speed: 5.77 M/s, Resolution: 1920x1080
Name: CCTV-4, URL: https://iptv.catvod.com/live.php?id=CCTV4&line=11, IPv_Type: ipv4, Location: 美国-加利福尼亚州-洛杉矶, ISP: IT7网络, Date: None, Delay: 2395 ms, Speed: 1.14 M/s, Resolution: 1280x720
Name: CCTV-4, URL: http://38.75.136.137:98/gslb/dsdqbv/cctv4hd.m3u8?auth=test20251009, IPv_Type: ipv4, Location: 美国-哥伦比亚特区-哥伦比亚特区, ISP: Cogent, Date: None, Delay: 4276 ms, Speed: 1.08 M/s, Resolution: 1920x1080
Name: CCTV-4, URL: https://iptv.catvod.com/live.php?id=CCTV4&line=8, IPv_Type: ipv4, Location: 美国-加利福尼亚州-洛杉矶, ISP: IT7网络, Date: None, Delay: 3715 ms, Speed: 1.02 M/s, Resolution: 1920x1080
Name: CCTV-4, URL: https://iptv.catvod.com/live.php?id=CCTV4&line=10, IPv_Type: ipv4, Location: 美国-加利福尼亚州-洛杉矶, ISP: IT7网络, Date: None, Delay: 3129 ms, Speed: 0.36 M/s, Resolution: 1920x1080
Name: CCTV-4, URL: https://global.cgtn.cicc.media.caton.cloud/master/cgtn-america.m3u8, IPv_Type: ipv4, Location: 英国, ISP: , Date: None, Delay: 7337 ms, Speed: 0.33 M/s, Resolution: 1920x1080
Name: CCTV-4, URL: http://drive.mxmy.net:8888/udp/239.3.1.105:8092, IPv_Type: ipv4, Location: 中国-北京-北京, ISP: 联通, Date: None, Delay: 499 ms, Speed: 0.09 M/s, Resolution: 1920x1080
Name: CCTV-4, URL: http://drive.mxmy.net:8888/udp/239.3.1.213:4220, IPv_Type: ipv4, Location: 中国-北京-北京, ISP: 联通, Date: None, Delay: 504 ms, Speed: 0.07 M/s, Resolution: 1920x1080
Name: CCTV-4, URL: http://home.yulei.online:9999/rtp/226.0.2.156:9160, IPv_Type: ipv4, Location: 中国-山西-太原, ISP: 联通, Date: None, Delay: 778 ms, Speed: 0.04 M/s, Resolution: 1920x1080
Name: CCTV-5, URL: https://migu.188766.xyz/?migutoken=dcf3e2dcb581b1bdb098bbc8adc69299&id=CCTV5&type=yy, IPv_Type: ipv6, Location: 美国, ISP: CloudFlare Inc., Date: None, Delay: -1 ms, Speed: 0.00 M/s, Resolution: None
Name: CCTV-5, URL: https://iptv.catvod.com/live.php?id=CCTV5, IPv_Type: ipv6, Location: 美国, ISP: CloudFlare Inc., Date: None, Delay: -1 ms, Speed: 0.00 M/s, Resolution: None
Name: CCTV-5, URL: https://iptv.catvod.com/live.php?id=CCTV5&line=8, IPv_Type: ipv6, Location: 美国, ISP: CloudFlare Inc., Date: None, Delay: -1 ms, Speed: 0.00 M/s, Resolution: None
Name: CCTV-5, URL: https://iptv.catvod.com/live.php?id=CCTV5&line=10, IPv_Type: ipv6, Location: 美国, ISP: CloudFlare Inc., Date: None, Delay: -1 ms, Speed: 0.00 M/s, Resolution: None
Name: CCTV-5, URL: https://iptv.catvod.com/live.php?id=CCTV5%2B, IPv_Type: ipv6, Location: 美国, ISP: CloudFlare Inc., Date: None, Delay: -1 ms, Speed: 0.00 M/s, Resolution: None
Name: CCTV-5, URL: http://iptv.huuc.edu.cn/hls/cctv5hd.m3u8, IPv_Type: ipv6, Location: 中国, ISP: 教育网, Date: None, Delay: -1 ms, Speed: 0.00 M/s, Resolution: None
Name: CCTV-5, URL: https://www.freetv.top/migu/641886683.m3u8?migutoken=3e5c01f93922de8d1c940fe15bb47349b27e8f7a2e624dde1a83dff3b2a80f58b7624151a3a4d00488edee34f202818557340903382fae02bb754084eb942bd50e59061df36fab62fb5b908903, IPv_Type: ipv6, Location: 美国, ISP: Oracle Corporation, Date: None, Delay: -1 ms, Speed: 0.00 M/s, Resolution: None
Name: CCTV-5, URL: https://mgtv.ottiptv.cc/mg/641886683.m3u8?userid=5559462299&sign=cf4d9e769aa9adf21df6e907252c0a30a8e6a140bc9c76f25c9d0b8940a43661e7826ba3cf9e37865871f2bd6028e788457628ce43a61b938fd0a2adcdab3e2d06d946d722fdc30998a3a0eeab223e7426&auth_token=1b99577efa5a3442ca4c7820d6e0b4e8, IPv_Type: ipv6, Location: 美国, ISP: Oracle Corporation, Date: None, Delay: -1 ms, Speed: 0.00 M/s, Resolution: None
Name: CCTV-5, URL: http://[2409:8087:1a15:10d1::39]/ottrrs.hl.chinamobile.com/PLTV/88888888/224/3221226019/index.m3u8, IPv_Type: ipv6, Location: 中国, ISP: 中国移动, Date: None, Delay: -1 ms, Speed: 0.00 M/s, Resolution: None
Name: CCTV-5, URL: https://hls-gateway.vpstv.net/streams/476885.m3u8, IPv_Type: ipv6, Location: 美国, ISP: CloudFlare Inc., Date: None, Delay: -1 ms, Speed: 0.00 M/s, Resolution: None
Name: CCTV-5, URL: https://ldcctvwbcdks.v.kcdnvip.com/ldcctvwbcd/cdrmldcctv5plus_1/index.m3u8?b=200-2100, IPv_Type: ipv6, Location: 中国, ISP: 中国联通, Date: None, Delay: -1 ms, Speed: 0.00 M/s, Resolution: None
Name: CCTV-5, URL: http://[2409:8087:8:21::18]:6610/otttv.bj.chinamobile.com/PLTV/88888888/224/3221226469/1.m3u8, IPv_Type: ipv6, Location: 中国, ISP: 中国移动, Date: None, Delay: -1 ms, Speed: 0.00 M/s, Resolution: None
Name: CCTV-5, URL: http://[2409:8087:1a01:df::4077]:80/ottrrs.hl.chinamobile.com/TVOD/88888888/224/3221226019/index.m3u8, IPv_Type: ipv6, Location: 中国, ISP: 中国移动, Date: None, Delay: -1 ms, Speed: 0.00 M/s, Resolution: None
Name: CCTV-5, URL: http://wouu.net:9977/udp/239.93.1.36:8004, IPv_Type: ipv6, Location: 保留地址, ISP: 主机之间的链路本地地址, Date: None, Delay: -1 ms, Speed: 0.00 M/s, Resolution: None
Name: CCTV-5, URL: http://[2409:8087:1a01:df::4077]/ottrrs.hl.chinamobile.com/yinhe/88888888/224/3221226019/index.m3u8, IPv_Type: ipv6, Location: 中国, ISP: 中国移动, Date: None, Delay: -1 ms, Speed: 0.00 M/s, Resolution: None
Name: CCTV-5, URL: http://[2409:8087:1a01:df::4077]:80/ottrrs.hl.chinamobile.com/PLTV/88888888/8/3221226019/index.m3u8, IPv_Type: ipv6, Location: 中国, ISP: 中国移动, Date: None, Delay: -1 ms, Speed: 0.00 M/s, Resolution: None
Name: CCTV-5, URL: http://[2409:8087:1a01:df::4077]:80/ottrrs.hl.chinamobile.com/PLTV/88888888/224/3221226019/index.m3u8, IPv_Type: ipv6, Location: 中国, ISP: 中国移动, Date: None, Delay: -1 ms, Speed: 0.00 M/s, Resolution: None
Name: CCTV-5, URL: http://[2409:8087:1a01:df::4077]:80/ottrrs.hl.chinamobile.com/yinhe/88888888/224/3221226019/index.m3u8, IPv_Type: ipv6, Location: 中国, ISP: 中国移动, Date: None, Delay: -1 ms, Speed: 0.00 M/s, Resolution: None
Name: CCTV-5, URL: http://[2409:8087:1a01:df::4077]/ottrrs.hl.chinamobile.com/PLTV/88888888/8/3221226019/index.m3u8, IPv_Type: ipv6, Location: 中国, ISP: 中国移动, Date: None, Delay: -1 ms, Speed: 0.00 M/s, Resolution: None
Name: CCTV-5, URL: https://www.freetv.top/migu/641886683.m3u8?migutoken=5419f38d020fc6c0f4160940012d9c60af8160fe26d1afc244d3171a5fb0eca4a95711596173fa41db6d1c1e8e14ed17b4612f21192afa5f3e8867b00bd25545464e545fd9abf66d5acdfe1313, IPv_Type: ipv6, Location: 美国, ISP: Oracle Corporation, Date: None, Delay: -1 ms, Speed: 0.00 M/s, Resolution: None
Name: CCTV-5, URL: https://www.freetv.top/migu/641886683.m3u8?migutoken=b9a1e6cdadb5b8fc55cd05842ff680e9431a4d403454162995bd1139d26f292521c72615e8117abc8d74479b46c5736b1db94eab7f190d661693f5f67f407d9aa7785ca59ef24515a844393c4e, IPv_Type: ipv6, Location: 美国, ISP: Oracle Corporation, Date: None, Delay: -1 ms, Speed: 0.00 M/s, Resolution: None
Name: CCTV-5, URL: https://www.freetv.top/migu/641886683.m3u8?migutoken=e81b62c9a59cfc35924052cd6081bd5635e726604b5e1a12a9ebf352c74951d3d9d3e6c6c1bfed528a9287e0b6c873ef6bc6c1d7651f14bc1687a58a136bb5a647b6bebed7cd999f07302554e2, IPv_Type: ipv6, Location: 美国, ISP: Oracle Corporation, Date: None, Delay: -1 ms, Speed: 0.00 M/s, Resolution: None
Name: CCTV-5, URL: https://www.freetv.top/migu/641886683.m3u8?migutoken=76643d97dedd9d3c8f942bccc253faeb22def73d3881bd632c23f126dbad7d21d9d9bd6e6e6a1b304806d9329d9aa09b7f511c452d571d618644122578b3e4981e7c99aec8a1b987a41d01276d, IPv_Type: ipv6, Location: 美国, ISP: Oracle Corporation, Date: None, Delay: -1 ms, Speed: 0.00 M/s, Resolution: None
Name: CCTV-5, URL: https://www.freetv.top/migu/641886683.m3u8?migutoken=2394bc3ac567cd8270631b1f612f28f996719523d72453a2d116e0f33d6e35016d1954f50d7ae0eae4743d3557d85b85dc048a8c45ac3d96c528fce533ceeb7febaa06283ebe688a04fa57379a, IPv_Type: ipv6, Location: 美国, ISP: Oracle Corporation, Date: None, Delay: -1 ms, Speed: 0.00 M/s, Resolution: None
Name: CCTV-5, URL: https://www.freetv.top/migu/641886683.m3u8?migutoken=13cc5084dacec107984b1a7783716f0b4d6205d02eda857fd393403d7db53274097bd692c96c6659920f5a71a931792d21535bdc3cfcfc05b2cf171f006a834f370f0e50d3727a799c636657c8, IPv_Type: ipv6, Location: 美国, ISP: Oracle Corporation, Date: None, Delay: -1 ms, Speed: 0.00 M/s, Resolution: None
Name: CCTV-5, URL: https://www.freetv.top/migu/641886683.m3u8?migutoken=f4028150ccebb24672bb134ff9263dc2fa555f760bd7f0624f98a260402d38ab91417925cf800517a7c1b877a15425e85b65b6a16be7fe88d145c2cb2d42af684846c5a89a5c22eb739e0e52cf, IPv_Type: ipv6, Location: 美国, ISP: Oracle Corporation, Date: None, Delay: -1 ms, Speed: 0.00 M/s, Resolution: None
Name: CCTV-5, URL: https://www.freetv.top/migu/641886683.m3u8?migutoken=2bece701b98f5c84ec8d9ea06069bd63dad2f968685a0779662a836d3b8378d260f903a5c31c63829fa75e4e249929827442d37f115a4dce2e072de50dfce8d01528143fc8d22033301a6b4432, IPv_Type: ipv6, Location: 美国, ISP: Oracle Corporation, Date: None, Delay: -1 ms, Speed: 0.00 M/s, Resolution: None
Name: CCTV-5, URL: https://www.freetv.top/migu/641886683.m3u8?migutoken=5f46d328a6ba4b17e3c54dd4c9542e6761b3b2b498ff12429b0664996d9561fcb2fbb67556b110f56102b207c8cd9feb8c0fbe2cbbadf8e18bc3fe6fc78ee06a9cb59dfc8ba532ebef77d7cf2a, IPv_Type: ipv6, Location: 美国, ISP: Oracle Corporation, Date: None, Delay: -1 ms, Speed: 0.00 M/s, Resolution: None
Name: CCTV-5, URL: http://3501776.xyz:35455/gaoma/cctv5.m3u8, IPv_Type: ipv6, Location: 中国, ISP: 中国电信, Date: None, Delay: -1 ms, Speed: 0.00 M/s, Resolution: None
Name: CCTV-5, URL: https://stream1.freetv.fun/ipv6-cctv-5-12.m3u8, IPv_Type: ipv6, Location: 美国, ISP: CloudFlare Inc., Date: None, Delay: -1 ms, Speed: 0.00 M/s, Resolution: None
Name: CCTV-5, URL: https://www.freetv.top/migu/641886683.m3u8?migutoken=6e3c4a6fba0be5e4060d1c8abab920c2a8ee3308ee2e5a373bad466d9c1c0c3815b96ff56d6b8aab1f7440fc34813d288efe932e05cf0594d7b1a4eaa542a95508f64bbc8423a4e814954a0913, IPv_Type: ipv6, Location: 美国, ISP: Oracle Corporation, Date: None, Delay: -1 ms, Speed: 0.00 M/s, Resolution: None
Name: CCTV-5, URL: http://www.freetv.top/migu/641886683.m3u8?migutoken=cea30189b17e30fb3b4876609eb6e3128f840f8ab5db6f9643403213dc9980613938be69b13fe0290d2c44f0052b78d90c669a2f92e28951f92da861b7cba070b55ec1b4fe1a92a2c133c43c4c, IPv_Type: ipv6, Location: 美国, ISP: Oracle Corporation, Date: None, Delay: -1 ms, Speed: 0.00 M/s, Resolution: None
Name: CCTV-5, URL: https://www.freetv.top/migu/641886683.m3u8?migutoken=07b0c4931b9605a1f5d919c04b761491cc8441c89de4ef653300b0fca459d6285df7d91ed33cd27d0d9f37734d8857e83c5b8fa379272c30c6fa2e0af7f64aba625f148d2e4fad1d65a839e723, IPv_Type: ipv6, Location: 美国, ISP: Oracle Corporation, Date: None, Delay: -1 ms, Speed: 0.00 M/s, Resolution: None
Name: CCTV-5, URL: http://[2409:8087:74f0:22::4]:6410/270000001111/1110000305/index.m3u8, IPv_Type: ipv6, Location: 中国, ISP: 中国移动, Date: None, Delay: -1 ms, Speed: 0.00 M/s, Resolution: None
Name: CCTV-5, URL: http://[2409:8087:1a01:df::7005]/ottrrs.hl.chinamobile.com/PLTV/88888888/224/3221226019/index.m3u8, IPv_Type: ipv6, Location: 中国, ISP: 中国移动, Date: None, Delay: -1 ms, Speed: 0.00 M/s, Resolution: None
Name: CCTV-5, URL: http://[2409:8087:1a01:df::7005]:80/ottrrs.hl.chinamobile.com/PLTV/88888888/224/3221226019/index.m3u8, IPv_Type: ipv6, Location: 中国, ISP: 中国移动, Date: None, Delay: -1 ms, Speed: 0.00 M/s, Resolution: None
Name: CCTV-5, URL: https://t.freetv.fun/live/cctv5-4.php, IPv_Type: ipv6, Location: 美国, ISP: CloudFlare Inc., Date: None, Delay: -1 ms, Speed: 0.00 M/s, Resolution: None
Name: CCTV-5, URL: https://t.freetv.fun/live/cctv5-1.m3u8, IPv_Type: ipv6, Location: 美国, ISP: CloudFlare Inc., Date: None, Delay: -1 ms, Speed: 0.00 M/s, Resolution: None
Name: CCTV-5, URL: http://[2409:8087:1a01:df::4077]/ottrrs.hl.chinamobile.com/PLTV/88888888/224/3221226019/index.m3u8, IPv_Type: ipv6, Location: 中国, ISP: 中国移动, Date: None, Delay: -1 ms, Speed: 0.00 M/s, Resolution: None
Name: CCTV-5, URL: http://wouu.net:9977/udp/239.93.42.37:5140, IPv_Type: ipv6, Location: 保留地址, ISP: 主机之间的链路本地地址, Date: None, Delay: -1 ms, Speed: 0.00 M/s, Resolution: None
Name: CCTV-5, URL: https://iptv.catvod.com/live.php?id=CCTV5&line=7, IPv_Type: ipv4, Location: 美国-加利福尼亚州-洛杉矶, ISP: IT7网络, Date: None, Delay: 93 ms, Speed: 13.33 M/s, Resolution: 1920x1080
Name: CCTV-5, URL: https://iptv.catvod.com/live.php?id=CCTV5&line=6, IPv_Type: ipv4, Location: 美国-加利福尼亚州-洛杉矶, ISP: IT7网络, Date: None, Delay: 81 ms, Speed: 13.22 M/s, Resolution: 1920x1080
Name: CCTV-5, URL: https://iptv.catvod.com/live.php?id=CCTV5&line=11, IPv_Type: ipv4, Location: 美国-加利福尼亚州-洛杉矶, ISP: IT7网络, Date: None, Delay: 76 ms, Speed: 13.01 M/s, Resolution: 1920x1080
Name: CCTV-5, URL: https://iptv.catvod.com/live.php?id=CCTV5&line=15, IPv_Type: ipv4, Location: 美国-加利福尼亚州-洛杉矶, ISP: IT7网络, Date: None, Delay: 84 ms, Speed: 12.94 M/s, Resolution: 1920x1080
Name: CCTV-5, URL: https://iptv.catvod.com/live.php?id=CCTV5&line=9, IPv_Type: ipv4, Location: 美国-加利福尼亚州-洛杉矶, ISP: IT7网络, Date: None, Delay: 79 ms, Speed: 12.82 M/s, Resolution: 1920x1080
Name: CCTV-5, URL: https://iptv.catvod.com/live.php?id=CCTV5&line=12, IPv_Type: ipv4, Location: 美国-加利福尼亚州-洛杉矶, ISP: IT7网络, Date: None, Delay: 80 ms, Speed: 11.94 M/s, Resolution: 1920x1080
Name: CCTV-5, URL: https://iptv.catvod.com/live.php?id=CCTV5&line=14, IPv_Type: ipv4, Location: 美国-加利福尼亚州-洛杉矶, ISP: IT7网络, Date: None, Delay: 98 ms, Speed: 10.92 M/s, Resolution: 1920x1080
Name: CCTV-5, URL: https://iptv.catvod.com/live.php?id=CCTV5&line=13, IPv_Type: ipv4, Location: 美国-加利福尼亚州-洛杉矶, ISP: IT7网络, Date: None, Delay: 100 ms, Speed: 10.77 M/s, Resolution: 1920x1080
Name: CCTV-5, URL: http://38.75.136.137:98/gslb/dsdqbv/cctv5p.m3u8?auth=test20251009, IPv_Type: ipv4, Location: 美国-哥伦比亚特区-哥伦比亚特区, ISP: Cogent, Date: None, Delay: 1952 ms, Speed: 2.16 M/s, Resolution: 1920x1080
Name: CCTV-5, URL: http://38.75.136.137:98/gslb/dsdqbv/cctv5hd.m3u8?auth=test20251009, IPv_Type: ipv4, Location: 美国-哥伦比亚特区-哥伦比亚特区, ISP: Cogent, Date: None, Delay: 4241 ms, Speed: 0.92 M/s, Resolution: 1920x1080
Name: CCTV-5+, URL: https://migu.188766.xyz/?migutoken=6d886c0f15d0bf9538a83bac01fdf117&id=CCTV5p&type=yy, IPv_Type: ipv6, Location: 美国, ISP: CloudFlare Inc., Date: None, Delay: -1 ms, Speed: 0.00 M/s, Resolution: None
Name: CCTV-5+, URL: https://iptv.catvod.com/live.php?id=CCTV5%2B&line=2, IPv_Type: ipv6, Location: 美国, ISP: CloudFlare Inc., Date: None, Delay: -1 ms, Speed: 0.00 M/s, Resolution: None
Name: CCTV-5+, URL: https://iptv.catvod.com/live.php?id=CCTV5%2B&line=1, IPv_Type: ipv6, Location: 美国, ISP: CloudFlare Inc., Date: None, Delay: -1 ms, Speed: 0.00 M/s, Resolution: None
Name: CCTV-5+, URL: https://iptv.catvod.com/live.php?id=CCTV5%2B&line=3, IPv_Type: ipv6, Location: 美国, ISP: CloudFlare Inc., Date: None, Delay: -1 ms, Speed: 0.00 M/s, Resolution: None
Name: CCTV-5+, URL: https://www.freetv.top/migu/641886773.m3u8?migutoken=03a1b82e35e58cd89a95034ecb29e77e50493397000ec2b1e4d1ce59af01e6420d6dbc068c8230ec03be3a35a20eed8714e0959e3570a08713a7a2e8d86085eabf8f1aa85744c80c38343988b2, IPv_Type: ipv6, Location: 美国, ISP: Oracle Corporation, Date: None, Delay: -1 ms, Speed: 0.00 M/s, Resolution: None
Name: CCTV-5+, URL: http://[2409:8087:1a01:df::4077]/ottrrs.hl.chinamobile.com/PLTV/88888888/8/3221225603/index.m3u8, IPv_Type: ipv6, Location: 中国, ISP: 中国移动, Date: None, Delay: -1 ms, Speed: 0.00 M/s, Resolution: None
Name: CCTV-5+, URL: https://smart.pendy.dpdns.org/Smart.php?id=cctv5plus, IPv_Type: ipv6, Location: 美国, ISP: CloudFlare Inc., Date: None, Delay: -1 ms, Speed: 0.00 M/s, Resolution: None
Name: CCTV-5+, URL: http://[2409:8087:1a01:df::4077]/ottrrs.hl.chinamobile.com/PLTV/88888888/224/3221225603/index.m3u8, IPv_Type: ipv6, Location: 中国, ISP: 中国移动, Date: None, Delay: -1 ms, Speed: 0.00 M/s, Resolution: None
Name: CCTV-5+, URL: http://[2409:8087:1a0a:df::404b]/ottrrs.hl.chinamobile.com/TVOD/88888888/224/3221225603/index.m3u8, IPv_Type: ipv6, Location: 中国, ISP: 中国移动, Date: None, Delay: -1 ms, Speed: 0.00 M/s, Resolution: None
Name: CCTV-5+, URL: https://mgtv.ottiptv.cc/mg/641886773.m3u8?userid=5559462299&sign=dccf24453800d8bba2183f44e75221048975cf6f40880968e9b7232906454fce8dd978084ca41bb069f541753481c4df9c660855fb30e6c0adec5890880549f3abb48c728df0b2b3fb2370c1fc7d5ab57c&auth_token=1b99577efa5a3442ca4c7820d6e0b4e8, IPv_Type: ipv6, Location: 美国, ISP: Oracle Corporation, Date: None, Delay: -1 ms, Speed: 0.00 M/s, Resolution: None
Name: CCTV-5+, URL: http://[2409:8087:1a15:10d1::37]/ottrrs.hl.chinamobile.com/PLTV/88888888/224/3221225603/index.m3u8, IPv_Type: ipv6, Location: 中国, ISP: 中国移动, Date: None, Delay: -1 ms, Speed: 0.00 M/s, Resolution: None
Name: CCTV-5+, URL: https://hls-gateway.vpstv.net/streams/476888.m3u8, IPv_Type: ipv6, Location: 美国, ISP: CloudFlare Inc., Date: None, Delay: -1 ms, Speed: 0.00 M/s, Resolution: None
Name: CCTV-5+, URL: http://[2409:8087:8:21::18]:6610/otttv.bj.chinamobile.com/PLTV/88888888/224/3221226894/1.m3u8, IPv_Type: ipv6, Location: 中国, ISP: 中国移动, Date: None, Delay: -1 ms, Speed: 0.00 M/s, Resolution: None
Name: CCTV-5+, URL: https://migu.188766.xyz/?migutoken=c3e201f8234bdc5058d47b7a890e74a5&id=CCTV5p&type=yy, IPv_Type: ipv6, Location: 美国, ISP: CloudFlare Inc., Date: None, Delay: -1 ms, Speed: 0.00 M/s, Resolution: None
Name: CCTV-5+, URL: http://[2409:8087:1a01:df::4077]:80/ottrrs.hl.chinamobile.com/PLTV/88888888/8/3221225603/index.m3u8, IPv_Type: ipv6, Location: 中国, ISP: 中国移动, Date: None, Delay: -1 ms, Speed: 0.00 M/s, Resolution: None
Name: CCTV-5+, URL: http://[2409:8087:1a01:df::4077]:80/ottrrs.hl.chinamobile.com/PLTV/88888888/224/3221225603/index.m3u8, IPv_Type: ipv6, Location: 中国, ISP: 中国移动, Date: None, Delay: -1 ms, Speed: 0.00 M/s, Resolution: None
Name: CCTV-5+, URL: https://www.freetv.top/migu/641886773.m3u8?migutoken=21c23fcaff7e7a82aa520fc15813e6896ca424dc252d40d750cae121ec1d821b7ee9f67e7e361a2299c83415fc12c810f27816d6433288b01f7f637cd82c2a8b07e616a7d1042eccab80bbec3d, IPv_Type: ipv6, Location: 美国, ISP: Oracle Corporation, Date: None, Delay: -1 ms, Speed: 0.00 M/s, Resolution: None
Name: CCTV-5+, URL: http://[2409:8087:1a01:df::4077]:80/ottrrs.hl.chinamobile.com/yinhe/88888888/224/3221225603/index.m3u8, IPv_Type: ipv6, Location: 中国, ISP: 中国移动, Date: None, Delay: -1 ms, Speed: 0.00 M/s, Resolution: None
Name: CCTV-5+, URL: http://[2409:8087:1a01:df::4077]/ottrrs.hl.chinamobile.com/yinhe/88888888/224/3221225603/index.m3u8, IPv_Type: ipv6, Location: 中国, ISP: 中国移动, Date: None, Delay: -1 ms, Speed: 0.00 M/s, Resolution: None
Name: CCTV-5+, URL: https://www.freetv.top/migu/641886773.m3u8?migutoken=04826a9d5cfc1d3166ded238eb3806d3454207482687b55dbe79a6feb6b4c046e0698d1e7b284da304040eae0ba7b6e833ace3e48213d98981589f226722524cddab32a63d58c1c4e60a091000, IPv_Type: ipv6, Location: 美国, ISP: Oracle Corporation, Date: None, Delay: -1 ms, Speed: 0.00 M/s, Resolution: None
Name: CCTV-5+, URL: https://www.freetv.top/migu/641886773.m3u8?migutoken=90ec1fec9d68b81a57600447989d07f36991aa61b8c4326b157e808a9708936512eae4c6777deb137597da627c6aeda1c609f4dd009d434672c6798fba04c925fe43bcecf3fa6847f848e962a8, IPv_Type: ipv6, Location: 美国, ISP: Oracle Corporation, Date: None, Delay: -1 ms, Speed: 0.00 M/s, Resolution: None
Name: CCTV-5+, URL: https://www.freetv.top/migu/641886773.m3u8?migutoken=2725923dc731f340aa761620c3dc1841866d2a5734af94919f920321144434ccb32107fea453a21d739f1acbd6dc1df1c659dfc3ed4f15502642b270cfa4c2716fe012c9b9686f4c1ca82c3cc8, IPv_Type: ipv6, Location: 美国, ISP: Oracle Corporation, Date: None, Delay: -1 ms, Speed: 0.00 M/s, Resolution: None
Name: CCTV-5+, URL: https://www.freetv.top/migu/641886773.m3u8?migutoken=d79923540b82c440681df5ec1922b77d612bf548b5e32ff4626a92ddf4935a6d91268da66b6f205ad0ad05a3e8f3df71e61d2f93679ac0c9ce72edcb607da33c0dedc1b5f60835ba726e273f9b, IPv_Type: ipv6, Location: 美国, ISP: Oracle Corporation, Date: None, Delay: -1 ms, Speed: 0.00 M/s, Resolution: None
Name: CCTV-5+, URL: https://www.freetv.top/migu/641886773.m3u8?migutoken=d7396c05a877872a7519b5df4582a7a4bdf13c82d09889e561f50d0035f006d199741b00d465e4e41b0f706bccfe3420f5d427961e7698ad2a8b8d82d9d320a827310f6c8a7d1c8f203c91b392, IPv_Type: ipv6, Location: 美国, ISP: Oracle Corporation, Date: None, Delay: -1 ms, Speed: 0.00 M/s, Resolution: None
Name: CCTV-5+, URL: https://www.freetv.top/migu/641886773.m3u8?migutoken=408252ae4ee84d4533a52e87dc35e108f3557992d0837a3c98af9093fccdb78373328e743136467868d2125b1fa35c3f4d576327db5e3ec96ec3108e28e950fb462f2dc81da44be8ae43ebe0ce, IPv_Type: ipv6, Location: 美国, ISP: Oracle Corporation, Date: None, Delay: -1 ms, Speed: 0.00 M/s, Resolution: None
Name: CCTV-5+, URL: http://3501776.xyz:35455/itv/1000000005000265016.m3u8?cdn=ystenlive, IPv_Type: ipv6, Location: 中国, ISP: 中国电信, Date: None, Delay: -1 ms, Speed: 0.00 M/s, Resolution: None
Name: CCTV-5+, URL: http://[2409:8087:74f0:22::4]:6410/270000001111/1110000306/index.m3u8, IPv_Type: ipv6, Location: 中国, ISP: 中国移动, Date: None, Delay: -1 ms, Speed: 0.00 M/s, Resolution: None
Name: CCTV-5+, URL: http://[2409:8087:74f0:22::4]:6410/270000001128/9900000506/index.m3u8, IPv_Type: ipv6, Location: 中国, ISP: 中国移动, Date: None, Delay: -1 ms, Speed: 0.00 M/s, Resolution: None
Name: CCTV-5+, URL: http://[2409:8087:74f0:22::4]:6410/270000001128/9900000507/index.m3u8, IPv_Type: ipv6, Location: 中国, ISP: 中国移动, Date: None, Delay: -1 ms, Speed: 0.00 M/s, Resolution: None
Name: CCTV-5+, URL: http://[2409:8087:1a01:df::7005]/ottrrs.hl.chinamobile.com/PLTV/88888888/224/3221225603/index.m3u8, IPv_Type: ipv6, Location: 中国, ISP: 中国移动, Date: None, Delay: -1 ms, Speed: 0.00 M/s, Resolution: None
Name: CCTV-5+, URL: http://[2409:8087:1a01:df::7005]:80/ottrrs.hl.chinamobile.com/PLTV/88888888/224/3221225603/index.m3u8, IPv_Type: ipv6, Location: 中国, ISP: 中国移动, Date: None, Delay: -1 ms, Speed: 0.00 M/s, Resolution: None
Name: CCTV-5+, URL: https://t.freetv.fun/live/cctv5-plus.m3u8, IPv_Type: ipv6, Location: 美国, ISP: CloudFlare Inc., Date: None, Delay: -1 ms, Speed: 0.00 M/s, Resolution: None
Name: CCTV-5+, URL: http://mgsp-yx2.live.miguvideo.com:8088/wd_r2/cctv/cctv5plusnew/1200/index.m3u8?msisdn=2be6b2ec9fcf10d2c2457e2c710e172c&mdspid=&spid=699004&netType=0&sid=5500516288&pid=2028597139&timestamp=20260225080204&Channel_ID=0116_2600034600-99000-201600010010028&ProgramID=641886773&ParentNodeID=-99&assertID=5500516288&client_ip=218.28.233.106&SecurityKey=20260225080204&promotionId=&mvid=5102048803&mcid=500020&playurlVersion=WX-A1-9.2.1-RELEASE&userid=&jmhm=&videocodec=h264&appCode=miguvideo_android&bean=mgspad&tid=android&conFee=0&encrypt=79c09b0be62466ce7b8f5f168e077b8e&sv=10004&ct=android, IPv_Type: ipv6, Location: 中国, ISP: 中国电信, Date: None, Delay: -1 ms, Speed: 0.00 M/s, Resolution: None
Name: CCTV-5+, URL: https://t.freetv.fun/live/cctv5-plus-2.php, IPv_Type: ipv6, Location: 美国, ISP: CloudFlare Inc., Date: None, Delay: -1 ms, Speed: 0.00 M/s, Resolution: None
Name: CCTV-5+, URL: https://t.freetv.fun/live/cctv5-plus-5.m3u8, IPv_Type: ipv6, Location: 美国, ISP: CloudFlare Inc., Date: None, Delay: -1 ms, Speed: 0.00 M/s, Resolution: None
Name: CCTV-5+, URL: https://iptv.catvod.com/live.php?id=CCTV5%2B&line=4, IPv_Type: ipv4, Location: 美国-加利福尼亚州-洛杉矶, ISP: IT7网络, Date: None, Delay: 81 ms, Speed: 13.70 M/s, Resolution: 1920x1080
Name: CCTV-5+, URL: http://drive.mxmy.net:8888/udp/239.3.1.130:8004, IPv_Type: ipv4, Location: 中国-北京-北京, ISP: 联通, Date: None, Delay: 498 ms, Speed: 0.07 M/s, Resolution: 1920x1080
Name: CCTV-6, URL: https://migu.188766.xyz/?migutoken=d5f13309fd1a6f99fc0a6d9d52a7214e&id=CCTV6&type=yy, IPv_Type: ipv6, Location: 美国, ISP: CloudFlare Inc., Date: None, Delay: -1 ms, Speed: 0.00 M/s, Resolution: None
Name: CCTV-6, URL: https://iptv.catvod.com/live.php?id=CCTV6&line=7, IPv_Type: ipv6, Location: 美国, ISP: CloudFlare Inc., Date: None, Delay: -1 ms, Speed: 0.00 M/s, Resolution: None
Name: CCTV-6, URL: https://iptv.catvod.com/live.php?id=CCTV6&line=9, IPv_Type: ipv6, Location: 美国, ISP: CloudFlare Inc., Date: None, Delay: -1 ms, Speed: 0.00 M/s, Resolution: None
Name: CCTV-6, URL: https://iptv.catvod.com/live.php?id=CCTV6&line=13, IPv_Type: ipv6, Location: 美国, ISP: CloudFlare Inc., Date: None, Delay: -1 ms, Speed: 0.00 M/s, Resolution: None
Name: CCTV-6, URL: https://iptv.catvod.com/live.php?id=CCTV6&line=11, IPv_Type: ipv6, Location: 美国, ISP: CloudFlare Inc., Date: None, Delay: -1 ms, Speed: 0.00 M/s, Resolution: None
Name: CCTV-6, URL: https://iptv.catvod.com/live.php?id=CCTV6&line=5, IPv_Type: ipv6, Location: 美国, ISP: CloudFlare Inc., Date: None, Delay: -1 ms, Speed: 0.00 M/s, Resolution: None
Name: CCTV-6, URL: https://mgtv.ottiptv.cc/mg/624878396.m3u8?userid=5559462299&sign=20d05bfb58d49d70c5aa97e27ae974ea0a9b6ec7d2b89eebbbc47275bd74be0464928d8eeba946966e4071daac89b10208910f92babc3958948f643b3e5d348c59859c5bdc5056a0939d09dbc2a3d3e404&auth_token=1b99577efa5a3442ca4c7820d6e0b4e8, IPv_Type: ipv6, Location: 美国, ISP: Oracle Corporation, Date: None, Delay: -1 ms, Speed: 0.00 M/s, Resolution: None
Name: CCTV-6, URL: http://[2409:8087:1a15:10d1::34]/ottrrs.hl.chinamobile.com/PLTV/88888888/224/3221226010/index.m3u8, IPv_Type: ipv6, Location: 中国, ISP: 中国移动, Date: None, Delay: -1 ms, Speed: 0.00 M/s, Resolution: None
Name: CCTV-6, URL: https://hls-gateway.vpstv.net/streams/476890.m3u8, IPv_Type: ipv6, Location: 美国, ISP: CloudFlare Inc., Date: None, Delay: -1 ms, Speed: 0.00 M/s, Resolution: None
Name: CCTV-6, URL: http://iptv.huuc.edu.cn/hls/cctv6hd.m3u8, IPv_Type: ipv6, Location: 中国, ISP: 教育网, Date: None, Delay: -1 ms, Speed: 0.00 M/s, Resolution: None
Name: CCTV-6, URL: http://[2409:8087:8:21::18]:6610/otttv.bj.chinamobile.com/PLTV/88888888/224/3221226468/1.m3u8, IPv_Type: ipv6, Location: 中国, ISP: 中国移动, Date: None, Delay: -1 ms, Speed: 0.00 M/s, Resolution: None
Name: CCTV-6, URL: http://[2409:8087:1a01:df::4077]:80/ottrrs.hl.chinamobile.com/TVOD/88888888/224/3221226010/index.m3u8, IPv_Type: ipv6, Location: 中国, ISP: 中国移动, Date: None, Delay: -1 ms, Speed: 0.00 M/s, Resolution: None
Name: CCTV-6, URL: http://[2409:8087:1a01:df::4077]:80/ottrrs.hl.chinamobile.com/PLTV/88888888/224/3221226010/1.m3u8, IPv_Type: ipv6, Location: 中国, ISP: 中国移动, Date: None, Delay: -1 ms, Speed: 0.00 M/s, Resolution: None
Name: CCTV-6, URL: http://[2409:8087:1a01:df::4077]/ottrrs.hl.chinamobile.com/PLTV/88888888/8/3221226010/index.m3u8, IPv_Type: ipv6, Location: 中国, ISP: 中国移动, Date: None, Delay: -1 ms, Speed: 0.00 M/s, Resolution: None
Name: CCTV-6, URL: http://[2409:8087:1a01:df::4077]/ottrrs.hl.chinamobile.com/PLTV/88888888/224/3221226010/1.m3u8?icpid=88888888&from=1&hms_devid=1012&vqe=3, IPv_Type: ipv6, Location: 中国, ISP: 中国移动, Date: None, Delay: -1 ms, Speed: 0.00 M/s, Resolution: None
Name: CCTV-6, URL: http://[2409:8087:1a01:df::4077]/ottrrs.hl.chinamobile.com/yinhe/88888888/224/3221226010/index.m3u8, IPv_Type: ipv6, Location: 中国, ISP: 中国移动, Date: None, Delay: -1 ms, Speed: 0.00 M/s, Resolution: None
Name: CCTV-6, URL: http://[2409:8087:1a01:df::4077]:80/ottrrs.hl.chinamobile.com/PLTV/88888888/224/3221226010/index.m3u8, IPv_Type: ipv6, Location: 中国, ISP: 中国移动, Date: None, Delay: -1 ms, Speed: 0.00 M/s, Resolution: None
Name: CCTV-6, URL: http://[2409:8087:1a01:df::4077]:80/ottrrs.hl.chinamobile.com/PLTV/88888888/8/3221226010/index.m3u8, IPv_Type: ipv6, Location: 中国, ISP: 中国移动, Date: None, Delay: -1 ms, Speed: 0.00 M/s, Resolution: None
Name: CCTV-6, URL: http://[2409:8087:1a01:df::4077]:80/ottrrs.hl.chinamobile.com/yinhe/88888888/224/3221226010/index.m3u8, IPv_Type: ipv6, Location: 中国, ISP: 中国移动, Date: None, Delay: -1 ms, Speed: 0.00 M/s, Resolution: None
Name: CCTV-6, URL: https://www.freetv.top/migu/624878396.m3u8?migutoken=ee6c3d925888b2938ca61a2c94d84986ff15ec0fedd3e1e35bcf4ffada20fbeead007033b33efc350632bb959d9bee9da36bac91ec304513f63032fb12e8f570416fc533ede1c4ef94197eb07c, IPv_Type: ipv6, Location: 美国, ISP: Oracle Corporation, Date: None, Delay: -1 ms, Speed: 0.00 M/s, Resolution: None
Name: CCTV-6, URL: https://www.freetv.top/migu/624878396.m3u8?migutoken=6b67cbdfb1839f227832346707fcbe0f8de95d5df4faa3a63d5243e5f4ca0f52e79f041476a989915ac41a009e4c8f405f58040a4d4ec74bde4c945654300a3c41c00f4d67ef3708cb107ba9e9, IPv_Type: ipv6, Location: 美国, ISP: Oracle Corporation, Date: None, Delay: -1 ms, Speed: 0.00 M/s, Resolution: None
Name: CCTV-6, URL: https://www.freetv.top/migu/624878396.m3u8?migutoken=f106dfcfc577d00f7608ecfa1821ef5b850d5b0ae6ffd298d5cc766a7cee810ffb2ca762f0418626189b61920434ab05bf1d3c6162b881b7741491f346dec817038b0f5e60acdc289cda4b0066, IPv_Type: ipv6, Location: 美国, ISP: Oracle Corporation, Date: None, Delay: -1 ms, Speed: 0.00 M/s, Resolution: None
Name: CCTV-6, URL: https://www.freetv.top/migu/624878396.m3u8?migutoken=280d56b37be81134b0c93f6d98009c732d89773dde0fe57536c5fd22070225a1ea90f8e9a57aba816bc16c695344e9e2579ade462746354c67f0756ba7e2f6d781d626fe43d2b35893ba7a4cdb, IPv_Type: ipv6, Location: 美国, ISP: Oracle Corporation, Date: None, Delay: -1 ms, Speed: 0.00 M/s, Resolution: None
Name: CCTV-6, URL: https://www.freetv.top/migu/624878396.m3u8?migutoken=cf8aa2ae484a26a284790c996f43ed3d911dfba0ee5662ecc4c55b38098e9337cf10f0ac3894a85627dcfe0492addd1d07ff6e3aa6f467d0a2f30f53c4d0ce2a4686f74d46c050c0e010f46a65, IPv_Type: ipv6, Location: 美国, ISP: Oracle Corporation, Date: None, Delay: -1 ms, Speed: 0.00 M/s, Resolution: None
Name: CCTV-6, URL: https://www.freetv.top/migu/624878396.m3u8?migutoken=62041d20d3c5ab1363a336c30747d7b00d6f970a1f7c9ccafcdeb162f4b0699991e7ba314783d67cb75e376a53e97196434000e0b828510251239944c4391f00b3b73d86f2bc177b5d5afca34a, IPv_Type: ipv6, Location: 美国, ISP: Oracle Corporation, Date: None, Delay: -1 ms, Speed: 0.00 M/s, Resolution: None
Name: CCTV-6, URL: https://www.freetv.top/migu/624878396.m3u8?migutoken=38a08d31f79563a15b6c38307b16c1f1fd2715f58a1bff21d307adaa6597fb3ea267812ba6ac28a74fa0648f0a2003c0d93e137f0257353bff9dedc7eff0cc871a38e97a269bf9ab6e14a4171d, IPv_Type: ipv6, Location: 美国, ISP: Oracle Corporation, Date: None, Delay: -1 ms, Speed: 0.00 M/s, Resolution: None
Name: CCTV-6, URL: https://www.freetv.top/migu/624878396.m3u8?migutoken=54dddb5c566f353dd0b8e15cc87cb72d1e728394118dba6dc979a2017b3773f1a3fe3e3911285abda886083a7730f7a40557e4442eca5a14dea6bc8c9158aac949ac95a16c61fdc9b7673bc3a5, IPv_Type: ipv6, Location: 美国, ISP: Oracle Corporation, Date: None, Delay: -1 ms, Speed: 0.00 M/s, Resolution: None
Name: CCTV-6, URL: https://www.freetv.top/migu/624878396.m3u8?migutoken=680307806d82b89a0fb49996b2ac29f029f4acaa517daa479e0e7b48de1925cbaf5d59d33296ab91d331a8f6d9427efbd62c58c14828357513663ce40c85b2fcfc05583339543a10f4a02d75d0, IPv_Type: ipv6, Location: 美国, ISP: Oracle Corporation, Date: None, Delay: -1 ms, Speed: 0.00 M/s, Resolution: None
Name: CCTV-6, URL: https://www.freetv.top/migu/624878396.m3u8?migutoken=8e4f91b7950497f8570c74e50003b7fa23f6565c16a6b361ff855d3a969ddf7ea3826b04d20d76b6eeb472f0cb8b86284614a835429165709ec8c3055f8e9a7879e9594a4309b5d50f59f8a535, IPv_Type: ipv6, Location: 美国, ISP: Oracle Corporation, Date: None, Delay: -1 ms, Speed: 0.00 M/s, Resolution: None
Name: CCTV-6, URL: https://stream1.freetv.fun/7bbfe5fb8392af3f4ffdc18217c886d0937de05315ed7980dc17d9578d4411ac.m3u8, IPv_Type: ipv6, Location: 美国, ISP: CloudFlare Inc., Date: None, Delay: -1 ms, Speed: 0.00 M/s, Resolution: None
Name: CCTV-6, URL: https://www.freetv.top/migu/624878396.m3u8?migutoken=fad6ba45166658ac148a6a597b94823f91673302510000cce2a906c7a6634ee620570956e2746b8b2cf59ae5370dd0f1ff919edf280e875ab76365c094c9960948ebc38ca05218b8effb809ba5, IPv_Type: ipv6, Location: 美国, ISP: Oracle Corporation, Date: None, Delay: -1 ms, Speed: 0.00 M/s, Resolution: None
Name: CCTV-6, URL: http://wouu.net:9977/udp/239.93.1.13:2226, IPv_Type: ipv6, Location: 保留地址, ISP: 主机之间的链路本地地址, Date: None, Delay: -1 ms, Speed: 0.00 M/s, Resolution: None
Name: CCTV-6, URL: https://epg.pw/stream/c2a78d34141bd7ad12b19b2ab7f3f60f2b8a4c3bdd5c573889aad5bc3b331fe1.m3u8, IPv_Type: ipv6, Location: 美国, ISP: CloudFlare Inc., Date: None, Delay: -1 ms, Speed: 0.00 M/s, Resolution: None
Name: CCTV-6, URL: http://www.freetv.top/migu/624878396.m3u8?migutoken=3adcad950884d4ecc6c6967edee9c162189a1e09480eb5c29b369864aeedaed43c3f951d7eb6c32d86baac49792aacb3264b8f074e746477064fd7b1f172f00a9d84373825617d4366e8c54f0c, IPv_Type: ipv6, Location: 美国, ISP: Oracle Corporation, Date: None, Delay: -1 ms, Speed: 0.00 M/s, Resolution: None
Name: CCTV-6, URL: http://[2409:8087:74f0:22::4]:6410/270000001111/1110000307/index.m3u8, IPv_Type: ipv6, Location: 中国, ISP: 中国移动, Date: None, Delay: -1 ms, Speed: 0.00 M/s, Resolution: None
Name: CCTV-6, URL: http://[2409:8087:1a01:df::7005]/ottrrs.hl.chinamobile.com/PLTV/88888888/224/3221226010/index.m3u8, IPv_Type: ipv6, Location: 中国, ISP: 中国移动, Date: None, Delay: -1 ms, Speed: 0.00 M/s, Resolution: None
Name: CCTV-6, URL: http://[2409:8087:1a01:df::7005]:80/ottrrs.hl.chinamobile.com/PLTV/88888888/224/3221226010/index.m3u8, IPv_Type: ipv6, Location: 中国, ISP: 中国移动, Date: None, Delay: -1 ms, Speed: 0.00 M/s, Resolution: None
Name: CCTV-6, URL: https://t.freetv.fun/live/cctv6-1.php, IPv_Type: ipv6, Location: 美国, ISP: CloudFlare Inc., Date: None, Delay: -1 ms, Speed: 0.00 M/s, Resolution: None
Name: CCTV-6, URL: https://t.freetv.fun/live/cctv6-6.php, IPv_Type: ipv6, Location: 美国, ISP: CloudFlare Inc., Date: None, Delay: -1 ms, Speed: 0.00 M/s, Resolution: None
Name: CCTV-6, URL: https://t.freetv.fun/live/cctv6-2.m3u8, IPv_Type: ipv6, Location: 美国, ISP: CloudFlare Inc., Date: None, Delay: -1 ms, Speed: 0.00 M/s, Resolution: None
Name: CCTV-6, URL: http://[2409:8087:1a01:df::4077]/ottrrs.hl.chinamobile.com/PLTV/88888888/224/3221226010/index.m3u8, IPv_Type: ipv6, Location: 中国, ISP: 中国移动, Date: None, Delay: -1 ms, Speed: 0.00 M/s, Resolution: None
Name: CCTV-6, URL: http://38.75.136.137:98/gslb/dsdqbv/cctv6hd.m3u8?auth=test20251009, IPv_Type: ipv4, Location: 美国-哥伦比亚特区-哥伦比亚特区, ISP: Cogent, Date: None, Delay: 4265 ms, Speed: 0.94 M/s, Resolution: 1920x1080
Name: CCTV-7, URL: https://migu.188766.xyz/?migutoken=194f7779fa46f549b74f470a122ea1e4&id=CCTV7&type=yy, IPv_Type: ipv6, Location: 美国, ISP: CloudFlare Inc., Date: None, Delay: -1 ms, Speed: 0.00 M/s, Resolution: None
Name: CCTV-7, URL: https://iptv.catvod.com/live.php?id=CCTV7&line=9, IPv_Type: ipv6, Location: 美国, ISP: CloudFlare Inc., Date: None, Delay: -1 ms, Speed: 0.00 M/s, Resolution: None
Name: CCTV-7, URL: https://iptv.catvod.com/live.php?id=CCTV7&line=3, IPv_Type: ipv6, Location: 美国, ISP: CloudFlare Inc., Date: None, Delay: -1 ms, Speed: 0.00 M/s, Resolution: None
Name: CCTV-7, URL: https://iptv.catvod.com/live.php?id=CCTV7&line=7, IPv_Type: ipv6, Location: 美国, ISP: CloudFlare Inc., Date: None, Delay: -1 ms, Speed: 0.00 M/s, Resolution: None
Name: CCTV-7, URL: https://iptv.catvod.com/live.php?id=CCTV7&line=2, IPv_Type: ipv6, Location: 美国, ISP: CloudFlare Inc., Date: None, Delay: -1 ms, Speed: 0.00 M/s, Resolution: None
Name: CCTV-7, URL: https://mgtv.ottiptv.cc/mg/673168121.m3u8?userid=5559462299&sign=b9ca72f795800233cd1452c70d7e6d5ba24d63bac373902c5e876062caf0a675e82a6d4f7876a0b8cf1b4cd9175b4a2e79819e8d65444520115ae35b28f201d88e6cc0264f7d5a330cbfd7e5ecb0847e64&auth_token=1b99577efa5a3442ca4c7820d6e0b4e8, IPv_Type: ipv6, Location: 美国, ISP: Oracle Corporation, Date: None, Delay: -1 ms, Speed: 0.00 M/s, Resolution: None
Name: CCTV-7, URL: http://[2409:8087:1a15:10d1::37]/ottrrs.hl.chinamobile.com/PLTV/88888888/224/3221226398/index.m3u8, IPv_Type: ipv6, Location: 中国, ISP: 中国移动, Date: None, Delay: -1 ms, Speed: 0.00 M/s, Resolution: None
Name: CCTV-7, URL: http://[2409:8087:1a15:10d1::35]/ottrrs.hl.chinamobile.com/PLTV/88888888/224/3221225733/index.m3u8, IPv_Type: ipv6, Location: 中国, ISP: 中国移动, Date: None, Delay: -1 ms, Speed: 0.00 M/s, Resolution: None
Name: CCTV-7, URL: https://hls-gateway.vpstv.net/streams/476891.m3u8, IPv_Type: ipv6, Location: 美国, ISP: CloudFlare Inc., Date: None, Delay: -1 ms, Speed: 0.00 M/s, Resolution: None
Name: CCTV-7, URL: http://iptv.huuc.edu.cn/hls/cctv7hd.m3u8, IPv_Type: ipv6, Location: 中国, ISP: 教育网, Date: None, Delay: -1 ms, Speed: 0.00 M/s, Resolution: None
Name: CCTV-7, URL: http://[2409:8087:8:21::18]:6610/otttv.bj.chinamobile.com/PLTV/88888888/224/3221226946/1.m3u8, IPv_Type: ipv6, Location: 中国, ISP: 中国移动, Date: None, Delay: -1 ms, Speed: 0.00 M/s, Resolution: None
Name: CCTV-7, URL: http://[2409:8087:1a01:df::4077]/ottrrs.hl.chinamobile.com/PLTV/88888888/8/3221225733/index.m3u8, IPv_Type: ipv6, Location: 中国, ISP: 中国移动, Date: None, Delay: -1 ms, Speed: 0.00 M/s, Resolution: None
Name: CCTV-7, URL: http://[2409:8087:1a01:df::4077]/ottrrs.hl.chinamobile.com/yinhe/88888888/224/3221225733/index.m3u8, IPv_Type: ipv6, Location: 中国, ISP: 中国移动, Date: None, Delay: -1 ms, Speed: 0.00 M/s, Resolution: None
Name: CCTV-7, URL: http://[2409:8087:1a01:df::4077]:80/ottrrs.hl.chinamobile.com/PLTV/88888888/224/3221225733/1.m3u8, IPv_Type: ipv6, Location: 中国, ISP: 中国移动, Date: None, Delay: -1 ms, Speed: 0.00 M/s, Resolution: None
Name: CCTV-7, URL: http://[2409:8087:1a01:df::4077]:80/ottrrs.hl.chinamobile.com/yinhe/88888888/224/3221225733/index.m3u8, IPv_Type: ipv6, Location: 中国, ISP: 中国移动, Date: None, Delay: -1 ms, Speed: 0.00 M/s, Resolution: None
Name: CCTV-7, URL: http://[2409:8087:1a01:df::4077]:80/ottrrs.hl.chinamobile.com/PLTV/88888888/8/3221225733/index.m3u8, IPv_Type: ipv6, Location: 中国, ISP: 中国移动, Date: None, Delay: -1 ms, Speed: 0.00 M/s, Resolution: None
Name: CCTV-7, URL: http://[2409:8087:1a01:df::4077]:80/ottrrs.hl.chinamobile.com/PLTV/88888888/224/3221225733/index.m3u8, IPv_Type: ipv6, Location: 中国, ISP: 中国移动, Date: None, Delay: -1 ms, Speed: 0.00 M/s, Resolution: None
Name: CCTV-7, URL: http://[2409:8087:1a01:df::4077]/ottrrs.hl.chinamobile.com/PLTV/88888888/224/3221225733/1.m3u8?icpid=88888888&from=1&hms_devid=1012&vqe=3, IPv_Type: ipv6, Location: 中国, ISP: 中国移动, Date: None, Delay: -1 ms, Speed: 0.00 M/s, Resolution: None
Name: CCTV-7, URL: http://wouu.net:9977/udp/239.93.1.67:5140, IPv_Type: ipv6, Location: 保留地址, ISP: 主机之间的链路本地地址, Date: None, Delay: -1 ms, Speed: 0.00 M/s, Resolution: None
Name: CCTV-7, URL: https://www.freetv.top/migu/673168121.m3u8?migutoken=44446ab398991313e6a822efdaec82f3b845a2e8f141c172aa857c477255724bbb28fc01d33f764c51106c446af1c57e8815b58822075b194f4cf55cde28fe55f54330d4586c92e75e8aa50a48, IPv_Type: ipv6, Location: 美国, ISP: Oracle Corporation, Date: None, Delay: -1 ms, Speed: 0.00 M/s, Resolution: None
Name: CCTV-7, URL: https://www.freetv.top/migu/673168121.m3u8?migutoken=11284a6f3b3b2fa213fe083e46e96de1056fd7727d3d02e2cb4c2eb6c9994c51a6d20f333eba2d4739cee8fe8d82b5a8ed95fbfa87d5df4d792df3f436e23df7ce80f601e526e1e967f1479a14, IPv_Type: ipv6, Location: 美国, ISP: Oracle Corporation, Date: None, Delay: -1 ms, Speed: 0.00 M/s, Resolution: None
Name: CCTV-7, URL: https://www.freetv.top/migu/673168121.m3u8?migutoken=3253222269368c440aa1d23dba86c186a7b73abdea3890faf72e3d720844f8f1d3adc2b18ed047dbb3eff1a6c5d9379fad37d1f8a380d0e7c69e9ad6eb41709cf92077125fc0bded4cfd47808b, IPv_Type: ipv6, Location: 美国, ISP: Oracle Corporation, Date: None, Delay: -1 ms, Speed: 0.00 M/s, Resolution: None
Name: CCTV-7, URL: https://www.freetv.top/migu/673168121.m3u8?migutoken=a878b713604abd82c57cce75de174e0284d3f101e21d0c3e362670e4b5a5e75d9b42846e5e0adf92c1ad15c63d60934f3e68c25f787bc0665d12acde75a6db4761278e79b762292ed5b5a2fae3, IPv_Type: ipv6, Location: 美国, ISP: Oracle Corporation, Date: None, Delay: -1 ms, Speed: 0.00 M/s, Resolution: None
Name: CCTV-7, URL: https://www.freetv.top/migu/673168121.m3u8?migutoken=574d7f499abe28260750cc94be57fac402b5f84b72ecb907cf459ce8d58381c92f1a7208e1b83a752dcb0500c1839caea4e4747510bac25b9090fa959b172ce5389a900b4612dde9e9d594cf2e, IPv_Type: ipv6, Location: 美国, ISP: Oracle Corporation, Date: None, Delay: -1 ms, Speed: 0.00 M/s, Resolution: None
Name: CCTV-7, URL: https://www.freetv.top/migu/673168121.m3u8?migutoken=e78f83938702d1bbe1b942fbec9a4863f5e3233d946d4cb9d5650315c000e4b18fbeeecf6ea2debe700775517292edb56b8b5d596b464d112fbf4dc3fab926b0f9ec01cf52b7a4a97b4be82ad4, IPv_Type: ipv6, Location: 美国, ISP: Oracle Corporation, Date: None, Delay: -1 ms, Speed: 0.00 M/s, Resolution: None
Name: CCTV-7, URL: https://www.freetv.top/migu/673168121.m3u8?migutoken=77f3d07c8c715fc3df72eeb3151a68e9169b4e17d5d0be3ff0eccb5d0a34a91fe58a22d4bdfa529c8c752579855b46458434107509993fa5f5abc00210d466c2a969d6bd3f9f0c6f6b0deca814, IPv_Type: ipv6, Location: 美国, ISP: Oracle Corporation, Date: None, Delay: -1 ms, Speed: 0.00 M/s, Resolution: None
Name: CCTV-7, URL: https://stream1.freetv.fun/978492b187939ceb862410f14e3321d54e05a0bc645f85f48c426b0e522eb940.m3u8, IPv_Type: ipv6, Location: 美国, ISP: CloudFlare Inc., Date: None, Delay: -1 ms, Speed: 0.00 M/s, Resolution: None
Name: CCTV-7, URL: https://stream1.freetv.fun/38c7c346b707a4febeabb5ecd55e67687d764ec0a561894ff0e953e516acdfb1.m3u8, IPv_Type: ipv6, Location: 美国, ISP: CloudFlare Inc., Date: None, Delay: -1 ms, Speed: 0.00 M/s, Resolution: None
Name: CCTV-7, URL: https://www.freetv.top/migu/673168121.m3u8?migutoken=39f299ba0d4c0dd00c89550497da4b7b2de0752f52a9831160904f0fa48d0e4f14936c2d2e794d39ef3d9fec119c22460c845abc4c1f894d73f27e21754ec4a1aec51a4285c036e5a6febf8b71, IPv_Type: ipv6, Location: 美国, ISP: Oracle Corporation, Date: None, Delay: -1 ms, Speed: 0.00 M/s, Resolution: None
Name: CCTV-7, URL: https://www.freetv.top/migu/673168121.m3u8?migutoken=5efea15b5115b2be0e9c11527601ab541c646da6310420ce788fafd0cbc53baa18194290df19e900a089f43300a784605577054b709659403fb3de1eaa69137ce76e0233b0f007ee744300c50d, IPv_Type: ipv6, Location: 美国, ISP: Oracle Corporation, Date: None, Delay: -1 ms, Speed: 0.00 M/s, Resolution: None
Name: CCTV-7, URL: https://www.freetv.top/migu/673168121.m3u8?migutoken=5dc42b85b8e382a48bee714d95d95141513753c23aa55f932693ce1eb52e32c8782badd9bcf5db1b0cc68c6bf1d2cae4e93e86e4698cef598cecd907ecd71f4ca95eda3e82c5c85395b4c4123a, IPv_Type: ipv6, Location: 美国, ISP: Oracle Corporation, Date: None, Delay: -1 ms, Speed: 0.00 M/s, Resolution: None
Name: CCTV-7, URL: https://www.freetv.top/migu/673168121.m3u8?migutoken=97a46285e2ac80354b4cda7972c410ce7c4ea2d42ac569d87ec2072905e3f1274f652ad22225021e86a0449f109ca248ae7e401e49373b725d4190ff653b660e58abedd89065cf4c052ea97e81, IPv_Type: ipv6, Location: 美国, ISP: Oracle Corporation, Date: None, Delay: -1 ms, Speed: 0.00 M/s, Resolution: None
Name: CCTV-7, URL: http://[2409:8087:74f0:22::4]:6410/270000001128/9900000504/index.m3u8, IPv_Type: ipv6, Location: 中国, ISP: 中国移动, Date: None, Delay: -1 ms, Speed: 0.00 M/s, Resolution: None
Name: CCTV-7, URL: http://[2409:8087:1a01:df::7005]/ottrrs.hl.chinamobile.com/PLTV/88888888/224/3221225733/index.m3u8, IPv_Type: ipv6, Location: 中国, ISP: 中国移动, Date: None, Delay: -1 ms, Speed: 0.00 M/s, Resolution: None
Name: CCTV-7, URL: http://[2409:8087:1a01:df::7005]:80/ottrrs.hl.chinamobile.com/PLTV/88888888/224/3221225733/index.m3u8, IPv_Type: ipv6, Location: 中国, ISP: 中国移动, Date: None, Delay: -1 ms, Speed: 0.00 M/s, Resolution: None
Name: CCTV-7, URL: https://t.freetv.fun/live/cctv7.php, IPv_Type: ipv6, Location: 美国, ISP: CloudFlare Inc., Date: None, Delay: -1 ms, Speed: 0.00 M/s, Resolution: None
Name: CCTV-7, URL: https://t.freetv.fun/live/cctv7-5.m3u8, IPv_Type: ipv6, Location: 美国, ISP: CloudFlare Inc., Date: None, Delay: -1 ms, Speed: 0.00 M/s, Resolution: None
Name: CCTV-7, URL: http://mgsp-zy2.live.miguvideo.com:8088/migu/kailu/20200324/cctv7hd/51/index.m3u8?msisdn=2be6b2ec9fcf10d2c2457e2c710e172c&mdspid=&spid=699004&netType=0&sid=5501083622&pid=2028597139&timestamp=20260225080204&Channel_ID=0116_2600034600-99000-201600010010028&ProgramID=673168121&ParentNodeID=-99&assertID=5501083622&client_ip=218.28.233.106&SecurityKey=20260225080204&promotionId=&mvid=5102910278&mcid=500020&playurlVersion=WX-A1-9.2.1-RELEASE&userid=&jmhm=&videocodec=h264&appCode=miguvideo_android&bean=mgspad&tid=android&conFee=0&encrypt=0b053a20e20dd4c358f4441a29b2d10f&sv=10004&ct=android, IPv_Type: ipv6, Location: 中国, ISP: 中国电信, Date: None, Delay: -1 ms, Speed: 0.00 M/s, Resolution: None
Name: CCTV-7, URL: https://t.freetv.fun/live/cctv7-1.php, IPv_Type: ipv6, Location: 美国, ISP: CloudFlare Inc., Date: None, Delay: -1 ms, Speed: 0.00 M/s, Resolution: None
Name: CCTV-7, URL: http://[2409:8087:1a01:df::4077]/ottrrs.hl.chinamobile.com/PLTV/88888888/224/3221225733/index.m3u8, IPv_Type: ipv6, Location: 中国, ISP: 中国移动, Date: None, Delay: -1 ms, Speed: 0.00 M/s, Resolution: None
Name: CCTV-7, URL: http://38.75.136.137:98/gslb/dsdqbv/cctv7hd.m3u8?auth=test20251009, IPv_Type: ipv4, Location: 美国-哥伦比亚特区-哥伦比亚特区, ISP: Cogent, Date: None, Delay: 1037 ms, Speed: 3.95 M/s, Resolution: 1920x1080
Name: CCTV-7, URL: http://drive.mxmy.net:8888/udp/239.3.1.61:8104, IPv_Type: ipv4, Location: 中国-北京-北京, ISP: 联通, Date: None, Delay: 494 ms, Speed: 0.07 M/s, Resolution: 1920x1080
Name: CCTV-8, URL: https://migu.188766.xyz/?migutoken=81f0740b241faa44d57a9235e506cb48&id=CCTV8&type=yy, IPv_Type: ipv6, Location: 美国, ISP: CloudFlare Inc., Date: None, Delay: -1 ms, Speed: 0.00 M/s, Resolution: None
Name: CCTV-8, URL: https://iptv.catvod.com/live.php?id=CCTV8&line=3, IPv_Type: ipv6, Location: 美国, ISP: CloudFlare Inc., Date: None, Delay: -1 ms, Speed: 0.00 M/s, Resolution: None
Name: CCTV-8, URL: https://iptv.catvod.com/live.php?id=CCTV8&line=15, IPv_Type: ipv6, Location: 美国, ISP: CloudFlare Inc., Date: None, Delay: -1 ms, Speed: 0.00 M/s, Resolution: None
Name: CCTV-8, URL: https://iptv.catvod.com/live.php?id=CCTV8&line=10, IPv_Type: ipv6, Location: 美国, ISP: CloudFlare Inc., Date: None, Delay: -1 ms, Speed: 0.00 M/s, Resolution: None
Name: CCTV-8, URL: https://iptv.catvod.com/live.php?id=CCTV8&line=7, IPv_Type: ipv6, Location: 美国, ISP: CloudFlare Inc., Date: None, Delay: -1 ms, Speed: 0.00 M/s, Resolution: None
Name: CCTV-8, URL: https://mgtv.ottiptv.cc/mg/624878356.m3u8?userid=5559462299&sign=1349ee0c1976752b4d8340a81eea116c99cc0d71fb892383b5dbd03b5edc15aba9e7eb18daa3fec4f3aa9a215dbace1a88c7230c002a8efbbe12fed3cd7789dd4be98f73f71a1deff56a577fba95fd859e&auth_token=1b99577efa5a3442ca4c7820d6e0b4e8, IPv_Type: ipv6, Location: 美国, ISP: Oracle Corporation, Date: None, Delay: -1 ms, Speed: 0.00 M/s, Resolution: None
Name: CCTV-8, URL: https://migu.188766.xyz/?migutoken=3e45355756d8d0575bdc4ce8be9bd3ea&id=CCTV8&type=yy, IPv_Type: ipv6, Location: 美国, ISP: CloudFlare Inc., Date: None, Delay: -1 ms, Speed: 0.00 M/s, Resolution: None
Name: CCTV-8, URL: http://[2409:8087:1a15:10d1::38]/ottrrs.hl.chinamobile.com/PLTV/88888888/224/3221226008/index.m3u8, IPv_Type: ipv6, Location: 中国, ISP: 中国移动, Date: None, Delay: -1 ms, Speed: 0.00 M/s, Resolution: None
Name: CCTV-8, URL: https://hls-gateway.vpstv.net/streams/476892.m3u8, IPv_Type: ipv6, Location: 美国, ISP: CloudFlare Inc., Date: None, Delay: -1 ms, Speed: 0.00 M/s, Resolution: None
Name: CCTV-8, URL: http://iptv.huuc.edu.cn/hls/cctv8hd.m3u8, IPv_Type: ipv6, Location: 中国, ISP: 教育网, Date: None, Delay: -1 ms, Speed: 0.00 M/s, Resolution: None
Name: CCTV-8, URL: http://[2409:8087:8:21::18]:6610/otttv.bj.chinamobile.com/PLTV/88888888/224/3221226485/1.m3u8, IPv_Type: ipv6, Location: 中国, ISP: 中国移动, Date: None, Delay: -1 ms, Speed: 0.00 M/s, Resolution: None
Name: CCTV-8, URL: http://[2409:8087:1a01:df::4077]:80/ottrrs.hl.chinamobile.com/TVOD/88888888/224/3221226008/index.m3u8, IPv_Type: ipv6, Location: 中国, ISP: 中国移动, Date: None, Delay: -1 ms, Speed: 0.00 M/s, Resolution: None
Name: CCTV-8, URL: http://[2409:8087:1a01:df::4051]:80/TVOD/88888888/224/3221225795/main.m3u8, IPv_Type: ipv6, Location: 中国, ISP: 中国移动, Date: None, Delay: -1 ms, Speed: 0.00 M/s, Resolution: None
Name: CCTV-8, URL: http://[2409:8087:1a01:df::4077]:80/ottrrs.hl.chinamobile.com/PLTV/88888888/8/3221226008/index.m3u8, IPv_Type: ipv6, Location: 中国, ISP: 中国移动, Date: None, Delay: -1 ms, Speed: 0.00 M/s, Resolution: None
Name: CCTV-8, URL: http://[2409:8087:1a01:df::4077]/ottrrs.hl.chinamobile.com/PLTV/88888888/8/3221226008/index.m3u8, IPv_Type: ipv6, Location: 中国, ISP: 中国移动, Date: None, Delay: -1 ms, Speed: 0.00 M/s, Resolution: None
Name: CCTV-8, URL: http://[2409:8087:1a01:df::4077]:80/ottrrs.hl.chinamobile.com/yinhe/88888888/224/3221226008/index.m3u8, IPv_Type: ipv6, Location: 中国, ISP: 中国移动, Date: None, Delay: -1 ms, Speed: 0.00 M/s, Resolution: None
Name: CCTV-8, URL: http://[2409:8087:1a01:df::4077]/ottrrs.hl.chinamobile.com/yinhe/88888888/224/3221226008/index.m3u8, IPv_Type: ipv6, Location: 中国, ISP: 中国移动, Date: None, Delay: -1 ms, Speed: 0.00 M/s, Resolution: None
Name: CCTV-8, URL: http://[2409:8087:1a01:df::4077]:80/ottrrs.hl.chinamobile.com/PLTV/88888888/224/3221226008/index.m3u8, IPv_Type: ipv6, Location: 中国, ISP: 中国移动, Date: None, Delay: -1 ms, Speed: 0.00 M/s, Resolution: None
Name: CCTV-8, URL: https://www.freetv.top/migu/624878356.m3u8?migutoken=a5eae829671ac326f37a16f65535b257f90b8bda77984094ab1ccd94b6ef5e7ff48889c5a21a84f1150dfd3a6e390047ac48c3f964608c11a0dfcdfadb1d36607b4f2f6fccd07ed9bdbd92a98e, IPv_Type: ipv6, Location: 美国, ISP: Oracle Corporation, Date: None, Delay: -1 ms, Speed: 0.00 M/s, Resolution: None
Name: CCTV-8, URL: https://www.freetv.top/migu/624878356.m3u8?migutoken=c5686b91f24bdb26f27f65d03991e67482244e2e4c81db01625a459eacd6085c8ca21c17dd1cd39379194ef1590bf3afe58308bfbdb911a41c0a5f83ee5f9db1749bb13f66d2a8daed0ddd2c42, IPv_Type: ipv6, Location: 美国, ISP: Oracle Corporation, Date: None, Delay: -1 ms, Speed: 0.00 M/s, Resolution: None
Name: CCTV-8, URL: https://www.freetv.top/migu/624878356.m3u8?migutoken=d8a453dfbb2075ae76b00e5e997036554e9df26cdc7f3a43983394dbf93aac2f27e93d125400f80cfca54fd539ec7ee0d223bc5c7cb1c5ce56bb197e3d2e6900357f6bc8187a161181e7513424, IPv_Type: ipv6, Location: 美国, ISP: Oracle Corporation, Date: None, Delay: -1 ms, Speed: 0.00 M/s, Resolution: None
Name: CCTV-8, URL: https://www.freetv.top/migu/624878356.m3u8?migutoken=6dccb38c956e0bb4edee41c25621f99cedfb18e4ce661f2543a392a7a50d305d1f4764210e01011a2b0cc1d14cf85264aae641856c2e6c7b6414088973a624170f2087daecc28e8944035c7490, IPv_Type: ipv6, Location: 美国, ISP: Oracle Corporation, Date: None, Delay: -1 ms, Speed: 0.00 M/s, Resolution: None
Name: CCTV-8, URL: http://wouu.net:9977/udp/239.93.42.39:5140, IPv_Type: ipv6, Location: 保留地址, ISP: 主机之间的链路本地地址, Date: None, Delay: -1 ms, Speed: 0.00 M/s, Resolution: None
Name: CCTV-8, URL: https://stream1.freetv.fun/0a41a74a908f871b3e73f9381b831e6bdf23a89efb600e3c5d4532c0a8e7f6e8.m3u8, IPv_Type: ipv6, Location: 美国, ISP: CloudFlare Inc., Date: None, Delay: -1 ms, Speed: 0.00 M/s, Resolution: None
Name: CCTV-8, URL: https://stream1.freetv.fun/1f298be1b8f964d2f0f401dd00fe8a2a6d9e6c74900ff8486a3a7115907f4426.m3u8, IPv_Type: ipv6, Location: 美国, ISP: CloudFlare Inc., Date: None, Delay: -1 ms, Speed: 0.00 M/s, Resolution: None
Name: CCTV-8, URL: http://3501776.xyz:35455/gaoma/cctv8.m3u8, IPv_Type: ipv6, Location: 中国, ISP: 中国电信, Date: None, Delay: -1 ms, Speed: 0.00 M/s, Resolution: None
Name: CCTV-8, URL: http://www.freetv.top/migu/624878356.m3u8?migutoken=e6e1b0f11b3900539ca13088ccf9da6d0a771d58a295315011db1676c607e4bfd4d2ecf8b5f89e888d98843c67f6657703a3192a098894da656341d37aaa2d4abf591b1a09d80e6fff894dd29d, IPv_Type: ipv6, Location: 美国, ISP: Oracle Corporation, Date: None, Delay: -1 ms, Speed: 0.00 M/s, Resolution: None
Name: CCTV-8, URL: http://[2409:8087:74f0:22::9]:6410/270000001111/1110000309/index.m3u8, IPv_Type: ipv6, Location: 中国, ISP: 中国移动, Date: None, Delay: -1 ms, Speed: 0.00 M/s, Resolution: None
Name: CCTV-8, URL: http://[2409:8087:1a01:df::7005]/ottrrs.hl.chinamobile.com/PLTV/88888888/224/3221226008/index.m3u8, IPv_Type: ipv6, Location: 中国, ISP: 中国移动, Date: None, Delay: -1 ms, Speed: 0.00 M/s, Resolution: None
Name: CCTV-8, URL: http://[2409:8087:1a01:df::7005]:80/ottrrs.hl.chinamobile.com/PLTV/88888888/224/3221226008/index.m3u8, IPv_Type: ipv6, Location: 中国, ISP: 中国移动, Date: None, Delay: -1 ms, Speed: 0.00 M/s, Resolution: None
Name: CCTV-8, URL: https://t.freetv.fun/live/cctv8.m3u8, IPv_Type: ipv6, Location: 美国, ISP: CloudFlare Inc., Date: None, Delay: -1 ms, Speed: 0.00 M/s, Resolution: None
Name: CCTV-8, URL: https://t.freetv.fun/live/cctv8-1.php, IPv_Type: ipv6, Location: 美国, ISP: CloudFlare Inc., Date: None, Delay: -1 ms, Speed: 0.00 M/s, Resolution: None
Name: CCTV-8, URL: https://t.freetv.fun/live/cctv8-2.m3u8, IPv_Type: ipv6, Location: 美国, ISP: CloudFlare Inc., Date: None, Delay: -1 ms, Speed: 0.00 M/s, Resolution: None
Name: CCTV-8, URL: https://t.freetv.fun/live/cctv8-4.php, IPv_Type: ipv6, Location: 美国, ISP: CloudFlare Inc., Date: None, Delay: -1 ms, Speed: 0.00 M/s, Resolution: None
Name: CCTV-8, URL: http://[2409:8087:1a01:df::4077]/ottrrs.hl.chinamobile.com/PLTV/88888888/224/3221226008/index.m3u8, IPv_Type: ipv6, Location: 中国, ISP: 中国移动, Date: None, Delay: -1 ms, Speed: 0.00 M/s, Resolution: None
Name: CCTV-8, URL: https://iptv.catvod.com/live.php?id=CCTV8&line=11, IPv_Type: ipv4, Location: 美国-加利福尼亚州-洛杉矶, ISP: IT7网络, Date: None, Delay: 73 ms, Speed: 12.99 M/s, Resolution: 1920x1080
Name: CCTV-8, URL: http://38.75.136.137:98/gslb/dsdqbv/cctv8hd.m3u8?auth=test20251009, IPv_Type: ipv4, Location: 美国-哥伦比亚特区-哥伦比亚特区, ISP: Cogent, Date: None, Delay: 4180 ms, Speed: 1.04 M/s, Resolution: 1920x1080
Name: CCTV-9, URL: https://migu.188766.xyz/?migutoken=118ad8d8cd200c99a3e952749600900e&id=CCTV9&type=yy, IPv_Type: ipv6, Location: 美国, ISP: CloudFlare Inc., Date: None, Delay: -1 ms, Speed: 0.00 M/s, Resolution: None
Name: CCTV-9, URL: https://iptv.catvod.com/live.php?id=CCTV9&line=4, IPv_Type: ipv6, Location: 美国, ISP: CloudFlare Inc., Date: None, Delay: -1 ms, Speed: 0.00 M/s, Resolution: None
Name: CCTV-9, URL: https://iptv.catvod.com/live.php?id=CCTV9, IPv_Type: ipv6, Location: 美国, ISP: CloudFlare Inc., Date: None, Delay: -1 ms, Speed: 0.00 M/s, Resolution: None
Name: CCTV-9, URL: https://iptv.catvod.com/live.php?id=CCTV9&line=5, IPv_Type: ipv6, Location: 美国, ISP: CloudFlare Inc., Date: None, Delay: -1 ms, Speed: 0.00 M/s, Resolution: None
Name: CCTV-9, URL: https://iptv.catvod.com/live.php?id=CCTV9&line=7, IPv_Type: ipv6, Location: 美国, ISP: CloudFlare Inc., Date: None, Delay: -1 ms, Speed: 0.00 M/s, Resolution: None
Name: CCTV-9, URL: https://mgtv.ottiptv.cc/mg/673168140.m3u8?userid=5559462299&sign=3234990aef0abb35232add50dcc104c5304d0462410d2dec31d320b96ab16258b8c09e12282508f81cf0ce0f2804fe2caeeb23752e7de12711cf2c8baba11ac8e96cc72b654620e89b3f3c15860dcf6479&auth_token=1b99577efa5a3442ca4c7820d6e0b4e8, IPv_Type: ipv6, Location: 美国, ISP: Oracle Corporation, Date: None, Delay: -1 ms, Speed: 0.00 M/s, Resolution: None
Name: CCTV-9, URL: http://[2409:8087:1a15:10d1::34]/ottrrs.hl.chinamobile.com/PLTV/88888888/224/3221225734/index.m3u8, IPv_Type: ipv6, Location: 中国, ISP: 中国移动, Date: None, Delay: -1 ms, Speed: 0.00 M/s, Resolution: None
Name: CCTV-9, URL: https://hls-gateway.vpstv.net/streams/476893.m3u8, IPv_Type: ipv6, Location: 美国, ISP: CloudFlare Inc., Date: None, Delay: -1 ms, Speed: 0.00 M/s, Resolution: None
Name: CCTV-9, URL: http://iptv.huuc.edu.cn/hls/cctv9hd.m3u8, IPv_Type: ipv6, Location: 中国, ISP: 教育网, Date: None, Delay: -1 ms, Speed: 0.00 M/s, Resolution: None
Name: CCTV-9, URL: http://[2409:8087:8:21::18]:6610/otttv.bj.chinamobile.com/PLTV/88888888/224/3221226944/1.m3u8, IPv_Type: ipv6, Location: 中国, ISP: 中国移动, Date: None, Delay: -1 ms, Speed: 0.00 M/s, Resolution: None
Name: CCTV-9, URL: http://[2409:8087:1a01:df::4077]:80/ottrrs.hl.chinamobile.com/TVOD/88888888/224/3221225734/index.m3u8, IPv_Type: ipv6, Location: 中国, ISP: 中国移动, Date: None, Delay: -1 ms, Speed: 0.00 M/s, Resolution: None
Name: CCTV-9, URL: http://[2409:8087:1a01:df::4077]/ottrrs.hl.chinamobile.com/PLTV/88888888/8/3221225734/index.m3u8, IPv_Type: ipv6, Location: 中国, ISP: 中国移动, Date: None, Delay: -1 ms, Speed: 0.00 M/s, Resolution: None
Name: CCTV-9, URL: http://[2409:8087:1a01:df::4077]:80/ottrrs.hl.chinamobile.com/PLTV/88888888/224/3221225734/index.m3u8, IPv_Type: ipv6, Location: 中国, ISP: 中国移动, Date: None, Delay: -1 ms, Speed: 0.00 M/s, Resolution: None
Name: CCTV-9, URL: http://[2409:8087:1a01:df::4077]:80/ottrrs.hl.chinamobile.com/yinhe/88888888/224/3221225734/index.m3u8, IPv_Type: ipv6, Location: 中国, ISP: 中国移动, Date: None, Delay: -1 ms, Speed: 0.00 M/s, Resolution: None
Name: CCTV-9, URL: http://[2409:8087:1a01:df::4077]/ottrrs.hl.chinamobile.com/yinhe/88888888/224/3221225734/index.m3u8, IPv_Type: ipv6, Location: 中国, ISP: 中国移动, Date: None, Delay: -1 ms, Speed: 0.00 M/s, Resolution: None
Name: CCTV-9, URL: http://[2409:8087:1a01:df::4077]:80/ottrrs.hl.chinamobile.com/PLTV/88888888/8/3221225734/index.m3u8, IPv_Type: ipv6, Location: 中国, ISP: 中国移动, Date: None, Delay: -1 ms, Speed: 0.00 M/s, Resolution: None
Name: CCTV-9, URL: https://www.freetv.top/migu/673168140.m3u8?migutoken=a22c8c1a84a2c3f115ccea3f065ca5c445f91c5a490bbcf95da122d1901c7d7680bf8ec25837bd7f8f36b45bbb9e635f72eee01b6b5605fb31077b5adfbc8604e6111e294f2b08707a1ad595d7, IPv_Type: ipv6, Location: 美国, ISP: Oracle Corporation, Date: None, Delay: -1 ms, Speed: 0.00 M/s, Resolution: None
Name: CCTV-9, URL: https://www.freetv.top/migu/673168140.m3u8?migutoken=a6f3e71bb2bb9d74426a1761b5d2daf69d595aebfafc6e4a7bac09190d4545961d1cc02d05117f0a2e2ef42ebdc9f2520b8f601aab6252de7373f68c95aa3277f6c51bae97dd75144efc7ed543, IPv_Type: ipv6, Location: 美国, ISP: Oracle Corporation, Date: None, Delay: -1 ms, Speed: 0.00 M/s, Resolution: None
Name: CCTV-9, URL: https://www.freetv.top/migu/673168140.m3u8?migutoken=70f89f57af3b961c4266d3657e4e2bed7511bb081c6f118dec56c9cb101146db53ddfdbba9b52724c71e79f51bfe5806d61d41f8429293537387c552fed0c21e259ae489a2a54a8accda0abf71, IPv_Type: ipv6, Location: 美国, ISP: Oracle Corporation, Date: None, Delay: -1 ms, Speed: 0.00 M/s, Resolution: None
Name: CCTV-9, URL: https://www.freetv.top/migu/673168140.m3u8?migutoken=32f20b17d3c7bff0b9089c8663f150a392ce13d1df9995a28c4323e1dc5a31e1aa745425fc53d82943ed6cb0efba69c61fb08d40663d483af3e68fbb853e1b706218bd7a063b79e8cf9e9451eb, IPv_Type: ipv6, Location: 美国, ISP: Oracle Corporation, Date: None, Delay: -1 ms, Speed: 0.00 M/s, Resolution: None
Name: CCTV-9, URL: http://wouu.net:9977/udp/239.93.1.24:5140, IPv_Type: ipv6, Location: 保留地址, ISP: 主机之间的链路本地地址, Date: None, Delay: -1 ms, Speed: 0.00 M/s, Resolution: None
Name: CCTV-9, URL: https://www.freetv.top/migu/673168140.m3u8?migutoken=9cebd017730e6020100052694015764931490d9ade0a92839f3198d104590414f3e93626dcf6f49b091a21735b592dc818723022c59d669f301e707c1ec905675a758fc939301e086d4569e77d, IPv_Type: ipv6, Location: 美国, ISP: Oracle Corporation, Date: None, Delay: -1 ms, Speed: 0.00 M/s, Resolution: None
Name: CCTV-9, URL: https://www.freetv.top/migu/673168140.m3u8?migutoken=50c8dc09429117d7c6a5e9b1aefb676dca3f207436fe4e3d871408aa5c16bfef444b9037198e5b95b6969f927c3c95dab220c147eb00b67cb1411f66f3d2536212a8bebb7d1f4d33717f8b1442, IPv_Type: ipv6, Location: 美国, ISP: Oracle Corporation, Date: None, Delay: -1 ms, Speed: 0.00 M/s, Resolution: None
Name: CCTV-9, URL: https://www.freetv.top/migu/673168140.m3u8?migutoken=0f1a623dca6f658303aaa4999b3ace15c780e46aa170dd3d91f0e82333ce6046e6bab6fa6948fba878c2b6e0cf9d1f04d09cc1ebaed71350ec282ef8595200813c491a3e23da08b3242755d891, IPv_Type: ipv6, Location: 美国, ISP: Oracle Corporation, Date: None, Delay: -1 ms, Speed: 0.00 M/s, Resolution: None
Name: CCTV-9, URL: https://www.freetv.top/migu/609006487.m3u8?migutoken=aa6b7733654f88e6bc50f2966887b2eb428623c5d6d66fe9d0fc7de43f9aa6a724f12ec1f0d65aae1c1decba5cd1444cbdea8c24adbc56c5a79a1dbd2828e6deb293dace8a518080d5d1f0cb2b, IPv_Type: ipv6, Location: 美国, ISP: Oracle Corporation, Date: None, Delay: -1 ms, Speed: 0.00 M/s, Resolution: None
Name: CCTV-9, URL: https://stream1.freetv.fun/42ec063601b24e5ddb24832e5f5d56c71ca4d52922d298be84bbc21aa7429280.m3u8, IPv_Type: ipv6, Location: 美国, ISP: CloudFlare Inc., Date: None, Delay: -1 ms, Speed: 0.00 M/s, Resolution: None
Name: CCTV-9, URL: https://stream1.freetv.fun/3c6125aad8eab2287c7cb76da027f3e9673949eec3709dc9f3fd0e3ae9ab4548.m3u8, IPv_Type: ipv6, Location: 美国, ISP: CloudFlare Inc., Date: None, Delay: -1 ms, Speed: 0.00 M/s, Resolution: None
Name: CCTV-9, URL: https://www.freetv.top/migu/673168140.m3u8?migutoken=5bb8ab9294311f37faa3cdafb812e7239938f092b043159793626f7da52f6d93f4405a7674b273f3c7fa8d727fe739592096467fdead662c2b86ead7f5f30b097195cdba6fbe0b0f48b1b06a83, IPv_Type: ipv6, Location: 美国, ISP: Oracle Corporation, Date: None, Delay: -1 ms, Speed: 0.00 M/s, Resolution: None
Name: CCTV-9, URL: http://www.freetv.top/migu/673168140.m3u8?migutoken=b6b3dff09079aa89b4ea1988e02de40fa003df2db6f755979b0c414bdfffe3225adf1ec44edf5934481e00ada14c3b23dc6e93bb72f70ed2319f17002205dc998b6ce2dde3d00bf5701f8261ec, IPv_Type: ipv6, Location: 美国, ISP: Oracle Corporation, Date: None, Delay: -1 ms, Speed: 0.00 M/s, Resolution: None
Name: CCTV-9, URL: http://3501776.xyz:35455/gaoma/cctv9.m3u8, IPv_Type: ipv6, Location: 中国, ISP: 中国电信, Date: None, Delay: -1 ms, Speed: 0.00 M/s, Resolution: None
Name: CCTV-9, URL: http://[2409:8087:74f0:22::4]:6410/270000001128/9900000505/index.m3u8, IPv_Type: ipv6, Location: 中国, ISP: 中国移动, Date: None, Delay: -1 ms, Speed: 0.00 M/s, Resolution: None
Name: CCTV-9, URL: http://[2409:8087:1a01:df::7005]/ottrrs.hl.chinamobile.com/PLTV/88888888/224/3221225734/index.m3u8, IPv_Type: ipv6, Location: 中国, ISP: 中国移动, Date: None, Delay: -1 ms, Speed: 0.00 M/s, Resolution: None
Name: CCTV-9, URL: http://[2409:8087:1a01:df::7005]:80/ottrrs.hl.chinamobile.com/PLTV/88888888/224/3221225734/index.m3u8, IPv_Type: ipv6, Location: 中国, ISP: 中国移动, Date: None, Delay: -1 ms, Speed: 0.00 M/s, Resolution: None
Name: CCTV-9, URL: http://[2409:8087:1a01:df::4077]/ottrrs.hl.chinamobile.com/PLTV/88888888/224/3221225734/index.m3u8, IPv_Type: ipv6, Location: 中国, ISP: 中国移动, Date: None, Delay: -1 ms, Speed: 0.00 M/s, Resolution: None
Name: CCTV-9, URL: http://23.237.228.134/live5/CCTV9.m3u8, IPv_Type: ipv4, Location: 北美地区, ISP: , Date: None, Delay: 607 ms, Speed: 4.40 M/s, Resolution: 1920x1080
Name: CCTV-9, URL: https://iptv.catvod.com/live.php?id=CCTV9&line=3, IPv_Type: ipv4, Location: 美国-加利福尼亚州-洛杉矶, ISP: IT7网络, Date: None, Delay: 2880 ms, Speed: 2.15 M/s, Resolution: 1920x1080
Name: CCTV-9, URL: http://38.75.136.137:98/gslb/dsdqbv/cctv9hd.m3u8?auth=test20251009, IPv_Type: ipv4, Location: 美国-哥伦比亚特区-哥伦比亚特区, ISP: Cogent, Date: None, Delay: 5431 ms, Speed: 2.09 M/s, Resolution: 1920x1080
Name: CCTV-9, URL: https://iptv.catvod.com/live.php?id=CCTV9&line=6, IPv_Type: ipv4, Location: 美国-加利福尼亚州-洛杉矶, ISP: IT7网络, Date: None, Delay: 3245 ms, Speed: 0.76 M/s, Resolution: 1920x1080
Name: CCTV-9, URL: https://iptv.catvod.com/live.php?id=CCTV9&line=8, IPv_Type: ipv4, Location: 美国-加利福尼亚州-洛杉矶, ISP: IT7网络, Date: None, Delay: 806 ms, Speed: 0.16 M/s, Resolution: 720x576
Name: CCTV-9, URL: https://v4-702cae17a28d6e4f0c0002bba021d934.livehwc4.com/play.kankanlive.com/live/1698423397390920.m3u8?sub_m3u8=true&edge_slice=true&user_session_id=014da025b3ffe6775a6e485959c8c937, IPv_Type: ipv4, Location: 中国-广西, ISP: 电信, Date: None, Delay: 1332 ms, Speed: 0.09 M/s, Resolution: 720x576
Name: CCTV-10, URL: https://migu.188766.xyz/?migutoken=1b729b3220ed7e7356fe9864ade21694&id=CCTV10&type=yy, IPv_Type: ipv6, Location: 美国, ISP: CloudFlare Inc., Date: None, Delay: -1 ms, Speed: 0.00 M/s, Resolution: None
Name: CCTV-10, URL: https://iptv.catvod.com/live.php?id=CCTV10&line=6, IPv_Type: ipv6, Location: 美国, ISP: CloudFlare Inc., Date: None, Delay: -1 ms, Speed: 0.00 M/s, Resolution: None
Name: CCTV-10, URL: https://iptv.catvod.com/live.php?id=CCTV10&line=2, IPv_Type: ipv6, Location: 美国, ISP: CloudFlare Inc., Date: None, Delay: -1 ms, Speed: 0.00 M/s, Resolution: None
Name: CCTV-10, URL: https://iptv.catvod.com/live.php?id=CCTV10&line=10, IPv_Type: ipv6, Location: 美国, ISP: CloudFlare Inc., Date: None, Delay: -1 ms, Speed: 0.00 M/s, Resolution: None
Name: CCTV-10, URL: https://iptv.catvod.com/live.php?id=CCTV10&line=8, IPv_Type: ipv6, Location: 美国, ISP: CloudFlare Inc., Date: None, Delay: -1 ms, Speed: 0.00 M/s, Resolution: None
Name: CCTV-10, URL: https://iptv.catvod.com/live.php?id=CCTV10&line=3, IPv_Type: ipv6, Location: 美国, ISP: CloudFlare Inc., Date: None, Delay: -1 ms, Speed: 0.00 M/s, Resolution: None
Name: CCTV-10, URL: https://mgtv.ottiptv.cc/mg/624878405.m3u8?userid=5559462299&sign=5273b9e99f908afb2e4c11b1aee8f59fd7a1e20ed09a832fcc63cdf4eb5219bbf6671d72da35506af704e2585bcd614a1a6e3df55a76bcdb7f93cfa845b37eedb7c4d0cb02165132ba187b53089646f820&auth_token=1b99577efa5a3442ca4c7820d6e0b4e8, IPv_Type: ipv6, Location: 美国, ISP: Oracle Corporation, Date: None, Delay: -1 ms, Speed: 0.00 M/s, Resolution: None
Name: CCTV-10, URL: http://[2409:8087:1a15:10d1::33]/ottrrs.hl.chinamobile.com/PLTV/88888888/224/3221225730/index.m3u8, IPv_Type: ipv6, Location: 中国, ISP: 中国移动, Date: None, Delay: -1 ms, Speed: 0.00 M/s, Resolution: None
Name: CCTV-10, URL: https://hls-gateway.vpstv.net/streams/476896.m3u8, IPv_Type: ipv6, Location: 美国, ISP: CloudFlare Inc., Date: None, Delay: -1 ms, Speed: 0.00 M/s, Resolution: None
Name: CCTV-10, URL: http://iptv.huuc.edu.cn/hls/cctv10hd.m3u8, IPv_Type: ipv6, Location: 中国, ISP: 教育网, Date: None, Delay: -1 ms, Speed: 0.00 M/s, Resolution: None
Name: CCTV-10, URL: http://[2409:8087:8:21::18]:6610/otttv.bj.chinamobile.com/PLTV/88888888/224/3221226937/1.m3u8, IPv_Type: ipv6, Location: 中国, ISP: 中国移动, Date: None, Delay: -1 ms, Speed: 0.00 M/s, Resolution: None
Name: CCTV-10, URL: https://migu.188766.xyz/?migutoken=495649abd8d817ebf7d2b45f3dccdb3f&id=CCTV10&type=yy, IPv_Type: ipv6, Location: 美国, ISP: CloudFlare Inc., Date: None, Delay: -1 ms, Speed: 0.00 M/s, Resolution: None
Name: CCTV-10, URL: http://wouu.net:9977/udp/239.93.1.28:5140, IPv_Type: ipv6, Location: 保留地址, ISP: 主机之间的链路本地地址, Date: None, Delay: -1 ms, Speed: 0.00 M/s, Resolution: None
Name: CCTV-10, URL: http://[2409:8087:1a01:df::4077]:80/ottrrs.hl.chinamobile.com/PLTV/88888888/224/3221225730/index.m3u8, IPv_Type: ipv6, Location: 中国, ISP: 中国移动, Date: None, Delay: -1 ms, Speed: 0.00 M/s, Resolution: None
Name: CCTV-10, URL: https://www.freetv.top/migu/624878405.m3u8?migutoken=b1b22121df2bcd800e793b36913fab68d316021b76f648524809136fb73c1f61bca55e7a5b0562383be65dfcb00d638501b42d41f4e66fc266c568cf7a9986d9178f59c8f802bee2700c475a63, IPv_Type: ipv6, Location: 美国, ISP: Oracle Corporation, Date: None, Delay: -1 ms, Speed: 0.00 M/s, Resolution: None
Name: CCTV-10, URL: http://[2409:8087:1a01:df::4077]/ottrrs.hl.chinamobile.com/PLTV/88888888/8/3221225730/index.m3u8, IPv_Type: ipv6, Location: 中国, ISP: 中国移动, Date: None, Delay: -1 ms, Speed: 0.00 M/s, Resolution: None
Name: CCTV-10, URL: http://[2409:8087:1a01:df::4077]:80/ottrrs.hl.chinamobile.com/PLTV/88888888/8/3221225730/index.m3u8, IPv_Type: ipv6, Location: 中国, ISP: 中国移动, Date: None, Delay: -1 ms, Speed: 0.00 M/s, Resolution: None
Name: CCTV-10, URL: http://[2409:8087:1a01:df::4077]/ottrrs.hl.chinamobile.com/PLTV/88888888/224/3221225730/1.m3u8?icpid=88888888&from=1&hms_devid=1012&vqe=3, IPv_Type: ipv6, Location: 中国, ISP: 中国移动, Date: None, Delay: -1 ms, Speed: 0.00 M/s, Resolution: None
Name: CCTV-10, URL: http://[2409:8087:1a01:df::4077]:80/ottrrs.hl.chinamobile.com/PLTV/88888888/224/3221225730/1.m3u8, IPv_Type: ipv6, Location: 中国, ISP: 中国移动, Date: None, Delay: -1 ms, Speed: 0.00 M/s, Resolution: None
Name: CCTV-10, URL: http://[2409:8087:1a01:df::4077]:80/ottrrs.hl.chinamobile.com/yinhe/88888888/224/3221225730/index.m3u8, IPv_Type: ipv6, Location: 中国, ISP: 中国移动, Date: None, Delay: -1 ms, Speed: 0.00 M/s, Resolution: None
Name: CCTV-10, URL: http://[2409:8087:1a01:df::4077]/ottrrs.hl.chinamobile.com/yinhe/88888888/224/3221225730/index.m3u8, IPv_Type: ipv6, Location: 中国, ISP: 中国移动, Date: None, Delay: -1 ms, Speed: 0.00 M/s, Resolution: None
Name: CCTV-10, URL: https://www.freetv.top/migu/624878405.m3u8?migutoken=1a5db77292df44fecb968ef668ab090a7c82238b19114752945a92ba9ec29e57ce0ad92b07b97b3cb4c6dd2adf0e09784884ac82d7325841dd730b589ed13204f702613169b1590d2cebc3a3c9, IPv_Type: ipv6, Location: 美国, ISP: Oracle Corporation, Date: None, Delay: -1 ms, Speed: 0.00 M/s, Resolution: None
Name: CCTV-10, URL: https://www.freetv.top/migu/624878405.m3u8?migutoken=cdd677bf376d3c88ad570a045459ef0e4297b0711bb8efa426e16b4c0d069c853fdc539b08e8af8014b7362ec2443685fa9b75e5e55c425a2700ddd298bb7a0a104c8e034135b4f2456d0c26ca, IPv_Type: ipv6, Location: 美国, ISP: Oracle Corporation, Date: None, Delay: -1 ms, Speed: 0.00 M/s, Resolution: None
Name: CCTV-10, URL: https://www.freetv.top/migu/624878405.m3u8?migutoken=57856cbec134c6ff7a049829b18cdb5c22c6e65b4d00db56bf05367137ce52b45d1641ce2d193f0e2bc4b2fb3a0253c58dcd15e7ccd521b07f795e8bc2e63a68c24bb377becebc67f96cd23d21, IPv_Type: ipv6, Location: 美国, ISP: Oracle Corporation, Date: None, Delay: -1 ms, Speed: 0.00 M/s, Resolution: None
Name: CCTV-10, URL: https://www.freetv.top/migu/624878405.m3u8?migutoken=dc9e41d483fefd536dad7a6eb4d91f4a9d37e906ce1c582b1cc85960d34d36df8b864db7f8148188e2997210544c1455ac19fa4063b67d5521ece7addf0089d1209518e453b304d3fde926ff6a, IPv_Type: ipv6, Location: 美国, ISP: Oracle Corporation, Date: None, Delay: -1 ms, Speed: 0.00 M/s, Resolution: None
Name: CCTV-10, URL: https://www.freetv.top/migu/624878405.m3u8?migutoken=b031282d8102da601efdb58208602ae789e7b6f55c9d261e7847daab04f4426ab3eb370da9611721f213b7b78101e1bbe55b066bfcce6410254cdcadb36bfac54a47b7a7b24cda1b4c19590f8d, IPv_Type: ipv6, Location: 美国, ISP: Oracle Corporation, Date: None, Delay: -1 ms, Speed: 0.00 M/s, Resolution: None
Name: CCTV-10, URL: https://www.freetv.top/migu/624878405.m3u8?migutoken=a825f44b603419477b95fed9f1e947fea9e27bcde29c94cf67aec76845bd588aa5c9914b79d29cb3014756c2909a95f0941589b5faaddc8b9eba64ec444d9c9999083bc0240af4f194167d81e3, IPv_Type: ipv6, Location: 美国, ISP: Oracle Corporation, Date: None, Delay: -1 ms, Speed: 0.00 M/s, Resolution: None
Name: CCTV-10, URL: https://www.freetv.top/migu/624878405.m3u8?migutoken=07b6e1d4124dd85ca8138b8d8dcd646323952053748d7d5ac0a2b31dcb6626c605fb05470545bd0f7e0d23e807e6909b517b2b8b5e2eaa926600edaa15d80aee9b900245924108c86040411cd4, IPv_Type: ipv6, Location: 美国, ISP: Oracle Corporation, Date: None, Delay: -1 ms, Speed: 0.00 M/s, Resolution: None
Name: CCTV-10, URL: https://www.freetv.top/migu/624878405.m3u8?migutoken=c9f89ca38aecd9efd7438d02f07aae1d622407222b2143b84ac81a0b8046d4edf31dff9b382a346f7ec0e11cfbe4780dc7b671024edc7d941d9f8e52bc23439b00a4cd935c472de660659d90ae, IPv_Type: ipv6, Location: 美国, ISP: Oracle Corporation, Date: None, Delay: -1 ms, Speed: 0.00 M/s, Resolution: None
Name: CCTV-10, URL: https://www.freetv.top/migu/624878405.m3u8?migutoken=5783d6764a44078f77c189aa651d24d01f75d2491bf506a64e6beb4a124aa6939c36d394986e5113c18af52d6caa965b757edb8436760bd448a102e94fdfe0e89f12cbfcd443a8bbfff3b85a4a, IPv_Type: ipv6, Location: 美国, ISP: Oracle Corporation, Date: None, Delay: -1 ms, Speed: 0.00 M/s, Resolution: None
Name: CCTV-10, URL: http://www.freetv.top/migu/624878405.m3u8?migutoken=994dc87ce4767211215bbc02fa208301259959a2d995deb9996c41b650e244fc75c3d5bae41d623bed5ba96aa38c7ea483d856771c119f74e8bb93fb60dc8304e146d0bf46405e88554d84e414, IPv_Type: ipv6, Location: 美国, ISP: Oracle Corporation, Date: None, Delay: -1 ms, Speed: 0.00 M/s, Resolution: None
Name: CCTV-10, URL: https://www.freetv.top/migu/624878405.m3u8?migutoken=e7e8abe9ae322869a93e8450014e08c5949217331c53007abb9f6eee64b06cc42f81828befee8b129005bcdebf805a1bbd19f0949e8329cf7ff4ab9379e930cfb8185ddf66c83b972ea6481e86, IPv_Type: ipv6, Location: 美国, ISP: Oracle Corporation, Date: None, Delay: -1 ms, Speed: 0.00 M/s, Resolution: None
Name: CCTV-10, URL: https://stream1.freetv.fun/6f4489c5bc615294be1c5af5c9abd1f0b3d4e9728da4a010e6385f2ca11facb0.m3u8, IPv_Type: ipv6, Location: 美国, ISP: CloudFlare Inc., Date: None, Delay: -1 ms, Speed: 0.00 M/s, Resolution: None
Name: CCTV-10, URL: http://3501776.xyz:35455/gaoma/cctv10.m3u8, IPv_Type: ipv6, Location: 中国, ISP: 中国电信, Date: None, Delay: -1 ms, Speed: 0.00 M/s, Resolution: None
Name: CCTV-10, URL: http://[2409:8087:74f0:22::4]:6410/270000001128/9900000506/index.m3u8, IPv_Type: ipv6, Location: 中国, ISP: 中国移动, Date: None, Delay: -1 ms, Speed: 0.00 M/s, Resolution: None
Name: CCTV-10, URL: http://[2409:8087:1a01:df::7005]/ottrrs.hl.chinamobile.com/PLTV/88888888/224/3221226473/index.m3u8, IPv_Type: ipv6, Location: 中国, ISP: 中国移动, Date: None, Delay: -1 ms, Speed: 0.00 M/s, Resolution: None
Name: CCTV-10, URL: http://[2409:8087:1a01:df::7005]:80/ottrrs.hl.chinamobile.com/PLTV/88888888/224/3221226473/index.m3u8, IPv_Type: ipv6, Location: 中国, ISP: 中国移动, Date: None, Delay: -1 ms, Speed: 0.00 M/s, Resolution: None
Name: CCTV-10, URL: https://t.freetv.fun/live/cctv10-3.php, IPv_Type: ipv6, Location: 美国, ISP: CloudFlare Inc., Date: None, Delay: -1 ms, Speed: 0.00 M/s, Resolution: None
Name: CCTV-10, URL: https://t.freetv.fun/live/cctv-10-2.m3u8, IPv_Type: ipv6, Location: 美国, ISP: CloudFlare Inc., Date: None, Delay: -1 ms, Speed: 0.00 M/s, Resolution: None
Name: CCTV-10, URL: http://mgsp-hs2.live.miguvideo.com:8088/migu/kailu/cctv10hd265/54/20200407/index.m3u8?msisdn=2be6b2ec9fcf10d2c2457e2c710e172c&mdspid=&spid=699004&netType=0&sid=5500212874&pid=2028597139&timestamp=20260225080204&Channel_ID=0116_2600034600-99000-201600010010028&ProgramID=624878405&ParentNodeID=-99&assertID=5500212874&client_ip=218.28.233.106&SecurityKey=20260225080204&promotionId=&mvid=5100001696&mcid=500020&playurlVersion=WX-A1-9.2.1-RELEASE&userid=&jmhm=&videocodec=h265&appCode=miguvideo_android&bean=mgspad&tid=android&conFee=0&encrypt=3bb7f9c829bee0a77bd39a8cd3b3f6e5&sv=10004&ct=android, IPv_Type: ipv6, Location: 中国, ISP: 中国联通, Date: None, Delay: -1 ms, Speed: 0.00 M/s, Resolution: None
Name: CCTV-10, URL: https://t.freetv.fun/live/cctv-10-3.php, IPv_Type: ipv6, Location: 美国, ISP: CloudFlare Inc., Date: None, Delay: -1 ms, Speed: 0.00 M/s, Resolution: None
Name: CCTV-10, URL: http://[2409:8087:1a01:df::4077]/ottrrs.hl.chinamobile.com/PLTV/88888888/224/3221225730/index.m3u8, IPv_Type: ipv6, Location: 中国, ISP: 中国移动, Date: None, Delay: -1 ms, Speed: 0.00 M/s, Resolution: None
Name: CCTV-10, URL: http://38.75.136.137:98/gslb/dsdqbv/cctv10hd.m3u8?auth=test20251009, IPv_Type: ipv4, Location: 美国-哥伦比亚特区-哥伦比亚特区, ISP: Cogent, Date: None, Delay: 5949 ms, Speed: 0.97 M/s, Resolution: 1920x1080
Name: CCTV-11, URL: https://migu.188766.xyz/?migutoken=2caa75c089d1fbcf471112c59dc4021c&id=CCTV11&type=yy, IPv_Type: ipv6, Location: 美国, ISP: CloudFlare Inc., Date: None, Delay: -1 ms, Speed: 0.00 M/s, Resolution: None
Name: CCTV-11, URL: https://iptv.catvod.com/live.php?id=CCTV11&line=2, IPv_Type: ipv6, Location: 美国, ISP: CloudFlare Inc., Date: None, Delay: -1 ms, Speed: 0.00 M/s, Resolution: None
Name: CCTV-11, URL: https://iptv.catvod.com/live.php?id=CCTV11&line=7, IPv_Type: ipv6, Location: 美国, ISP: CloudFlare Inc., Date: None, Delay: -1 ms, Speed: 0.00 M/s, Resolution: None
Name: CCTV-11, URL: https://iptv.catvod.com/live.php?id=CCTV11&line=4, IPv_Type: ipv6, Location: 美国, ISP: CloudFlare Inc., Date: None, Delay: -1 ms, Speed: 0.00 M/s, Resolution: None
Name: CCTV-11, URL: https://iptv.catvod.com/live.php?id=CCTV11&line=5, IPv_Type: ipv6, Location: 美国, ISP: CloudFlare Inc., Date: None, Delay: -1 ms, Speed: 0.00 M/s, Resolution: None
Name: CCTV-11, URL: https://iptv.catvod.com/live.php?id=CCTV11&line=3, IPv_Type: ipv6, Location: 美国, ISP: CloudFlare Inc., Date: None, Delay: -1 ms, Speed: 0.00 M/s, Resolution: None
Name: CCTV-11, URL: https://mgtv.ottiptv.cc/mg/667987558.m3u8?userid=5559462299&sign=736060a8a966193d1e97b68b457a6be7ba6420890817408f94c97d51e4c7a05ac2e3de74ddbd6509759514ba49183091f9924842f8b11430068d95cec2cceca36906e5b68d02d3111c8dc379279f14ddd7&auth_token=1b99577efa5a3442ca4c7820d6e0b4e8, IPv_Type: ipv6, Location: 美国, ISP: Oracle Corporation, Date: None, Delay: -1 ms, Speed: 0.00 M/s, Resolution: None
Name: CCTV-11, URL: http://[2409:8087:1a15:10d1::34]/ottrrs.hl.chinamobile.com/PLTV/88888888/224/3221226565/index.m3u8, IPv_Type: ipv6, Location: 中国, ISP: 中国移动, Date: None, Delay: -1 ms, Speed: 0.00 M/s, Resolution: None
Name: CCTV-11, URL: https://iptv.catvod.com/live.php?id=CCTV11&line=1, IPv_Type: ipv6, Location: 美国, ISP: CloudFlare Inc., Date: None, Delay: -1 ms, Speed: 0.00 M/s, Resolution: None
Name: CCTV-11, URL: https://iptv.catvod.com/live.php?id=CCTV11&line=6, IPv_Type: ipv6, Location: 美国, ISP: CloudFlare Inc., Date: None, Delay: -1 ms, Speed: 0.00 M/s, Resolution: None
Name: CCTV-11, URL: https://iptv.catvod.com/live.php?id=CCTV11&line=8, IPv_Type: ipv6, Location: 美国, ISP: CloudFlare Inc., Date: None, Delay: -1 ms, Speed: 0.00 M/s, Resolution: None
Name: CCTV-11, URL: https://iptv.catvod.com/live.php?id=CCTV11&line=9, IPv_Type: ipv6, Location: 美国, ISP: CloudFlare Inc., Date: None, Delay: -1 ms, Speed: 0.00 M/s, Resolution: None
Name: CCTV-11, URL: https://iptv.catvod.com/live.php?id=CCTV11&line=10, IPv_Type: ipv6, Location: 美国, ISP: CloudFlare Inc., Date: None, Delay: -1 ms, Speed: 0.00 M/s, Resolution: None
Name: CCTV-11, URL: https://iptv.catvod.com/live.php?id=CCTV11&line=11, IPv_Type: ipv6, Location: 美国, ISP: CloudFlare Inc., Date: None, Delay: -1 ms, Speed: 0.00 M/s, Resolution: None
Name: CCTV-11, URL: https://iptv.catvod.com/live.php?id=CCTV11&line=12, IPv_Type: ipv6, Location: 美国, ISP: CloudFlare Inc., Date: None, Delay: -1 ms, Speed: 0.00 M/s, Resolution: None
Name: CCTV-11, URL: https://iptv.catvod.com/live.php?id=CCTV11&line=13, IPv_Type: ipv6, Location: 美国, ISP: CloudFlare Inc., Date: None, Delay: -1 ms, Speed: 0.00 M/s, Resolution: None
Name: CCTV-11, URL: https://iptv.catvod.com/live.php?id=CCTV11&line=14, IPv_Type: ipv6, Location: 美国, ISP: CloudFlare Inc., Date: None, Delay: -1 ms, Speed: 0.00 M/s, Resolution: None
Name: CCTV-11, URL: https://iptv.catvod.com/live.php?id=CCTV11&line=15, IPv_Type: ipv6, Location: 美国, ISP: CloudFlare Inc., Date: None, Delay: -1 ms, Speed: 0.00 M/s, Resolution: None
Name: CCTV-11, URL: https://hls-gateway.vpstv.net/streams/476897.m3u8, IPv_Type: ipv6, Location: 美国, ISP: CloudFlare Inc., Date: None, Delay: -1 ms, Speed: 0.00 M/s, Resolution: None
Name: CCTV-11, URL: http://iptv.huuc.edu.cn/hls/cctv11hd.m3u8, IPv_Type: ipv6, Location: 中国, ISP: 教育网, Date: None, Delay: -1 ms, Speed: 0.00 M/s, Resolution: None
Name: CCTV-11, URL: http://[2409:8087:8:21::18]:6610/otttv.bj.chinamobile.com/PLTV/88888888/224/3221226334/1.m3u8, IPv_Type: ipv6, Location: 中国, ISP: 中国移动, Date: None, Delay: -1 ms, Speed: 0.00 M/s, Resolution: None
Name: CCTV-11, URL: https://migu.188766.xyz/?migutoken=1b0f05f2c5ddec16f347aae0cf8db54c&id=CCTV11&type=yy, IPv_Type: ipv6, Location: 美国, ISP: CloudFlare Inc., Date: None, Delay: -1 ms, Speed: 0.00 M/s, Resolution: None
Name: CCTV-11, URL: http://[2409:8087:1a01:df::4077]/ottrrs.hl.chinamobile.com/PLTV/88888888/8/3221225597/index.m3u8, IPv_Type: ipv6, Location: 中国, ISP: 中国移动, Date: None, Delay: -1 ms, Speed: 0.00 M/s, Resolution: None
Name: CCTV-11, URL: https://www.freetv.top/migu/667987558.m3u8?migutoken=0960d7e074be53abeacd988e7daaca6d1477b1f255f98a01c33c7adf74ac246fe65a23451c3cff9b1203a6285cec778b6d488bd805e9d2433abe3ca23eb24e4f2a5f36bba821773558e1dec231, IPv_Type: ipv6, Location: 美国, ISP: Oracle Corporation, Date: None, Delay: -1 ms, Speed: 0.00 M/s, Resolution: None
Name: CCTV-11, URL: http://[2409:8087:1a01:df::4077]:80/ottrrs.hl.chinamobile.com/yinhe/88888888/224/3221225597/index.m3u8, IPv_Type: ipv6, Location: 中国, ISP: 中国移动, Date: None, Delay: -1 ms, Speed: 0.00 M/s, Resolution: None
Name: CCTV-11, URL: http://[2409:8087:1a01:df::4077]/ottrrs.hl.chinamobile.com/yinhe/88888888/224/3221225597/index.m3u8, IPv_Type: ipv6, Location: 中国, ISP: 中国移动, Date: None, Delay: -1 ms, Speed: 0.00 M/s, Resolution: None
Name: CCTV-11, URL: http://[2409:8087:1a01:df::4077]:80/ottrrs.hl.chinamobile.com/PLTV/88888888/8/3221225597/index.m3u8, IPv_Type: ipv6, Location: 中国, ISP: 中国移动, Date: None, Delay: -1 ms, Speed: 0.00 M/s, Resolution: None
Name: CCTV-11, URL: http://[2409:8087:1a01:df::4077]:80/ottrrs.hl.chinamobile.com/PLTV/88888888/224/3221225597/index.m3u8, IPv_Type: ipv6, Location: 中国, ISP: 中国移动, Date: None, Delay: -1 ms, Speed: 0.00 M/s, Resolution: None
Name: CCTV-11, URL: https://www.freetv.top/migu/667987558.m3u8?migutoken=b64f3a361e8074b39bbbad35bdf17e43f722bcfa61647fe1ac137ea76cd90f034c1ab08fffb962f33c8dbe34b78847898aa262bf4eb0da6bbe3ef3975c49ee67fa1049054ac575c70a5fe5836e, IPv_Type: ipv6, Location: 美国, ISP: Oracle Corporation, Date: None, Delay: -1 ms, Speed: 0.00 M/s, Resolution: None
Name: CCTV-11, URL: https://www.freetv.top/migu/667987558.m3u8?migutoken=408059f9700f7f56e62184e265e65547e81239e202e8eca9e4c8b6af6d24f1b95ecc82d9a995833141f0ac6d599ff24fc9f1a323a6beb60301088388f1601c0e7c72b52ba0a58472e525714823, IPv_Type: ipv6, Location: 美国, ISP: Oracle Corporation, Date: None, Delay: -1 ms, Speed: 0.00 M/s, Resolution: None
Name: CCTV-11, URL: https://www.freetv.top/migu/667987558.m3u8?migutoken=14896515d1514a4437b9fc787f82cc339fe93aeeb6c156d0db550c36ad47ad15227653e5e1212a901544141c80eaeb141492d17e72b51ec0f8367c6081e6f56027d717b45ee0502bd44fc7b295, IPv_Type: ipv6, Location: 美国, ISP: Oracle Corporation, Date: None, Delay: -1 ms, Speed: 0.00 M/s, Resolution: None
Name: CCTV-11, URL: https://www.freetv.top/migu/667987558.m3u8?migutoken=16827d54043eba69d051685229b1d0623c01f398f643b3a7d912c9929d6525025ef57eb61666d45bb70dfc86405aa336ca762f0bda4f0284d98eddae4042805df42661f954a1d40820829ec8c2, IPv_Type: ipv6, Location: 美国, ISP: Oracle Corporation, Date: None, Delay: -1 ms, Speed: 0.00 M/s, Resolution: None
Name: CCTV-11, URL: https://www.freetv.top/migu/667987558.m3u8?migutoken=6f0aba8bb528e29d40340f6930899fd9d7af9fd013c355a61146d5528e6ac297c46d65935ffcea640455737c324736dd8a29f22083f5450155873c9e89d3a4fb8b6b92b897a7dc62ad55fd891d, IPv_Type: ipv6, Location: 美国, ISP: Oracle Corporation, Date: None, Delay: -1 ms, Speed: 0.00 M/s, Resolution: None
Name: CCTV-11, URL: https://www.freetv.top/migu/667987558.m3u8?migutoken=94966fdba4386de76a59ad1052a1c8095cf8663510a3916813c5e60acb984ae723c749b8fc8917a8201dcae662c135045ceb026cdb90e5c76804938cb26605a70e496eb6695eb30a63b32270a9, IPv_Type: ipv6, Location: 美国, ISP: Oracle Corporation, Date: None, Delay: -1 ms, Speed: 0.00 M/s, Resolution: None
Name: CCTV-11, URL: https://www.freetv.top/migu/667987558.m3u8?migutoken=1d0a7c51349d0d29392d62f5685c0adeccb58bc9a3ffea11a91caa97486b3676f1419283c7373cda120fc07d90d911e4191c58663b10666354a5140046e37437b3dfa6cb78242873fb16b97565, IPv_Type: ipv6, Location: 美国, ISP: Oracle Corporation, Date: None, Delay: -1 ms, Speed: 0.00 M/s, Resolution: None
Name: CCTV-11, URL: https://www.freetv.top/migu/667987558.m3u8?migutoken=dbfc420c420e30228efe23e562fc0ee670a65ddac45cc355845b855f27a4e5ba04a7e18d73eb58be7427a4bed6ef9056659fbcf58979a56ccbe84899cfdf0644fc1215333ca6210639196795f2, IPv_Type: ipv6, Location: 美国, ISP: Oracle Corporation, Date: None, Delay: -1 ms, Speed: 0.00 M/s, Resolution: None
Name: CCTV-11, URL: https://www.freetv.top/migu/667987558.m3u8?migutoken=4c903e5316196f2e3d586dc059cbb28c4bee023a690e5e366a6178f6c339df906f37cc0cf3efc277fd847991bc5c69f5d53eb0a19222cf25d5a646a7ae998a25cefc549cdf0f8c5a1c2d38fe88, IPv_Type: ipv6, Location: 美国, ISP: Oracle Corporation, Date: None, Delay: -1 ms, Speed: 0.00 M/s, Resolution: None
Name: CCTV-11, URL: https://www.freetv.top/migu/667987558.m3u8?migutoken=0889c33c8749b813b28c533d0ceb5e64bdf62396a1f0d2d849b8980a53dc7a8553dda3a862c070fb58ada9d23f299446643d38d44ab5b1506b0ff3a5033bd766ae621fd4e8c886ae46a9905d73, IPv_Type: ipv6, Location: 美国, ISP: Oracle Corporation, Date: None, Delay: -1 ms, Speed: 0.00 M/s, Resolution: None
Name: CCTV-11, URL: https://www.freetv.top/migu/667987558.m3u8?migutoken=dfda8acb7dfd1d1149e2e4a381e46a298c47e88f939d7deef7846d6e15f76fc596a0a58e349a64678edbb921fc353b458211c4bbf22e23bb75fd1dc9384d8c251c729958bddd28ec81d8c0922f, IPv_Type: ipv6, Location: 美国, ISP: Oracle Corporation, Date: None, Delay: -1 ms, Speed: 0.00 M/s, Resolution: None
Name: CCTV-11, URL: http://3501776.xyz:35455/itv/1000000005000265011.m3u8?cdn=ystenlive, IPv_Type: ipv6, Location: 中国, ISP: 中国电信, Date: None, Delay: -1 ms, Speed: 0.00 M/s, Resolution: None
Name: CCTV-11, URL: http://[2409:8087:74f0:22::4]:6410/270000001128/9900000508/index.m3u8, IPv_Type: ipv6, Location: 中国, ISP: 中国移动, Date: None, Delay: -1 ms, Speed: 0.00 M/s, Resolution: None
Name: CCTV-11, URL: http://[2409:8087:1a01:df::7005]/ottrrs.hl.chinamobile.com/PLTV/88888888/224/3221226565/index.m3u8, IPv_Type: ipv6, Location: 中国, ISP: 中国移动, Date: None, Delay: -1 ms, Speed: 0.00 M/s, Resolution: None
Name: CCTV-11, URL: http://[2409:8087:1a01:df::7005]:80/ottrrs.hl.chinamobile.com/PLTV/88888888/224/3221226565/index.m3u8, IPv_Type: ipv6, Location: 中国, ISP: 中国移动, Date: None, Delay: -1 ms, Speed: 0.00 M/s, Resolution: None
Name: CCTV-11, URL: https://t.freetv.fun/live/cctv-11.php, IPv_Type: ipv6, Location: 美国, ISP: CloudFlare Inc., Date: None, Delay: -1 ms, Speed: 0.00 M/s, Resolution: None
Name: CCTV-11, URL: https://t.freetv.fun/live/cctv11-2.php, IPv_Type: ipv6, Location: 美国, ISP: CloudFlare Inc., Date: None, Delay: -1 ms, Speed: 0.00 M/s, Resolution: None
Name: CCTV-11, URL: https://t.freetv.fun/live/cctv11-3.m3u8, IPv_Type: ipv6, Location: 美国, ISP: CloudFlare Inc., Date: None, Delay: -1 ms, Speed: 0.00 M/s, Resolution: None
Name: CCTV-11, URL: https://t.freetv.fun/live/cctv11-1.m3u8, IPv_Type: ipv6, Location: 美国, ISP: CloudFlare Inc., Date: None, Delay: -1 ms, Speed: 0.00 M/s, Resolution: None
Name: CCTV-11, URL: http://mgsp-zy2.live.miguvideo.com:8088/migu/kailu/cctv11hd265/54/20200407/index.m3u8?msisdn=2be6b2ec9fcf10d2c2457e2c710e172c&mdspid=&spid=699004&netType=0&sid=5500988610&pid=2028597139&timestamp=20260225080204&Channel_ID=0116_2600034600-99000-201600010010028&ProgramID=667987558&ParentNodeID=-99&assertID=5500988610&client_ip=218.28.233.106&SecurityKey=20260225080204&promotionId=&mvid=5102751362&mcid=500020&playurlVersion=WX-A1-9.2.1-RELEASE&userid=&jmhm=&videocodec=h265&appCode=miguvideo_android&bean=mgspad&tid=android&conFee=0&encrypt=b9f3e191c2036161ab374fb6755c98b3&sv=10004&ct=android, IPv_Type: ipv6, Location: 中国, ISP: 中国电信, Date: None, Delay: -1 ms, Speed: 0.00 M/s, Resolution: None
Name: CCTV-11, URL: http://[2409:8087:1a01:df::4077]/ottrrs.hl.chinamobile.com/PLTV/88888888/224/3221225597/index.m3u8, IPv_Type: ipv6, Location: 中国, ISP: 中国移动, Date: None, Delay: -1 ms, Speed: 0.00 M/s, Resolution: None
Name: CCTV-11, URL: http://38.75.136.137:98/gslb/dsdqbv/cctv11hd.m3u8?auth=test20251009, IPv_Type: ipv4, Location: 美国-哥伦比亚特区-哥伦比亚特区, ISP: Cogent, Date: None, Delay: 4205 ms, Speed: 0.96 M/s, Resolution: 1920x1080
Name: CCTV-11, URL: http://69.30.246.194/live/cctv11.m3u8, IPv_Type: ipv4, Location: 美国-密苏里州-杰克逊县, ISP: WholeSale互联网股份有限公司, Date: None, Delay: 9238 ms, Speed: 0.49 M/s, Resolution: 1920x1080
Name: CCTV-12, URL: https://migu.188766.xyz/?migutoken=dcb23aadd4d94dbbf315f554895897d8&id=CCTV12&type=yy, IPv_Type: ipv6, Location: 美国, ISP: CloudFlare Inc., Date: None, Delay: -1 ms, Speed: 0.00 M/s, Resolution: None
Name: CCTV-12, URL: https://iptv.catvod.com/live.php?id=CCTV12&line=2, IPv_Type: ipv6, Location: 美国, ISP: CloudFlare Inc., Date: None, Delay: -1 ms, Speed: 0.00 M/s, Resolution: None
Name: CCTV-12, URL: https://iptv.catvod.com/live.php?id=CCTV12&line=5, IPv_Type: ipv6, Location: 美国, ISP: CloudFlare Inc., Date: None, Delay: -1 ms, Speed: 0.00 M/s, Resolution: None
Name: CCTV-12, URL: https://iptv.catvod.com/live.php?id=CCTV12, IPv_Type: ipv6, Location: 美国, ISP: CloudFlare Inc., Date: None, Delay: -1 ms, Speed: 0.00 M/s, Resolution: None
Name: CCTV-12, URL: https://iptv.catvod.com/live.php?id=CCTV12&line=1, IPv_Type: ipv6, Location: 美国, ISP: CloudFlare Inc., Date: None, Delay: -1 ms, Speed: 0.00 M/s, Resolution: None
Name: CCTV-12, URL: https://iptv.catvod.com/live.php?id=CCTV12&line=10, IPv_Type: ipv6, Location: 美国, ISP: CloudFlare Inc., Date: None, Delay: -1 ms, Speed: 0.00 M/s, Resolution: None
Name: CCTV-12, URL: https://iptv.catvod.com/live.php?id=CCTV12&line=7, IPv_Type: ipv6, Location: 美国, ISP: CloudFlare Inc., Date: None, Delay: -1 ms, Speed: 0.00 M/s, Resolution: None
Name: CCTV-12, URL: https://mgtv.ottiptv.cc/mg/673168185.m3u8?userid=5559462299&sign=363c86cbd5cca1a866567123988290d66f7d4a96e269b7c70a4d6117b44e4a17ca7bf9004a48c7fbeb615ff52a9555c9ec101f95e5ae4006697a121d2066a1e24f103ffb8d9cd3d4c5ac8528fb57ef8a14&auth_token=1b99577efa5a3442ca4c7820d6e0b4e8, IPv_Type: ipv6, Location: 美国, ISP: Oracle Corporation, Date: None, Delay: -1 ms, Speed: 0.00 M/s, Resolution: None
Name: CCTV-12, URL: http://[2409:8087:1a15:10d1::34]/ottrrs.hl.chinamobile.com/PLTV/88888888/224/3221225731/index.m3u8, IPv_Type: ipv6, Location: 中国, ISP: 中国移动, Date: None, Delay: -1 ms, Speed: 0.00 M/s, Resolution: None
Name: CCTV-12, URL: http://[2409:8087:1a15:10d1::36]/ottrrs.hl.chinamobile.com/PLTV/88888888/224/3221226568/index.m3u8, IPv_Type: ipv6, Location: 中国, ISP: 中国移动, Date: None, Delay: -1 ms, Speed: 0.00 M/s, Resolution: None
Name: CCTV-12, URL: https://iptv.catvod.com/live.php?id=CCTV12&line=3, IPv_Type: ipv6, Location: 美国, ISP: CloudFlare Inc., Date: None, Delay: -1 ms, Speed: 0.00 M/s, Resolution: None
Name: CCTV-12, URL: https://iptv.catvod.com/live.php?id=CCTV12&line=4, IPv_Type: ipv6, Location: 美国, ISP: CloudFlare Inc., Date: None, Delay: -1 ms, Speed: 0.00 M/s, Resolution: None
Name: CCTV-12, URL: https://iptv.catvod.com/live.php?id=CCTV12&line=8, IPv_Type: ipv6, Location: 美国, ISP: CloudFlare Inc., Date: None, Delay: -1 ms, Speed: 0.00 M/s, Resolution: None
Name: CCTV-12, URL: https://iptv.catvod.com/live.php?id=CCTV12&line=9, IPv_Type: ipv6, Location: 美国, ISP: CloudFlare Inc., Date: None, Delay: -1 ms, Speed: 0.00 M/s, Resolution: None
Name: CCTV-12, URL: https://iptv.catvod.com/live.php?id=CCTV12&line=11, IPv_Type: ipv6, Location: 美国, ISP: CloudFlare Inc., Date: None, Delay: -1 ms, Speed: 0.00 M/s, Resolution: None
Name: CCTV-12, URL: https://iptv.catvod.com/live.php?id=CCTV12&line=12, IPv_Type: ipv6, Location: 美国, ISP: CloudFlare Inc., Date: None, Delay: -1 ms, Speed: 0.00 M/s, Resolution: None
Name: CCTV-12, URL: https://iptv.catvod.com/live.php?id=CCTV12&line=13, IPv_Type: ipv6, Location: 美国, ISP: CloudFlare Inc., Date: None, Delay: -1 ms, Speed: 0.00 M/s, Resolution: None
Name: CCTV-12, URL: https://iptv.catvod.com/live.php?id=CCTV12&line=14, IPv_Type: ipv6, Location: 美国, ISP: CloudFlare Inc., Date: None, Delay: -1 ms, Speed: 0.00 M/s, Resolution: None
Name: CCTV-12, URL: https://hls-gateway.vpstv.net/streams/476898.m3u8, IPv_Type: ipv6, Location: 美国, ISP: CloudFlare Inc., Date: None, Delay: -1 ms, Speed: 0.00 M/s, Resolution: None
Name: CCTV-12, URL: http://iptv.huuc.edu.cn/hls/cctv12hd.m3u8, IPv_Type: ipv6, Location: 中国, ISP: 教育网, Date: None, Delay: -1 ms, Speed: 0.00 M/s, Resolution: None
Name: CCTV-12, URL: http://[2409:8087:8:21::18]:6610/otttv.bj.chinamobile.com/PLTV/88888888/224/3221226942/1.m3u8, IPv_Type: ipv6, Location: 中国, ISP: 中国移动, Date: None, Delay: -1 ms, Speed: 0.00 M/s, Resolution: None
Name: CCTV-12, URL: https://migu.188766.xyz/?migutoken=31db9ffc90b48e979ff19d3b45cdd81a&id=CCTV12&type=yy, IPv_Type: ipv6, Location: 美国, ISP: CloudFlare Inc., Date: None, Delay: -1 ms, Speed: 0.00 M/s, Resolution: None
Name: CCTV-12, URL: http://[2409:8087:1a01:df::4077]:80/ottrrs.hl.chinamobile.com/TVOD/88888888/224/3221225731/index.m3u8, IPv_Type: ipv6, Location: 中国, ISP: 中国移动, Date: None, Delay: -1 ms, Speed: 0.00 M/s, Resolution: None
Name: CCTV-12, URL: http://wouu.net:9977/udp/239.93.1.30:8124, IPv_Type: ipv6, Location: 保留地址, ISP: 主机之间的链路本地地址, Date: None, Delay: -1 ms, Speed: 0.00 M/s, Resolution: None
Name: CCTV-12, URL: http://[2409:8087:1a01:df::4077]/ottrrs.hl.chinamobile.com/PLTV/88888888/8/3221225731/index.m3u8, IPv_Type: ipv6, Location: 中国, ISP: 中国移动, Date: None, Delay: -1 ms, Speed: 0.00 M/s, Resolution: None
Name: CCTV-12, URL: http://[2409:8087:1a01:df::4077]:80/ottrrs.hl.chinamobile.com/PLTV/88888888/224/3221225731/index.m3u8, IPv_Type: ipv6, Location: 中国, ISP: 中国移动, Date: None, Delay: -1 ms, Speed: 0.00 M/s, Resolution: None
Name: CCTV-12, URL: http://[2409:8087:1a01:df::4077]:80/ottrrs.hl.chinamobile.com/PLTV/88888888/8/3221225731/index.m3u8, IPv_Type: ipv6, Location: 中国, ISP: 中国移动, Date: None, Delay: -1 ms, Speed: 0.00 M/s, Resolution: None
Name: CCTV-12, URL: http://[2409:8087:1a01:df::4077]/ottrrs.hl.chinamobile.com/yinhe/88888888/224/3221225731/index.m3u8, IPv_Type: ipv6, Location: 中国, ISP: 中国移动, Date: None, Delay: -1 ms, Speed: 0.00 M/s, Resolution: None
Name: CCTV-12, URL: https://www.freetv.top/migu/673168185.m3u8?migutoken=76bebb6e232f0fab2255a916973032f09dc402780dd9463245d5237e70aa9461dc91a243e619fe0da57b167eb3d0dea54b5eb6fc957bb9cb07fe18e072e9c76b6e8a128db454b6b97d90206f5a, IPv_Type: ipv6, Location: 美国, ISP: Oracle Corporation, Date: None, Delay: -1 ms, Speed: 0.00 M/s, Resolution: None
Name: CCTV-12, URL: https://www.freetv.top/migu/673168185.m3u8?migutoken=a099c4781935e65ce141b770794c3b43ae66c9cff99a441ab85b8a676ceb9472ea0e60b610403e97c019904f7c814c2524dc1f8f884664706b7b5a1ce4fd076c7f8c776c9d73f4a0fc12b259f3, IPv_Type: ipv6, Location: 美国, ISP: Oracle Corporation, Date: None, Delay: -1 ms, Speed: 0.00 M/s, Resolution: None
Name: CCTV-12, URL: https://www.freetv.top/migu/673168185.m3u8?migutoken=ca060ebeb7798a2bd7e8b8cb4143386b12a2629519220accd5fd0a77a147ab06630fd8cf65f82517ba9db18cc4b5c5edf350c0734fdddbc216781b9944d8e7eaf326bac636110e27fcd980f4e2, IPv_Type: ipv6, Location: 美国, ISP: Oracle Corporation, Date: None, Delay: -1 ms, Speed: 0.00 M/s, Resolution: None
Name: CCTV-12, URL: https://www.freetv.top/migu/673168185.m3u8?migutoken=2c8ff357aa2421f58bdbe7599a401e91b4e82c915fb4cdc01b7b5958d324557b8fe0b9dfc2848124c14b3c90fbeeaaec9a973e08efe51011771d0fbfcdfb36bbb23ba40211547f349c501b6997, IPv_Type: ipv6, Location: 美国, ISP: Oracle Corporation, Date: None, Delay: -1 ms, Speed: 0.00 M/s, Resolution: None
Name: CCTV-12, URL: https://www.freetv.top/migu/673168185.m3u8?migutoken=dd69c6da4ca875bfa3b2c373a896be579823c971f68c14aae1624ddc25a0b5bbf046484c0809601c25014abc49cfbf2f72bf0c59ab5ff81f304a187856c7a50e4d2b12f9eaf5d5627b50786e85, IPv_Type: ipv6, Location: 美国, ISP: Oracle Corporation, Date: None, Delay: -1 ms, Speed: 0.00 M/s, Resolution: None
Name: CCTV-12, URL: http://3501776.xyz:35455/gaoma/cctv12.m3u8, IPv_Type: ipv6, Location: 中国, ISP: 中国电信, Date: None, Delay: -1 ms, Speed: 0.00 M/s, Resolution: None
Name: CCTV-12, URL: https://www.freetv.top/migu/673168185.m3u8?migutoken=6da0b98d673331a792733285434b6f75aefe1d72574d51d388f210f853362b7f5cd07a7969ae76778b0d05129f6c205abeb3a168906b638ece23bdde93d5a86f47482052cd9b44f53ceefb2207, IPv_Type: ipv6, Location: 美国, ISP: Oracle Corporation, Date: None, Delay: -1 ms, Speed: 0.00 M/s, Resolution: None
Name: CCTV-12, URL: https://www.freetv.top/migu/673168185.m3u8?migutoken=5423237e9d331ddbd254f9b34f235d2d3a581587f12081d6f4dc2e5fd33889675377b585750675d9d08c0a7620fee257f9f2994877ebd92907417411e935c2e49fbcbe53ead412cd81dfa7dfba, IPv_Type: ipv6, Location: 美国, ISP: Oracle Corporation, Date: None, Delay: -1 ms, Speed: 0.00 M/s, Resolution: None
Name: CCTV-12, URL: https://www.freetv.top/migu/673168185.m3u8?migutoken=876a940958defb8a6514e54b9a992f0208f7db15754439ec4131d690bb68982f44bdfa6edbdbbdaf91035ca931a5577a8de3f1af81b18ee26104662899818f2703ab8bf49c63365ef4c1abb782, IPv_Type: ipv6, Location: 美国, ISP: Oracle Corporation, Date: None, Delay: -1 ms, Speed: 0.00 M/s, Resolution: None
Name: CCTV-12, URL: https://www.freetv.top/migu/673168185.m3u8?migutoken=31f1f7706893174b07ad63d278f68bdbc05d1220b36e0b0e4562d7f178a678551b4a327c4a82e2d31097779e60029fb200d4b109d504cc7e3b1b689ebc69e062a20f41e4bbba0fadcf402d0293, IPv_Type: ipv6, Location: 美国, ISP: Oracle Corporation, Date: None, Delay: -1 ms, Speed: 0.00 M/s, Resolution: None
Name: CCTV-12, URL: https://www.freetv.top/migu/673168185.m3u8?migutoken=ff6a5a89e6ad0f73cd78424df3be0abe3743e8bbd37698f2dcee8ece0d6ffbe0c1205c704c08924958889799dcc66d9333f4273e5dc9ead670713fd2b2292e201873fb66020ec85899c7bd2a05, IPv_Type: ipv6, Location: 美国, ISP: Oracle Corporation, Date: None, Delay: -1 ms, Speed: 0.00 M/s, Resolution: None
Name: CCTV-12, URL: https://epg.pw/stream/aedb71e61961cd2a5a5b9a8a83b8ae489c9408e6b420593aecb92cc36de628fe.m3u8, IPv_Type: ipv6, Location: 美国, ISP: CloudFlare Inc., Date: None, Delay: -1 ms, Speed: 0.00 M/s, Resolution: None
Name: CCTV-12, URL: https://www.freetv.top/migu/673168185.m3u8?migutoken=40766e9859972e6ae171d58afa7e850faae4246a22bcbd157d273c1bd3b350c0a628f5bf360a7db1d2783c2aadcb2234c9655b4da63085bdef253dcca0b0c76b5ac80d0f95782b3b7bd4a0e881, IPv_Type: ipv6, Location: 美国, ISP: Oracle Corporation, Date: None, Delay: -1 ms, Speed: 0.00 M/s, Resolution: None
Name: CCTV-12, URL: https://www.freetv.top/migu/673168185.m3u8?migutoken=850e10c4b3e2559846e644627d1497207d19de95ff18847d49e0964a8624df5197b1262ebe2daea9c3cfc41d24fec5145f55e042a0eec5e360ac914bf90f7be722595f32839fa076275e91b466, IPv_Type: ipv6, Location: 美国, ISP: Oracle Corporation, Date: None, Delay: -1 ms, Speed: 0.00 M/s, Resolution: None
Name: CCTV-12, URL: https://www.freetv.top/migu/673168185.m3u8?migutoken=37acadb43b1d7932b0a1e8a4f2d01a06b42a10c31f3ccb417bae200ac3028f30a8110509f2cd6cd130aee4b21c85693aa49817f3381e4d28e140d8db1a20b6fecea22fec17a70ff1341efe6081, IPv_Type: ipv6, Location: 美国, ISP: Oracle Corporation, Date: None, Delay: -1 ms, Speed: 0.00 M/s, Resolution: None
Name: CCTV-12, URL: http://www.freetv.top/migu/673168185.m3u8?migutoken=21a3954b28c73a4240272889ec94c3318c23068f666c79e61379cb154a890e4e7e3c998a578b29a381972f128751898531cb713221ff95385afec91149321ad772e31489fa01e553c8223e976a, IPv_Type: ipv6, Location: 美国, ISP: Oracle Corporation, Date: None, Delay: -1 ms, Speed: 0.00 M/s, Resolution: None
Name: CCTV-12, URL: http://[2409:8087:74f0:22::4]:6410/270000001128/9900000509/index.m3u8, IPv_Type: ipv6, Location: 中国, ISP: 中国移动, Date: None, Delay: -1 ms, Speed: 0.00 M/s, Resolution: None
Name: CCTV-12, URL: http://[2409:8087:1a01:df::7005]/ottrrs.hl.chinamobile.com/PLTV/88888888/224/3221226568/index.m3u8, IPv_Type: ipv6, Location: 中国, ISP: 中国移动, Date: None, Delay: -1 ms, Speed: 0.00 M/s, Resolution: None
Name: CCTV-12, URL: http://[2409:8087:1a01:df::7005]:80/ottrrs.hl.chinamobile.com/PLTV/88888888/224/3221226568/index.m3u8, IPv_Type: ipv6, Location: 中国, ISP: 中国移动, Date: None, Delay: -1 ms, Speed: 0.00 M/s, Resolution: None
Name: CCTV-12, URL: https://iptv.catvod.com/live.php?id=CCTV12&line=15, IPv_Type: ipv6, Location: 美国, ISP: CloudFlare Inc., Date: None, Delay: -1 ms, Speed: 0.00 M/s, Resolution: None
Name: CCTV-12, URL: https://iptv.catvod.com/live.php?id=CCTV12&line=16, IPv_Type: ipv6, Location: 美国, ISP: CloudFlare Inc., Date: None, Delay: -1 ms, Speed: 0.00 M/s, Resolution: None
Name: CCTV-12, URL: https://t.freetv.fun/live/cctv12-2.php, IPv_Type: ipv6, Location: 美国, ISP: CloudFlare Inc., Date: None, Delay: -1 ms, Speed: 0.00 M/s, Resolution: None
Name: CCTV-12, URL: https://t.freetv.fun/live/cctv12-1.php, IPv_Type: ipv6, Location: 美国, ISP: CloudFlare Inc., Date: None, Delay: -1 ms, Speed: 0.00 M/s, Resolution: None
Name: CCTV-12, URL: https://t.freetv.fun/live/cctv12-3.m3u8, IPv_Type: ipv6, Location: 美国, ISP: CloudFlare Inc., Date: None, Delay: -1 ms, Speed: 0.00 M/s, Resolution: None
Name: CCTV-12, URL: http://[2409:8087:1a01:df::4077]/ottrrs.hl.chinamobile.com/PLTV/88888888/224/3221225731/index.m3u8, IPv_Type: ipv6, Location: 中国, ISP: 中国移动, Date: None, Delay: -1 ms, Speed: 0.00 M/s, Resolution: None
Name: CCTV-12, URL: https://iptv.catvod.com/live.php?id=CCTV12&line=6, IPv_Type: ipv4, Location: 美国-加利福尼亚州-洛杉矶, ISP: IT7网络, Date: None, Delay: 80 ms, Speed: 13.63 M/s, Resolution: 1920x1080
Name: CCTV-12, URL: http://38.75.136.137:98/gslb/dsdqbv/cctv12hd.m3u8?auth=test20251009, IPv_Type: ipv4, Location: 美国-哥伦比亚特区-哥伦比亚特区, ISP: Cogent, Date: None, Delay: 1702 ms, Speed: 4.47 M/s, Resolution: 1920x1080
Name: CCTV-13, URL: https://migu.188766.xyz/?migutoken=dfa446c41e6094d412ae5202d1886a4c&id=CCTV13&type=yy, IPv_Type: ipv6, Location: 美国, ISP: CloudFlare Inc., Date: None, Delay: -1 ms, Speed: 0.00 M/s, Resolution: None
Name: CCTV-13, URL: https://iptv.catvod.com/live.php?id=CCTV13&line=4, IPv_Type: ipv6, Location: 美国, ISP: CloudFlare Inc., Date: None, Delay: -1 ms, Speed: 0.00 M/s, Resolution: None
Name: CCTV-13, URL: https://iptv.catvod.com/live.php?id=CCTV13&line=12, IPv_Type: ipv6, Location: 美国, ISP: CloudFlare Inc., Date: None, Delay: -1 ms, Speed: 0.00 M/s, Resolution: None
Name: CCTV-13, URL: https://iptv.catvod.com/live.php?id=CCTV13&line=2, IPv_Type: ipv6, Location: 美国, ISP: CloudFlare Inc., Date: None, Delay: -1 ms, Speed: 0.00 M/s, Resolution: None
Name: CCTV-13, URL: https://iptv.catvod.com/live.php?id=CCTV13&line=7, IPv_Type: ipv6, Location: 美国, ISP: CloudFlare Inc., Date: None, Delay: -1 ms, Speed: 0.00 M/s, Resolution: None
Name: CCTV-13, URL: https://iptv.catvod.com/live.php?id=CCTV13&line=13, IPv_Type: ipv6, Location: 美国, ISP: CloudFlare Inc., Date: None, Delay: -1 ms, Speed: 0.00 M/s, Resolution: None
Name: CCTV-13, URL: https://cdn3.163189.xyz/163189/cctv13, IPv_Type: ipv6, Location: 美国, ISP: CloudFlare Inc., Date: None, Delay: -1 ms, Speed: 0.00 M/s, Resolution: None
Name: CCTV-13, URL: https://epg.pw/stream/5d3d047c64e44d0a24dc33e5700e579457201d2960036b43819bd930a0bb76a7.m3u8, IPv_Type: ipv6, Location: 美国, ISP: CloudFlare Inc., Date: None, Delay: -1 ms, Speed: 0.00 M/s, Resolution: None
Name: CCTV-13, URL: https://mgtv.ottiptv.cc/mg/608807423.m3u8?userid=5559462299&sign=bbaec7f685e1c0234ab1862f2423b2c4b42d2f1ae386d7bb2b3f41d6806bcd8a19cc26011afe90198ad410b7baa69841dc262d754dba79de344aad924e911fd66f84ab57acd11adc797fd94e1fa37956ae&auth_token=1b99577efa5a3442ca4c7820d6e0b4e8, IPv_Type: ipv6, Location: 美国, ISP: Oracle Corporation, Date: None, Delay: -1 ms, Speed: 0.00 M/s, Resolution: None
Name: CCTV-13, URL: https://event.pull.hebtv.com/jishi/cp1.m3u8, IPv_Type: ipv6, Location: 中国, ISP: 中国电信, Date: None, Delay: -1 ms, Speed: 0.00 M/s, Resolution: None
Name: CCTV-13, URL: http://[2409:8087:1a15:10d1::35]/ottrrs.hl.chinamobile.com/PLTV/88888888/224/3221226537/index.m3u8, IPv_Type: ipv6, Location: 中国, ISP: 中国移动, Date: None, Delay: -1 ms, Speed: 0.00 M/s, Resolution: None
Name: CCTV-13, URL: https://hls-gateway.vpstv.net/streams/476899.m3u8, IPv_Type: ipv6, Location: 美国, ISP: CloudFlare Inc., Date: None, Delay: -1 ms, Speed: 0.00 M/s, Resolution: None
Name: CCTV-13, URL: http://iptv.huuc.edu.cn/hls/cctv13hd.m3u8, IPv_Type: ipv6, Location: 中国, ISP: 教育网, Date: None, Delay: -1 ms, Speed: 0.00 M/s, Resolution: None
Name: CCTV-13, URL: http://[2409:8087:8:21::18]:6610/otttv.bj.chinamobile.com/PLTV/88888888/224/3221226316/1.m3u8, IPv_Type: ipv6, Location: 中国, ISP: 中国移动, Date: None, Delay: -1 ms, Speed: 0.00 M/s, Resolution: None
Name: CCTV-13, URL: http://[2409:8087:1a01:df::4077]/ottrrs.hl.chinamobile.com/yinhe/88888888/224/3221226011/index.m3u8, IPv_Type: ipv6, Location: 中国, ISP: 中国移动, Date: None, Delay: -1 ms, Speed: 0.00 M/s, Resolution: None
Name: CCTV-13, URL: http://wouu.net:9977/udp/239.93.0.66:5140, IPv_Type: ipv6, Location: 保留地址, ISP: 主机之间的链路本地地址, Date: None, Delay: -1 ms, Speed: 0.00 M/s, Resolution: None
Name: CCTV-13, URL: http://[2409:8087:1a01:df::4077]/ottrrs.hl.chinamobile.com/PLTV/88888888/8/3221226011/index.m3u8, IPv_Type: ipv6, Location: 中国, ISP: 中国移动, Date: None, Delay: -1 ms, Speed: 0.00 M/s, Resolution: None
Name: CCTV-13, URL: http://[2409:8087:1a01:df::4077]:80/ottrrs.hl.chinamobile.com/PLTV/88888888/8/3221226011/index.m3u8, IPv_Type: ipv6, Location: 中国, ISP: 中国移动, Date: None, Delay: -1 ms, Speed: 0.00 M/s, Resolution: None
Name: CCTV-13, URL: http://[2409:8087:1a01:df::4077]:80/ottrrs.hl.chinamobile.com/yinhe/88888888/224/3221226011/index.m3u8, IPv_Type: ipv6, Location: 中国, ISP: 中国移动, Date: None, Delay: -1 ms, Speed: 0.00 M/s, Resolution: None
Name: CCTV-13, URL: http://[2409:8087:1a01:df::4077]:80/ottrrs.hl.chinamobile.com/PLTV/88888888/224/3221226011/index.m3u8, IPv_Type: ipv6, Location: 中国, ISP: 中国移动, Date: None, Delay: -1 ms, Speed: 0.00 M/s, Resolution: None
Name: CCTV-13, URL: https://www.freetv.top/migu/608807423.m3u8?migutoken=b3b4ddc2f6494b8b098f8722480f65f33fabde80e2873f9c7ad3a37c1d0e0053da396027d844896109a0c960d9c8be0b4932204b5648e71ef398f07c48501fade68f689c2175b139ba190f4ab4, IPv_Type: ipv6, Location: 美国, ISP: Oracle Corporation, Date: None, Delay: -1 ms, Speed: 0.00 M/s, Resolution: None
Name: CCTV-13, URL: https://www.freetv.top/migu/608807423.m3u8?migutoken=d04a0fbe708570ac8859ed559ac6241f3a9da203b9f1dcecbbb627c30fca3aac016d99c7e9dc1efa5b5bd973de8170af65d84d3bfdc932709679f2a688284458be83238ceef24aa5196ad54167, IPv_Type: ipv6, Location: 美国, ISP: Oracle Corporation, Date: None, Delay: -1 ms, Speed: 0.00 M/s, Resolution: None
Name: CCTV-13, URL: https://www.freetv.top/migu/608807423.m3u8?migutoken=c2389cf5194aa51126151d56817f4b78c648be26d653da0ba123aedb4ac3bc7cf448bdf7e94a38f8a1d5ef942bd7584f21130d1702c97093596d8bf121dc9e10697c48b323b813404c8eff9ed6, IPv_Type: ipv6, Location: 美国, ISP: Oracle Corporation, Date: None, Delay: -1 ms, Speed: 0.00 M/s, Resolution: None
Name: CCTV-13, URL: https://www.freetv.top/migu/608807423.m3u8?migutoken=ac75a7b224f6d682c32c041ab4e0382dbb3ff875e9f9296ab33b8f3b7d44ac493d7bf97160232973e9f25fe71232f5180c8fe73aaee23768741e101519263d172ad60f77351699f0863c60b8ff, IPv_Type: ipv6, Location: 美国, ISP: Oracle Corporation, Date: None, Delay: -1 ms, Speed: 0.00 M/s, Resolution: None
Name: CCTV-13, URL: https://www.freetv.top/migu/608807423.m3u8?migutoken=b0ebf450385413f8d70e72a92ceba03e41170d59df1374472666311b9a1b26c2665ac29d287ef869f8998593325508eed5b09a4020d14bc557a3fe580eea0c0f4c2c13a4581ddb400575b8d3e9, IPv_Type: ipv6, Location: 美国, ISP: Oracle Corporation, Date: None, Delay: -1 ms, Speed: 0.00 M/s, Resolution: None
Name: CCTV-13, URL: https://www.freetv.top/migu/608807423.m3u8?migutoken=776326ca258673fca618a4f3a2ff6e001516e1bd1de00a273f9321b167eace944b1fea149e58d9f61f99fdcb505524330bcadd896ad46e9264a6c57fcd05b0e7b924e3462804a5228697c43f3f, IPv_Type: ipv6, Location: 美国, ISP: Oracle Corporation, Date: None, Delay: -1 ms, Speed: 0.00 M/s, Resolution: None
Name: CCTV-13, URL: https://www.freetv.top/migu/608807423.m3u8?migutoken=2ea304b199bfe39629418c1d50b3c9f34ba06712c9c7922a614411768b18496280cdfdee913572bdb8d1cdd3d5763460f2f0aea6c7a51095aaf66f1eb8f43ce6edbbeac22c35e78ecc39dbdf27, IPv_Type: ipv6, Location: 美国, ISP: Oracle Corporation, Date: None, Delay: -1 ms, Speed: 0.00 M/s, Resolution: None
Name: CCTV-13, URL: https://www.freetv.top/migu/608807423.m3u8?migutoken=62d2214274cef7d40b4114d45bf7638a556c67cd16bcf313098428f7b9c39529a9409be7e2a892a20359eed6ae89f4458686ab0c3b3d4ca5e2ca54e11342c5719c3a1e0e8af936fe2a1892a5fa, IPv_Type: ipv6, Location: 美国, ISP: Oracle Corporation, Date: None, Delay: -1 ms, Speed: 0.00 M/s, Resolution: None
Name: CCTV-13, URL: https://www.freetv.top/migu/608807423.m3u8?migutoken=85d3cf2d1e1511208a2074a3da420becee120fffec82c80e13e533bb191e19cba13d3f9831f111202869da1200838bc62ed7dcc00a437f0c3f013a2f2fbd4d23de657fbc5d9b1b4f432f49b15d, IPv_Type: ipv6, Location: 美国, ISP: Oracle Corporation, Date: None, Delay: -1 ms, Speed: 0.00 M/s, Resolution: None
Name: CCTV-13, URL: http://3501776.xyz:35455/gaoma/cctv13.m3u8, IPv_Type: ipv6, Location: 中国, ISP: 中国电信, Date: None, Delay: -1 ms, Speed: 0.00 M/s, Resolution: None
Name: CCTV-13, URL: https://www.freetv.top/migu/608807423.m3u8?migutoken=7a9f631c12e3f260a1be234f09172421b9cb241df766874aae8a36485a148b231acfe7a255db39c6e6affcb6015c80f4607fcc3301cfb28d121090c6eef969c85d1a23a3a6e649c0557dda6ae3, IPv_Type: ipv6, Location: 美国, ISP: Oracle Corporation, Date: None, Delay: -1 ms, Speed: 0.00 M/s, Resolution: None
Name: CCTV-13, URL: https://stream1.freetv.fun/f775810be10706600c58373ca47c369fa14a21c1fb1fb953645eaa89b7811b7f.m3u8, IPv_Type: ipv6, Location: 美国, ISP: CloudFlare Inc., Date: None, Delay: -1 ms, Speed: 0.00 M/s, Resolution: None
Name: CCTV-13, URL: https://stream1.freetv.fun/069b3db18ed7e22abd36bc19d185900fc7b42b88e7ffb7c04bbec2300ed1aada.m3u8, IPv_Type: ipv6, Location: 美国, ISP: CloudFlare Inc., Date: None, Delay: -1 ms, Speed: 0.00 M/s, Resolution: None
Name: CCTV-13, URL: http://www.freetv.top/migu/608807423.m3u8?migutoken=d8e7d5104925c13570533f5db2f808b4613be4d2901d3d406a67fca92ee219bc3692dff97d63d38123fde519465b77404b0a2c0c59bec5e83ad2be42019845acc7e59290159021d585352689cc, IPv_Type: ipv6, Location: 美国, ISP: Oracle Corporation, Date: None, Delay: -1 ms, Speed: 0.00 M/s, Resolution: None
Name: CCTV-13, URL: https://stream1.freetv.fun/5faa47be190587cc85b9a83523c5bff88b5440ff623beb37d113818557a34903.m3u8, IPv_Type: ipv6, Location: 美国, ISP: CloudFlare Inc., Date: None, Delay: -1 ms, Speed: 0.00 M/s, Resolution: None
Name: CCTV-13, URL: https://www.freetv.top/migu/608807423.m3u8?migutoken=ac19a58805588401a8e818b6dd00df9b327912af3611ba95f89235e7020821668a2b6dc65ccc3904967da59d0a9742565c56ea582baf8915d068035054818ef0f369dab64705a6a7f7120529ec, IPv_Type: ipv6, Location: 美国, ISP: Oracle Corporation, Date: None, Delay: -1 ms, Speed: 0.00 M/s, Resolution: None
Name: CCTV-13, URL: http://[2409:8087:74f0:22::4]:6410/270000001128/9900000510/index.m3u8, IPv_Type: ipv6, Location: 中国, ISP: 中国移动, Date: None, Delay: -1 ms, Speed: 0.00 M/s, Resolution: None
Name: CCTV-13, URL: http://[2409:8087:1a01:df::7005]/ottrrs.hl.chinamobile.com/PLTV/88888888/224/3221226537/index.m3u8, IPv_Type: ipv6, Location: 中国, ISP: 中国移动, Date: None, Delay: -1 ms, Speed: 0.00 M/s, Resolution: None
Name: CCTV-13, URL: http://[2409:8087:1a01:df::7005]:80/ottrrs.hl.chinamobile.com/PLTV/88888888/224/3221226537/index.m3u8, IPv_Type: ipv6, Location: 中国, ISP: 中国移动, Date: None, Delay: -1 ms, Speed: 0.00 M/s, Resolution: None
Name: CCTV-13, URL: https://t.freetv.fun/live/cctv13-5.php, IPv_Type: ipv6, Location: 美国, ISP: CloudFlare Inc., Date: None, Delay: -1 ms, Speed: 0.00 M/s, Resolution: None
Name: CCTV-13, URL: https://t.freetv.fun/live/cctv13-7.php, IPv_Type: ipv6, Location: 美国, ISP: CloudFlare Inc., Date: None, Delay: -1 ms, Speed: 0.00 M/s, Resolution: None
Name: CCTV-13, URL: http://pull-hls-f11.douyincdn.com/media/stream-695364351288148652.m3u8?arch_hrchy=w1&exp_hrchy=w1&expire=1772429160&major_anchor_level=common&sign=c3afd9cc5fd514ab3283b7ef634591f8&t_id=037-20260223132600E2615F6616C60DCE874C-eVkiIY, IPv_Type: ipv6, Location: 中国, ISP: 中国联通, Date: None, Delay: -1 ms, Speed: 0.00 M/s, Resolution: None
Name: CCTV-13, URL: http://pull-hls-f11.douyincdn.com/media/stream-695365272562303660.m3u8?arch_hrchy=w1&exp_hrchy=w1&expire=1772429111&major_anchor_level=common&sign=10fca6fe9e747abc153fc55ac3802b10&t_id=037-20260223132511384C2E852DE6485D4D5E-FCV5uD, IPv_Type: ipv6, Location: 中国, ISP: 中国联通, Date: None, Delay: -1 ms, Speed: 0.00 M/s, Resolution: None
Name: CCTV-13, URL: http://pull-hls-f26.douyincdn.com/media/stream-695365261486195372.m3u8?arch_hrchy=w1&exp_hrchy=w1&expire=69a51f8d&major_anchor_level=common&sign=00fe806b764fde7b38cb69969b504b17&t_id=037-20260223132636F024807154720635E0DC-xeIubJ, IPv_Type: ipv6, Location: 中国, ISP: , Date: None, Delay: -1 ms, Speed: 0.00 M/s, Resolution: None
Name: CCTV-13, URL: http://mgsp-zy2.live.miguvideo.com:8088/envivo_x/2018/SD/cctv13/2000/index.m3u8?msisdn=2be6b2ec9fcf10d2c2457e2c710e172c&mdspid=&spid=699004&netType=0&sid=2202208864&pid=2028597139&timestamp=20260225080204&Channel_ID=0116_2600034600-99000-201600010010028&ProgramID=608807423&ParentNodeID=-99&assertID=2202208864&client_ip=218.28.233.106&SecurityKey=20260225080204&promotionId=&mvid=2202208864&mcid=500020&playurlVersion=WX-A1-9.2.1-RELEASE&userid=&jmhm=&videocodec=h264&appCode=miguvideo_android&bean=mgspad&tid=android&conFee=0&encrypt=b9438921c13b99c64a84586a92f5fd88&sv=10004&ct=android, IPv_Type: ipv6, Location: 中国, ISP: 中国电信, Date: None, Delay: -1 ms, Speed: 0.00 M/s, Resolution: None
Name: CCTV-13, URL: https://t.freetv.fun/live/cctv13-21.m3u8, IPv_Type: ipv6, Location: 美国, ISP: CloudFlare Inc., Date: None, Delay: -1 ms, Speed: 0.00 M/s, Resolution: None
Name: CCTV-13, URL: https://t.freetv.fun/live/cctv13-6.m3u8, IPv_Type: ipv6, Location: 美国, ISP: CloudFlare Inc., Date: None, Delay: -1 ms, Speed: 0.00 M/s, Resolution: None
Name: CCTV-13, URL: http://[2409:8087:1a01:df::4077]/ottrrs.hl.chinamobile.com/PLTV/88888888/224/3221226011/index.m3u8, IPv_Type: ipv6, Location: 中国, ISP: 中国移动, Date: None, Delay: -1 ms, Speed: 0.00 M/s, Resolution: None
Name: CCTV-13, URL: http://ali-m-l.cztv.com/channels/lantian/channel21/1080p.m3u8, IPv_Type: ipv4, Location: 中国-陕西, ISP: 移动, Date: None, Delay: 1909 ms, Speed: 1.20 M/s, Resolution: 1920x1080
Name: CCTV-13, URL: http://38.75.136.137:98/gslb/dsdqbv/cctv13hd.m3u8?auth=test20251009, IPv_Type: ipv4, Location: 美国-哥伦比亚特区-哥伦比亚特区, ISP: Cogent, Date: None, Delay: 6298 ms, Speed: 0.90 M/s, Resolution: 1920x1080
Name: CCTV-14, URL: https://migu.188766.xyz/?migutoken=4686568fb80e17a6dafda2e0900ab815&id=CCTV14&type=yy, IPv_Type: ipv6, Location: 美国, ISP: CloudFlare Inc., Date: None, Delay: -1 ms, Speed: 0.00 M/s, Resolution: None
Name: CCTV-14, URL: https://iptv.catvod.com/live.php?id=CCTV14, IPv_Type: ipv6, Location: 美国, ISP: CloudFlare Inc., Date: None, Delay: -1 ms, Speed: 0.00 M/s, Resolution: None
Name: CCTV-14, URL: https://iptv.catvod.com/live.php?id=CCTV14&line=6, IPv_Type: ipv6, Location: 美国, ISP: CloudFlare Inc., Date: None, Delay: -1 ms, Speed: 0.00 M/s, Resolution: None
Name: CCTV-14, URL: https://iptv.catvod.com/live.php?id=CCTV14&line=2, IPv_Type: ipv6, Location: 美国, ISP: CloudFlare Inc., Date: None, Delay: -1 ms, Speed: 0.00 M/s, Resolution: None
Name: CCTV-14, URL: https://iptv.catvod.com/live.php?id=CCTV14&line=4, IPv_Type: ipv6, Location: 美国, ISP: CloudFlare Inc., Date: None, Delay: -1 ms, Speed: 0.00 M/s, Resolution: None
Name: CCTV-14, URL: https://mgtv.ottiptv.cc/mg/624878440.m3u8?userid=5559462299&sign=c9ca8ad3dcf21b9504657b6808cd1c40512ec96a570fb82fa8ef80b53c9adf4015427d05a3c5e44911ee5ce79e772bf6bcce548f5296c73aa6de11be99616074345d17e681965157996a13116373214b56&auth_token=1b99577efa5a3442ca4c7820d6e0b4e8, IPv_Type: ipv6, Location: 美国, ISP: Oracle Corporation, Date: None, Delay: -1 ms, Speed: 0.00 M/s, Resolution: None
Name: CCTV-14, URL: https://event.pull.hebtv.com/jishi/cp2.m3u8, IPv_Type: ipv6, Location: 中国, ISP: 中国电信, Date: None, Delay: -1 ms, Speed: 0.00 M/s, Resolution: None
Name: CCTV-14, URL: http://[2409:8087:1a15:10d1::37]/ottrrs.hl.chinamobile.com/PLTV/88888888/224/3221226591/index.m3u8, IPv_Type: ipv6, Location: 中国, ISP: 中国移动, Date: None, Delay: -1 ms, Speed: 0.00 M/s, Resolution: None
Name: CCTV-14, URL: https://hls-gateway.vpstv.net/streams/476900.m3u8, IPv_Type: ipv6, Location: 美国, ISP: CloudFlare Inc., Date: None, Delay: -1 ms, Speed: 0.00 M/s, Resolution: None
Name: CCTV-14, URL: http://iptv.huuc.edu.cn/hls/cctv14hd.m3u8, IPv_Type: ipv6, Location: 中国, ISP: 教育网, Date: None, Delay: -1 ms, Speed: 0.00 M/s, Resolution: None
Name: CCTV-14, URL: http://[2409:8087:8:21::18]:6610/otttv.bj.chinamobile.com/PLTV/88888888/224/3221226947/1.m3u8, IPv_Type: ipv6, Location: 中国, ISP: 中国移动, Date: None, Delay: -1 ms, Speed: 0.00 M/s, Resolution: None
Name: CCTV-14, URL: http://[2409:8087:1a01:df::4077]:80/ottrrs.hl.chinamobile.com/TVOD/88888888/224/3221225732/index.m3u8, IPv_Type: ipv6, Location: 中国, ISP: 中国移动, Date: None, Delay: -1 ms, Speed: 0.00 M/s, Resolution: None
Name: CCTV-14, URL: http://wouu.net:9977/udp/239.93.1.29:6000, IPv_Type: ipv6, Location: 保留地址, ISP: 主机之间的链路本地地址, Date: None, Delay: -1 ms, Speed: 0.00 M/s, Resolution: None
Name: CCTV-14, URL: http://[2409:8087:1a01:df::4077]/ottrrs.hl.chinamobile.com/PLTV/88888888/8/3221225732/index.m3u8, IPv_Type: ipv6, Location: 中国, ISP: 中国移动, Date: None, Delay: -1 ms, Speed: 0.00 M/s, Resolution: None
Name: CCTV-14, URL: http://[2409:8087:1a01:df::4077]:80/ottrrs.hl.chinamobile.com/PLTV/88888888/224/3221225732/index.m3u8, IPv_Type: ipv6, Location: 中国, ISP: 中国移动, Date: None, Delay: -1 ms, Speed: 0.00 M/s, Resolution: None
Name: CCTV-14, URL: http://[2409:8087:1a01:df::4077]:80/ottrrs.hl.chinamobile.com/PLTV/88888888/8/3221225732/index.m3u8, IPv_Type: ipv6, Location: 中国, ISP: 中国移动, Date: None, Delay: -1 ms, Speed: 0.00 M/s, Resolution: None
Name: CCTV-14, URL: http://[2409:8087:1a01:df::4077]/ottrrs.hl.chinamobile.com/yinhe/88888888/224/3221225732/index.m3u8, IPv_Type: ipv6, Location: 中国, ISP: 中国移动, Date: None, Delay: -1 ms, Speed: 0.00 M/s, Resolution: None
Name: CCTV-14, URL: http://[2409:8087:1a01:df::4077]:80/ottrrs.hl.chinamobile.com/yinhe/88888888/224/3221225732/index.m3u8, IPv_Type: ipv6, Location: 中国, ISP: 中国移动, Date: None, Delay: -1 ms, Speed: 0.00 M/s, Resolution: None
Name: CCTV-14, URL: https://www.freetv.top/migu/624878440.m3u8?migutoken=b1f130236741614ca1eaccd92217632731b3c3c0d831bbb7a25004e2ed6d8570b8de27efe2abc85d27a26651d421475c7d50ad99aa55c4aaf55222863fd9d0c80e6d6cf7b8ed52ec2e6cebdd95, IPv_Type: ipv6, Location: 美国, ISP: Oracle Corporation, Date: None, Delay: -1 ms, Speed: 0.00 M/s, Resolution: None
Name: CCTV-14, URL: https://www.freetv.top/migu/624878440.m3u8?migutoken=db2a84fa1a47ccda35261252e35f997e2e7083da0db8369cf0612848c30e97efb2851cf91c1ca38b261647c5e104e3ee881d60d1da85f1e4748958fe7c4d93689021888fe45fbaa99a6e1e45b9, IPv_Type: ipv6, Location: 美国, ISP: Oracle Corporation, Date: None, Delay: -1 ms, Speed: 0.00 M/s, Resolution: None
Name: CCTV-14, URL: https://www.freetv.top/migu/624878440.m3u8?migutoken=1474d252464d0262ca3f07582748f3768a437115cb98649a10031e0d5681b87d30e16a623c48240db30de9831a46b6ab6040cacaab434ac72fa9ed65ccd886c33c6aab036f78698de7be28c8db, IPv_Type: ipv6, Location: 美国, ISP: Oracle Corporation, Date: None, Delay: -1 ms, Speed: 0.00 M/s, Resolution: None
Name: CCTV-14, URL: https://www.freetv.top/migu/624878440.m3u8?migutoken=a524f186491d617f073f70bc3705930111d4dc0b308c5ea99c6a15b2fdcccdef5d5852383ce8bf7fd55d318d6dfa7f77f8669f65e9f67c5379935ed909f12926cfb0fcd55a661fee398ebd61ad, IPv_Type: ipv6, Location: 美国, ISP: Oracle Corporation, Date: None, Delay: -1 ms, Speed: 0.00 M/s, Resolution: None
Name: CCTV-14, URL: https://www.freetv.top/migu/624878440.m3u8?migutoken=eaad08d0bfccf8c4382ff1f2e3c2f769c6d62fb1cda8b24b779b43b56eec4ac7a432e4bef55fc474d155a75d510d7ffeb41877414dd28a33953b642091bb06529b0e6d5af63a21c4c707a84d57, IPv_Type: ipv6, Location: 美国, ISP: Oracle Corporation, Date: None, Delay: -1 ms, Speed: 0.00 M/s, Resolution: None
Name: CCTV-14, URL: https://www.freetv.top/migu/624878440.m3u8?migutoken=56c7feb8cb5f347901196e85642fd684252562a371f8eff91130c55f05b146a75525b0ded5bbd67d992fd86e47f3af37a5b87c9830db36e765e2b022af03ae4f28d4016c2f1bc9a60bc14d57b3, IPv_Type: ipv6, Location: 美国, ISP: Oracle Corporation, Date: None, Delay: -1 ms, Speed: 0.00 M/s, Resolution: None
Name: CCTV-14, URL: https://stream1.freetv.fun/cctv-14-shao-er-2.m3u8, IPv_Type: ipv6, Location: 美国, ISP: CloudFlare Inc., Date: None, Delay: -1 ms, Speed: 0.00 M/s, Resolution: None
Name: CCTV-14, URL: http://3501776.xyz:35455/gaoma/cctv14.m3u8, IPv_Type: ipv6, Location: 中国, ISP: 中国电信, Date: None, Delay: -1 ms, Speed: 0.00 M/s, Resolution: None
Name: CCTV-14, URL: https://www.freetv.top/migu/624878440.m3u8?migutoken=e6bd15e024af167f2ca00052d9bcd67ea8fb97ef7fc460b66c53fe1a4e5ef960f22ccc6ea16b995648364a330058a0f552e989000e7e98adfafc3a0259bb475e8c905ce600deedcd97464ca17f, IPv_Type: ipv6, Location: 美国, ISP: Oracle Corporation, Date: None, Delay: -1 ms, Speed: 0.00 M/s, Resolution: None
Name: CCTV-14, URL: https://www.freetv.top/migu/624878440.m3u8?migutoken=85e854e85508f09545d95114a17c9609e15d0861306d1ddf01f1bcbe68f219f42ea58ab68946b738d64e5ce4933ecf5e23d08385f008f3c5b8552da1a620dc66ffa5cd7fb95a830ab4db88db85, IPv_Type: ipv6, Location: 美国, ISP: Oracle Corporation, Date: None, Delay: -1 ms, Speed: 0.00 M/s, Resolution: None
Name: CCTV-14, URL: https://www.freetv.top/migu/624878440.m3u8?migutoken=ab4798f1f14300df6bd82662693a13bca4221eb41a68c2446d4c5eb5698887e49f91f026694f31371bc190c16f9cd7e54c61f26e87d09df9aed2e3c5b4c31fa798e2b5f5ba65560ed48591f52a, IPv_Type: ipv6, Location: 美国, ISP: Oracle Corporation, Date: None, Delay: -1 ms, Speed: 0.00 M/s, Resolution: None
Name: CCTV-14, URL: http://www.freetv.top/migu/624878440.m3u8?migutoken=303d044cf07163e1e2e8e4ecc8b6696ed836301cf573b626d3c00ec50cd362cc5e6a93afc2fd102cb883155554597d14eaa697edc9b0a30e56fc0115f81d8fbb8b87129e5bedad7d2173178f03, IPv_Type: ipv6, Location: 美国, ISP: Oracle Corporation, Date: None, Delay: -1 ms, Speed: 0.00 M/s, Resolution: None
Name: CCTV-14, URL: https://www.freetv.top/migu/624878440.m3u8?migutoken=239edad94ac0bbff14f123c7f8996ed7639110bd6cf64ec8ba8cf85842224956d452ec8b683385cb27f8a7685224a03e3aa4d914b8fe33249da9df699351b105c795452d03f2be0a1f1e39adb0, IPv_Type: ipv6, Location: 美国, ISP: Oracle Corporation, Date: None, Delay: -1 ms, Speed: 0.00 M/s, Resolution: None
Name: CCTV-14, URL: http://[2409:8087:74f0:22::4]:6410/270000001128/9900000511/index.m3u8, IPv_Type: ipv6, Location: 中国, ISP: 中国移动, Date: None, Delay: -1 ms, Speed: 0.00 M/s, Resolution: None
Name: CCTV-14, URL: http://[2409:8087:1a01:df::7005]/ottrrs.hl.chinamobile.com/PLTV/88888888/224/3221226591/index.m3u8, IPv_Type: ipv6, Location: 中国, ISP: 中国移动, Date: None, Delay: -1 ms, Speed: 0.00 M/s, Resolution: None
Name: CCTV-14, URL: http://[2409:8087:1a01:df::7005]:80/ottrrs.hl.chinamobile.com/PLTV/88888888/224/3221226591/index.m3u8, IPv_Type: ipv6, Location: 中国, ISP: 中国移动, Date: None, Delay: -1 ms, Speed: 0.00 M/s, Resolution: None
Name: CCTV-14, URL: https://t.freetv.fun/live/cctv14-6.php, IPv_Type: ipv6, Location: 美国, ISP: CloudFlare Inc., Date: None, Delay: -1 ms, Speed: 0.00 M/s, Resolution: None
Name: CCTV-14, URL: https://t.freetv.fun/live/cctv14-8.m3u8, IPv_Type: ipv6, Location: 美国, ISP: CloudFlare Inc., Date: None, Delay: -1 ms, Speed: 0.00 M/s, Resolution: None
Name: CCTV-14, URL: http://[2409:8087:1a01:df::4077]/ottrrs.hl.chinamobile.com/PLTV/88888888/224/3221225732/index.m3u8, IPv_Type: ipv6, Location: 中国, ISP: 中国移动, Date: None, Delay: -1 ms, Speed: 0.00 M/s, Resolution: None
Name: CCTV-14, URL: http://38.75.136.137:98/gslb/dsdqbv/cctv14hd.m3u8?auth=test20251009, IPv_Type: ipv4, Location: 美国-哥伦比亚特区-哥伦比亚特区, ISP: Cogent, Date: None, Delay: 5426 ms, Speed: 1.40 M/s, Resolution: 1920x1080
Name: CCTV-14, URL: http://69.30.246.194/live/cctv14.m3u8, IPv_Type: ipv4, Location: 美国-密苏里州-杰克逊县, ISP: WholeSale互联网股份有限公司, Date: None, Delay: 8942 ms, Speed: 0.60 M/s, Resolution: 1920x1080
Name: CCTV-14, URL: http://drive.mxmy.net:8888/udp/239.3.1.65:8132, IPv_Type: ipv4, Location: 中国-北京-北京, ISP: 联通, Date: None, Delay: 491 ms, Speed: 0.08 M/s, Resolution: 1920x1080
Name: CCTV-15, URL: https://migu.188766.xyz/?migutoken=9d33021010e93763a87abf8c09d5764a&id=CCTV15&type=yy, IPv_Type: ipv6, Location: 美国, ISP: CloudFlare Inc., Date: None, Delay: -1 ms, Speed: 0.00 M/s, Resolution: None
Name: CCTV-15, URL: https://iptv.catvod.com/live.php?id=CCTV15&line=5, IPv_Type: ipv6, Location: 美国, ISP: CloudFlare Inc., Date: None, Delay: -1 ms, Speed: 0.00 M/s, Resolution: None
Name: CCTV-15, URL: https://iptv.catvod.com/live.php?id=CCTV15, IPv_Type: ipv6, Location: 美国, ISP: CloudFlare Inc., Date: None, Delay: -1 ms, Speed: 0.00 M/s, Resolution: None
Name: CCTV-15, URL: https://iptv.catvod.com/live.php?id=CCTV15&line=3, IPv_Type: ipv6, Location: 美国, ISP: CloudFlare Inc., Date: None, Delay: -1 ms, Speed: 0.00 M/s, Resolution: None
Name: CCTV-15, URL: https://iptv.catvod.com/live.php?id=CCTV15&line=2, IPv_Type: ipv6, Location: 美国, ISP: CloudFlare Inc., Date: None, Delay: -1 ms, Speed: 0.00 M/s, Resolution: None
Name: CCTV-15, URL: https://www.freetv.top/migu/673168223.m3u8?migutoken=4e8d5766579c6bef231494cabd07e5b49d965804790214280c9791e4c331fd90311cb62ea43d3a1899229bfa57be4afe5a567b32a6b78153fc9a9801e28a39435e078b48c211e71d6083519be4, IPv_Type: ipv6, Location: 美国, ISP: Oracle Corporation, Date: None, Delay: -1 ms, Speed: 0.00 M/s, Resolution: None
Name: CCTV-15, URL: https://smart.pendy.dpdns.org/Smart.php?id=cctv15, IPv_Type: ipv6, Location: 美国, ISP: CloudFlare Inc., Date: None, Delay: -1 ms, Speed: 0.00 M/s, Resolution: None
Name: CCTV-15, URL: http://[2409:8087:1a01:df::4033]:80/TVOD/88888888/224/3221226127/main.m3u8, IPv_Type: ipv6, Location: 中国, ISP: 中国移动, Date: None, Delay: -1 ms, Speed: 0.00 M/s, Resolution: None
Name: CCTV-15, URL: http://[2409:8087:1a0a:df::404b]/ottrrs.hl.chinamobile.com/TVOD/88888888/224/3221225601/index.m3u8, IPv_Type: ipv6, Location: 中国, ISP: 中国移动, Date: None, Delay: -1 ms, Speed: 0.00 M/s, Resolution: None
Name: CCTV-15, URL: https://mgtv.ottiptv.cc/mg/673168223.m3u8?userid=5559462299&sign=5d064c1599b5f9eca536597bb738e2dd754df5664dd8717edcf21f117221ac0a568c2fb3c724708a9c8884b5450a3e1c6512b78cd73bfcb09b00af2e8918cac8501ac9375dfb3f370b717df87a4f8bb22f&auth_token=1b99577efa5a3442ca4c7820d6e0b4e8, IPv_Type: ipv6, Location: 美国, ISP: Oracle Corporation, Date: None, Delay: -1 ms, Speed: 0.00 M/s, Resolution: None
Name: CCTV-15, URL: http://[2409:8087:1a15:10d1::36]/ottrrs.hl.chinamobile.com/PLTV/88888888/224/3221225601/index.m3u8, IPv_Type: ipv6, Location: 中国, ISP: 中国移动, Date: None, Delay: -1 ms, Speed: 0.00 M/s, Resolution: None
Name: CCTV-15, URL: https://hls-gateway.vpstv.net/streams/476901.m3u8, IPv_Type: ipv6, Location: 美国, ISP: CloudFlare Inc., Date: None, Delay: -1 ms, Speed: 0.00 M/s, Resolution: None
Name: CCTV-15, URL: http://[2409:8087:8:21::18]:6610/otttv.bj.chinamobile.com/PLTV/88888888/224/3221226333/1.m3u8, IPv_Type: ipv6, Location: 中国, ISP: 中国移动, Date: None, Delay: -1 ms, Speed: 0.00 M/s, Resolution: None
Name: CCTV-15, URL: https://migu.188766.xyz/?migutoken=8161049d6028648f889d319cae8554ba&id=CCTV15&type=yy, IPv_Type: ipv6, Location: 美国, ISP: CloudFlare Inc., Date: None, Delay: -1 ms, Speed: 0.00 M/s, Resolution: None
Name: CCTV-15, URL: http://wouu.net:9977/udp/239.93.0.103:5140, IPv_Type: ipv6, Location: 保留地址, ISP: 主机之间的链路本地地址, Date: None, Delay: -1 ms, Speed: 0.00 M/s, Resolution: None
Name: CCTV-15, URL: http://[2409:8087:1a01:df::4077]:80/ottrrs.hl.chinamobile.com/yinhe/88888888/224/3221225601/index.m3u8, IPv_Type: ipv6, Location: 中国, ISP: 中国移动, Date: None, Delay: -1 ms, Speed: 0.00 M/s, Resolution: None
Name: CCTV-15, URL: http://[2409:8087:1a01:df::4077]/ottrrs.hl.chinamobile.com/yinhe/88888888/224/3221225601/index.m3u8, IPv_Type: ipv6, Location: 中国, ISP: 中国移动, Date: None, Delay: -1 ms, Speed: 0.00 M/s, Resolution: None
Name: CCTV-15, URL: https://www.freetv.top/migu/673168223.m3u8?migutoken=f24124cb55ee7b2392bae373bd81ba8f267bc2ab7ff065b93c9b9e9674236b624bab04f3f6a2e4d12149cfe81b19760c763b8fba1369d0d4092281bada4eff6ba6d823c0c43e451911f5b20872, IPv_Type: ipv6, Location: 美国, ISP: Oracle Corporation, Date: None, Delay: -1 ms, Speed: 0.00 M/s, Resolution: None
Name: CCTV-15, URL: http://[2409:8087:1a01:df::4077]/ottrrs.hl.chinamobile.com/PLTV/88888888/8/3221225601/index.m3u8, IPv_Type: ipv6, Location: 中国, ISP: 中国移动, Date: None, Delay: -1 ms, Speed: 0.00 M/s, Resolution: None
Name: CCTV-15, URL: http://[2409:8087:1a01:df::4077]:80/ottrrs.hl.chinamobile.com/PLTV/88888888/8/3221225601/index.m3u8, IPv_Type: ipv6, Location: 中国, ISP: 中国移动, Date: None, Delay: -1 ms, Speed: 0.00 M/s, Resolution: None
Name: CCTV-15, URL: http://[2409:8087:1a01:df::4077]:80/ottrrs.hl.chinamobile.com/PLTV/88888888/224/3221225601/index.m3u8, IPv_Type: ipv6, Location: 中国, ISP: 中国移动, Date: None, Delay: -1 ms, Speed: 0.00 M/s, Resolution: None
Name: CCTV-15, URL: https://www.freetv.top/migu/673168223.m3u8?migutoken=ad38294ea17b61fb4e3582dd4b38fe6903d520cf9c77df387069a12c1d35acd569d2a80ad10f3f759e3130a7cf82f39f4700e10050fa4438027fb9151be012733eede3d7a5db53a58345272ef8, IPv_Type: ipv6, Location: 美国, ISP: Oracle Corporation, Date: None, Delay: -1 ms, Speed: 0.00 M/s, Resolution: None
Name: CCTV-15, URL: https://www.freetv.top/migu/673168223.m3u8?migutoken=b3f5f563a0e87a8d4215ce2f21de8c4ba355f6b7cecac5f686433bc2809f1a670c2454c39a4c60e3d446e610daf4c9bb26feea0ee07ed55a05d6b332b10381aa4ffb12bb3db425336f25a43987, IPv_Type: ipv6, Location: 美国, ISP: Oracle Corporation, Date: None, Delay: -1 ms, Speed: 0.00 M/s, Resolution: None
Name: CCTV-15, URL: https://www.freetv.top/migu/673168223.m3u8?migutoken=ecd60d6a580d9f4027ec08213b2a5beffae7f99e3e556123f72b08c8d0bedb77620cbbc5d72108ff458b15f605abc992ccdc991b35dd34802a57ca114b8f7875c9bce1ddfe5bd6775f12be875a, IPv_Type: ipv6, Location: 美国, ISP: Oracle Corporation, Date: None, Delay: -1 ms, Speed: 0.00 M/s, Resolution: None
Name: CCTV-15, URL: http://3501776.xyz:35455/itv/1000000005000265014.m3u8?cdn=ystenlive, IPv_Type: ipv6, Location: 中国, ISP: 中国电信, Date: None, Delay: -1 ms, Speed: 0.00 M/s, Resolution: None
Name: CCTV-15, URL: https://www.freetv.top/migu/673168223.m3u8?migutoken=572b98a51e3730acfb3ef18bd9b51525172b58d008142744ba4de9bd208efb14a7f2e9b054ec49e26a6f8c1fb53afdf84b27a1ea201dc024921aaadf68dbb087c12dac0ace1184dd4cff79ea12, IPv_Type: ipv6, Location: 美国, ISP: Oracle Corporation, Date: None, Delay: -1 ms, Speed: 0.00 M/s, Resolution: None
Name: CCTV-15, URL: https://www.freetv.top/migu/673168223.m3u8?migutoken=405252f2e3e9d074b85a6b084bcc54894e3604d659e5fa911942b535a440184d991c0321451bca103d1a5bdc6ccf61193bdfbcc62bef28f759dd6e6d50ec34cda80794148cd2eac1ed6b17bc0d, IPv_Type: ipv6, Location: 美国, ISP: Oracle Corporation, Date: None, Delay: -1 ms, Speed: 0.00 M/s, Resolution: None
Name: CCTV-15, URL: https://www.freetv.top/migu/673168223.m3u8?migutoken=d46236e1f679dad891142868b96821ba336ddefe3e4cddd4bd824a7fb0dcbbaba9234379f3c3e8769f05d127936a3a11f0963e0728476ac62f93a56a69dfed36453b0c3516a4ed541829283d46, IPv_Type: ipv6, Location: 美国, ISP: Oracle Corporation, Date: None, Delay: -1 ms, Speed: 0.00 M/s, Resolution: None
Name: CCTV-15, URL: https://www.freetv.top/migu/673168223.m3u8?migutoken=ee38b8619145f920f3057bfbbc790828a4d51d67a79f52f79c1fa162a2a610b8e7199e0c05adcf877ec32f76cbcdfb12a9ff0cda28e8fcdce6ae41915cffa29d479c4d508f5dbea03e4826d203, IPv_Type: ipv6, Location: 美国, ISP: Oracle Corporation, Date: None, Delay: -1 ms, Speed: 0.00 M/s, Resolution: None
Name: CCTV-15, URL: https://stream1.freetv.fun/cb0830411664d3a45e05be072d306112a721a039769417366bdd74bf4ca41329.m3u8, IPv_Type: ipv6, Location: 美国, ISP: CloudFlare Inc., Date: None, Delay: -1 ms, Speed: 0.00 M/s, Resolution: None
Name: CCTV-15, URL: https://stream1.freetv.fun/3cd5992c0bc678290fbfb3ea5c9e3ae07fde910fecbb9119dec4ef12ecd4a717.m3u8, IPv_Type: ipv6, Location: 美国, ISP: CloudFlare Inc., Date: None, Delay: -1 ms, Speed: 0.00 M/s, Resolution: None
Name: CCTV-15, URL: https://stream1.freetv.fun/9350a599d0593a4eb692e9a5c26a4b0777dc9758db460b4e02a9ffa970765999.m3u8, IPv_Type: ipv6, Location: 美国, ISP: CloudFlare Inc., Date: None, Delay: -1 ms, Speed: 0.00 M/s, Resolution: None
Name: CCTV-15, URL: https://www.freetv.top/migu/673168223.m3u8?migutoken=50dc3ccc2d27d7a93259df8360e0b3d4440519a8a4f9c636cce2d1bab0ddd72f5ecd496a69a4292eca1015e4c44727f9a6ee935a536f0720d3b21bee7f1c53aab112b3ab2e6aeb9982837ab99a, IPv_Type: ipv6, Location: 美国, ISP: Oracle Corporation, Date: None, Delay: -1 ms, Speed: 0.00 M/s, Resolution: None
Name: CCTV-15, URL: https://www.freetv.top/migu/673168223.m3u8?migutoken=da6d2f0a50c0d2ccf5830584134b017533f7cff9f8483f5d99db04942d1fb2e65f1ee80072875ff98602f2953980c392524de2229b370059832da0fcdc26f899851f1166d08673d4747acd9f8a, IPv_Type: ipv6, Location: 美国, ISP: Oracle Corporation, Date: None, Delay: -1 ms, Speed: 0.00 M/s, Resolution: None
Name: CCTV-15, URL: http://[2409:8087:74f0:22::4]:6410/270000001128/9900000512/index.m3u8, IPv_Type: ipv6, Location: 中国, ISP: 中国移动, Date: None, Delay: -1 ms, Speed: 0.00 M/s, Resolution: None
Name: CCTV-15, URL: http://[2409:8087:1a01:df::7005]/ottrrs.hl.chinamobile.com/PLTV/88888888/224/3221226476/index.m3u8, IPv_Type: ipv6, Location: 中国, ISP: 中国移动, Date: None, Delay: -1 ms, Speed: 0.00 M/s, Resolution: None
Name: CCTV-15, URL: http://[2409:8087:1a01:df::7005]:80/ottrrs.hl.chinamobile.com/PLTV/88888888/224/3221226476/index.m3u8, IPv_Type: ipv6, Location: 中国, ISP: 中国移动, Date: None, Delay: -1 ms, Speed: 0.00 M/s, Resolution: None
Name: CCTV-15, URL: https://t.freetv.fun/live/cctv15-4.php, IPv_Type: ipv6, Location: 美国, ISP: CloudFlare Inc., Date: None, Delay: -1 ms, Speed: 0.00 M/s, Resolution: None
Name: CCTV-15, URL: https://t.freetv.fun/live/cctv15-8.php, IPv_Type: ipv6, Location: 美国, ISP: CloudFlare Inc., Date: None, Delay: -1 ms, Speed: 0.00 M/s, Resolution: None
Name: CCTV-15, URL: https://t.freetv.fun/live/cctv15-2.m3u8, IPv_Type: ipv6, Location: 美国, ISP: CloudFlare Inc., Date: None, Delay: -1 ms, Speed: 0.00 M/s, Resolution: None
Name: CCTV-15, URL: https://t.freetv.fun/live/cctv15-1.m3u8, IPv_Type: ipv6, Location: 美国, ISP: CloudFlare Inc., Date: None, Delay: -1 ms, Speed: 0.00 M/s, Resolution: None
Name: CCTV-15, URL: http://pull-hls-f26.douyincdn.com/media/stream-695349902016774828.m3u8?arch_hrchy=w1&exp_hrchy=w1&expire=69a191bf&major_anchor_level=common&sign=5ad27854acd9df43956065d2f63fb2c5&t_id=037-2026022020444656C12FEC201C3BB4F957-VD6oom, IPv_Type: ipv6, Location: 中国, ISP: , Date: None, Delay: -1 ms, Speed: 0.00 M/s, Resolution: None
Name: CCTV-15, URL: http://mgsp-zy2.live.miguvideo.com:8088/migu/kailu/20200324/cctv15hd/51/index.m3u8?msisdn=2be6b2ec9fcf10d2c2457e2c710e172c&mdspid=&spid=699004&netType=0&sid=5501083628&pid=2028597139&timestamp=20260225080205&Channel_ID=0116_2600034600-99000-201600010010028&ProgramID=673168223&ParentNodeID=-99&assertID=5501083628&client_ip=218.28.233.106&SecurityKey=20260225080205&promotionId=&mvid=5102910391&mcid=500020&playurlVersion=WX-A1-9.2.1-RELEASE&userid=&jmhm=&videocodec=h264&appCode=miguvideo_android&bean=mgspad&tid=android&conFee=0&encrypt=912026a1dcbfd6cb6213b1ab7b476697&sv=10004&ct=android, IPv_Type: ipv6, Location: 中国, ISP: 中国电信, Date: None, Delay: -1 ms, Speed: 0.00 M/s, Resolution: None
Name: CCTV-15, URL: https://t.freetv.fun/live/cctv15-10.m3u8, IPv_Type: ipv6, Location: 美国, ISP: CloudFlare Inc., Date: None, Delay: -1 ms, Speed: 0.00 M/s, Resolution: None
Name: CCTV-15, URL: https://t.freetv.fun/live/cctv15-5.m3u8, IPv_Type: ipv6, Location: 美国, ISP: CloudFlare Inc., Date: None, Delay: -1 ms, Speed: 0.00 M/s, Resolution: None
Name: CCTV-15, URL: http://[2409:8087:1a01:df::4077]/ottrrs.hl.chinamobile.com/PLTV/88888888/224/3221225601/index.m3u8, IPv_Type: ipv6, Location: 中国, ISP: 中国移动, Date: None, Delay: -1 ms, Speed: 0.00 M/s, Resolution: None
Name: CCTV-15, URL: https://iptv.catvod.com/live.php?id=CCTV15&line=4, IPv_Type: ipv4, Location: 美国-加利福尼亚州-洛杉矶, ISP: IT7网络, Date: None, Delay: 65 ms, Speed: 15.13 M/s, Resolution: 1920x1080
Name: CCTV-15, URL: https://iptv.catvod.com/live.php?id=CCTV15&line=6, IPv_Type: ipv4, Location: 美国-加利福尼亚州-洛杉矶, ISP: IT7网络, Date: None, Delay: 72 ms, Speed: 13.92 M/s, Resolution: 1920x1080
Name: CCTV-15, URL: http://38.75.136.137:98/gslb/dsdqbv/cctv15hd.m3u8?auth=test20251009, IPv_Type: ipv4, Location: 美国-哥伦比亚特区-哥伦比亚特区, ISP: Cogent, Date: None, Delay: 4128 ms, Speed: 1.31 M/s, Resolution: 1920x1080
Name: CCTV-15, URL: http://69.30.246.194/live/cctv15.m3u8, IPv_Type: ipv4, Location: 美国-密苏里州-杰克逊县, ISP: WholeSale互联网股份有限公司, Date: None, Delay: 9439 ms, Speed: 0.84 M/s, Resolution: 1920x1080
Name: CCTV-15, URL: http://drive.mxmy.net:8888/udp/239.3.1.153:8136, IPv_Type: ipv4, Location: 中国-北京-北京, ISP: 联通, Date: None, Delay: 499 ms, Speed: 0.04 M/s, Resolution: 1920x1080
Name: CCTV-16, URL: https://iptv.catvod.com/live.php?id=CCTV16, IPv_Type: ipv6, Location: 美国, ISP: CloudFlare Inc., Date: None, Delay: -1 ms, Speed: 0.00 M/s, Resolution: None
Name: CCTV-16, URL: https://iptv.catvod.com/live.php?id=CCTV16&line=1, IPv_Type: ipv6, Location: 美国, ISP: CloudFlare Inc., Date: None, Delay: -1 ms, Speed: 0.00 M/s, Resolution: None
Name: CCTV-16, URL: https://epg.pw/stream/c1beb2abcba5aef09c2f58efc3ca84b76de2c7b9cf60762b0d79772d9e70d454.m3u8, IPv_Type: ipv6, Location: 美国, ISP: CloudFlare Inc., Date: None, Delay: -1 ms, Speed: 0.00 M/s, Resolution: None
Name: CCTV-16, URL: http://[2409:8087:1a15:10d1::35]/ottrrs.hl.chinamobile.com/PLTV/88888888/224/3221226100/index.m3u8, IPv_Type: ipv6, Location: 中国, ISP: 中国移动, Date: None, Delay: -1 ms, Speed: 0.00 M/s, Resolution: None
Name: CCTV-16, URL: https://hls-gateway.vpstv.net/streams/709272.m3u8, IPv_Type: ipv6, Location: 美国, ISP: CloudFlare Inc., Date: None, Delay: -1 ms, Speed: 0.00 M/s, Resolution: None
Name: CCTV-16, URL: https://hls-gateway.vpstv.net/streams/709089.m3u8, IPv_Type: ipv6, Location: 美国, ISP: CloudFlare Inc., Date: None, Delay: -1 ms, Speed: 0.00 M/s, Resolution: None
Name: CCTV-16, URL: http://[2409:8087:8:21::18]:6610/otttv.bj.chinamobile.com/PLTV/88888888/224/3221227002/1.m3u8, IPv_Type: ipv6, Location: 中国, ISP: 中国移动, Date: None, Delay: -1 ms, Speed: 0.00 M/s, Resolution: None
Name: CCTV-16, URL: http://[2409:8087:1a01:df::4077]/ottrrs.hl.chinamobile.com/PLTV/88888888/8/3221226100/index.m3u8, IPv_Type: ipv6, Location: 中国, ISP: 中国移动, Date: None, Delay: -1 ms, Speed: 0.00 M/s, Resolution: None
Name: CCTV-16, URL: http://[2409:8087:1a01:df::4077]/ottrrs.hl.chinamobile.com/yinhe/88888888/224/3221226100/index.m3u8, IPv_Type: ipv6, Location: 中国, ISP: 中国移动, Date: None, Delay: -1 ms, Speed: 0.00 M/s, Resolution: None
Name: CCTV-16, URL: http://[2409:8087:1a01:df::4077]:80/ottrrs.hl.chinamobile.com/PLTV/88888888/224/3221226100/index.m3u8, IPv_Type: ipv6, Location: 中国, ISP: 中国移动, Date: None, Delay: -1 ms, Speed: 0.00 M/s, Resolution: None
Name: CCTV-16, URL: http://[2409:8087:1a01:df::4077]:80/ottrrs.hl.chinamobile.com/yinhe/88888888/224/3221226100/index.m3u8, IPv_Type: ipv6, Location: 中国, ISP: 中国移动, Date: None, Delay: -1 ms, Speed: 0.00 M/s, Resolution: None
Name: CCTV-16, URL: http://[2409:8087:1a01:df::4077]:80/ottrrs.hl.chinamobile.com/PLTV/88888888/8/3221226100/index.m3u8, IPv_Type: ipv6, Location: 中国, ISP: 中国移动, Date: None, Delay: -1 ms, Speed: 0.00 M/s, Resolution: None
Name: CCTV-16, URL: https://stream1.freetv.fun/cdd93308f8ffbb06fab05e75d7c91d7ec6d9c68d865738572b52b3e8c959cf14.m3u8, IPv_Type: ipv6, Location: 美国, ISP: CloudFlare Inc., Date: None, Delay: -1 ms, Speed: 0.00 M/s, Resolution: None
Name: CCTV-16, URL: https://stream1.freetv.fun/f5e0459fd9f11d93ac18af88196997db1c71aeb6d27ce1bd24faccb628652629.m3u8, IPv_Type: ipv6, Location: 美国, ISP: CloudFlare Inc., Date: None, Delay: -1 ms, Speed: 0.00 M/s, Resolution: None
Name: CCTV-16, URL: https://stream1.freetv.fun/3fa27f5bf8136b49f28d477a805f1219c588cf21ffbada685497c73431d20c6e.m3u8, IPv_Type: ipv6, Location: 美国, ISP: CloudFlare Inc., Date: None, Delay: -1 ms, Speed: 0.00 M/s, Resolution: None
Name: CCTV-16, URL: https://yunmei.tv/main/cctv-16.m3u8, IPv_Type: ipv6, Location: 美国, ISP: CloudFlare Inc., Date: None, Delay: -1 ms, Speed: 0.00 M/s, Resolution: None
Name: CCTV-16, URL: http://php.jdshipin.com:8880/bst2.php?id=cctv16hd4k/15000000, IPv_Type: ipv6, Location: 美国, ISP: CloudFlare Inc., Date: None, Delay: -1 ms, Speed: 0.00 M/s, Resolution: None
Name: CCTV-16, URL: http://[2409:8087:74f0:22::4]:6410/270000001128/9900000016/index.m3u8, IPv_Type: ipv6, Location: 中国, ISP: 中国移动, Date: None, Delay: -1 ms, Speed: 0.00 M/s, Resolution: None
Name: CCTV-16, URL: http://[2409:8087:1a01:df::7005]/ottrrs.hl.chinamobile.com/PLTV/88888888/224/3221226100/index.m3u8, IPv_Type: ipv6, Location: 中国, ISP: 中国移动, Date: None, Delay: -1 ms, Speed: 0.00 M/s, Resolution: None
Name: CCTV-16, URL: http://[2409:8087:1a01:df::7005]:80/ottrrs.hl.chinamobile.com/PLTV/88888888/224/3221226100/index.m3u8, IPv_Type: ipv6, Location: 中国, ISP: 中国移动, Date: None, Delay: -1 ms, Speed: 0.00 M/s, Resolution: None
Name: CCTV-16, URL: https://t.freetv.fun/live/cctv-16.php, IPv_Type: ipv6, Location: 美国, ISP: CloudFlare Inc., Date: None, Delay: -1 ms, Speed: 0.00 M/s, Resolution: None
Name: CCTV-16, URL: https://t.freetv.fun/live/cctv16-2.m3u8, IPv_Type: ipv6, Location: 美国, ISP: CloudFlare Inc., Date: None, Delay: -1 ms, Speed: 0.00 M/s, Resolution: None
Name: CCTV-16, URL: https://t.freetv.fun/live/cctv16-3.m3u8, IPv_Type: ipv6, Location: 美国, ISP: CloudFlare Inc., Date: None, Delay: -1 ms, Speed: 0.00 M/s, Resolution: None
Name: CCTV-16, URL: http://lu.wqwqwq.sbs/itv/1000000006000233002.m3u8?cdn=ystenlive, IPv_Type: ipv6, Location: 美国, ISP: CloudFlare Inc., Date: None, Delay: -1 ms, Speed: 0.00 M/s, Resolution: None
Name: CCTV-16, URL: https://t.freetv.fun/live/cctv16-1.php, IPv_Type: ipv6, Location: 美国, ISP: CloudFlare Inc., Date: None, Delay: -1 ms, Speed: 0.00 M/s, Resolution: None
Name: CCTV-16, URL: http://[2409:8087:1a01:df::4077]/ottrrs.hl.chinamobile.com/PLTV/88888888/224/3221226100/index.m3u8, IPv_Type: ipv6, Location: 中国, ISP: 中国移动, Date: None, Delay: -1 ms, Speed: 0.00 M/s, Resolution: None
Name: CCTV-16, URL: https://iptv.catvod.com/live.php?id=CCTV16&line=2, IPv_Type: ipv4, Location: 美国-加利福尼亚州-洛杉矶, ISP: IT7网络, Date: None, Delay: 113 ms, Speed: 11.63 M/s, Resolution: 1920x1080
Name: CCTV-16, URL: http://38.75.136.137:98/gslb/dsdqbv/cctv16hd.m3u8?auth=test20251009, IPv_Type: ipv4, Location: 美国-哥伦比亚特区-哥伦比亚特区, ISP: Cogent, Date: None, Delay: 1956 ms, Speed: 2.49 M/s, Resolution: 1920x1080
Name: CCTV-16, URL: http://69.30.246.194/live/cctv16.m3u8, IPv_Type: ipv4, Location: 美国-密苏里州-杰克逊县, ISP: WholeSale互联网股份有限公司, Date: None, Delay: 7261 ms, Speed: 0.58 M/s, Resolution: 1920x1080
Name: CCTV-16, URL: http://home.yulei.online:9999/rtp/226.0.2.169:9264, IPv_Type: ipv4, Location: 中国-山西-太原, ISP: 联通, Date: None, Delay: 728 ms, Speed: 0.08 M/s, Resolution: 1920x1080
Name: CCTV-16, URL: http://drive.mxmy.net:8888/udp/239.3.1.184:8001, IPv_Type: ipv4, Location: 中国-北京-北京, ISP: 联通, Date: None, Delay: 497 ms, Speed: 0.02 M/s, Resolution: 1920x1080
Name: CCTV-17, URL: https://migu.188766.xyz/?migutoken=06e68dc4a0d3c1dc0246be9a2f4ae3f8&id=CCTV17&type=yy, IPv_Type: ipv6, Location: 美国, ISP: CloudFlare Inc., Date: None, Delay: -1 ms, Speed: 0.00 M/s, Resolution: None
Name: CCTV-17, URL: https://iptv.catvod.com/live.php?id=CCTV17&line=5, IPv_Type: ipv6, Location: 美国, ISP: CloudFlare Inc., Date: None, Delay: -1 ms, Speed: 0.00 M/s, Resolution: None
Name: CCTV-17, URL: https://iptv.catvod.com/live.php?id=CCTV17&line=6, IPv_Type: ipv6, Location: 美国, ISP: CloudFlare Inc., Date: None, Delay: -1 ms, Speed: 0.00 M/s, Resolution: None
Name: CCTV-17, URL: https://iptv.catvod.com/live.php?id=CCTV17&line=1, IPv_Type: ipv6, Location: 美国, ISP: CloudFlare Inc., Date: None, Delay: -1 ms, Speed: 0.00 M/s, Resolution: None
Name: CCTV-17, URL: https://iptv.catvod.com/live.php?id=CCTV17&line=3, IPv_Type: ipv6, Location: 美国, ISP: CloudFlare Inc., Date: None, Delay: -1 ms, Speed: 0.00 M/s, Resolution: None
Name: CCTV-17, URL: https://iptv.catvod.com/live.php?id=CCTV17&line=2, IPv_Type: ipv6, Location: 美国, ISP: CloudFlare Inc., Date: None, Delay: -1 ms, Speed: 0.00 M/s, Resolution: None
Name: CCTV-17, URL: https://mgtv.ottiptv.cc/mg/673168256.m3u8?userid=5559462299&sign=6c6b92df7285c968f239d36f284daeab68b8fe93e9ddd0279263ac511b049b3b11d6c9ad50a0a8a14cbccaea3cf13a42a452382f876bd519e7635e5b9e8162b34b3ef9294683d5b6690df613e4c2b4f3ec&auth_token=1b99577efa5a3442ca4c7820d6e0b4e8, IPv_Type: ipv6, Location: 美国, ISP: Oracle Corporation, Date: None, Delay: -1 ms, Speed: 0.00 M/s, Resolution: None
Name: CCTV-17, URL: http://[2409:8087:1a15:10d1::36]/ottrrs.hl.chinamobile.com/PLTV/88888888/224/3221225765/index.m3u8, IPv_Type: ipv6, Location: 中国, ISP: 中国移动, Date: None, Delay: -1 ms, Speed: 0.00 M/s, Resolution: None
Name: CCTV-17, URL: https://hls-gateway.vpstv.net/streams/708820.m3u8, IPv_Type: ipv6, Location: 美国, ISP: CloudFlare Inc., Date: None, Delay: -1 ms, Speed: 0.00 M/s, Resolution: None
Name: CCTV-17, URL: http://lu.wqwqwq.sbs/itv/1000000005000265015.m3u8?cdn=ystenlive, IPv_Type: ipv6, Location: 美国, ISP: CloudFlare Inc., Date: None, Delay: -1 ms, Speed: 0.00 M/s, Resolution: None
Name: CCTV-17, URL: http://[2409:8087:8:21::18]:6610/otttv.bj.chinamobile.com/PLTV/88888888/224/3221226318/1.m3u8, IPv_Type: ipv6, Location: 中国, ISP: 中国移动, Date: None, Delay: -1 ms, Speed: 0.00 M/s, Resolution: None
Name: CCTV-17, URL: https://migu.188766.xyz/?migutoken=d665c8292f0e407dc4131f2e36818058&id=CCTV17&type=yy, IPv_Type: ipv6, Location: 美国, ISP: CloudFlare Inc., Date: None, Delay: -1 ms, Speed: 0.00 M/s, Resolution: None
Name: CCTV-17, URL: http://wouu.net:9977/udp/239.93.0.92:5140, IPv_Type: ipv6, Location: 保留地址, ISP: 主机之间的链路本地地址, Date: None, Delay: -1 ms, Speed: 0.00 M/s, Resolution: None
Name: CCTV-17, URL: http://[2409:8087:1a01:df::4077]/ottrrs.hl.chinamobile.com/PLTV/88888888/8/3221225765/index.m3u8CCTV1, IPv_Type: ipv6, Location: 中国, ISP: 中国移动, Date: None, Delay: -1 ms, Speed: 0.00 M/s, Resolution: None
Name: CCTV-17, URL: http://[2409:8087:1a01:df::4077]/ottrrs.hl.chinamobile.com/PLTV/88888888/224/3221225765/1.m3u8?icpid=88888888&from=1&hms_devid=1012&vqe=3, IPv_Type: ipv6, Location: 中国, ISP: 中国移动, Date: None, Delay: -1 ms, Speed: 0.00 M/s, Resolution: None
Name: CCTV-17, URL: https://www.freetv.top/migu/673168256.m3u8?migutoken=1f0018205f02ce70108aadafba7fcfec39c929e9d2523f79a212c4165da5603e21b87da7118e6b0cea3eeeeccd815040f7765b3fb939716daf20de611d8c89feb7e0fbd64b5fec9a152f7776b9, IPv_Type: ipv6, Location: 美国, ISP: Oracle Corporation, Date: None, Delay: -1 ms, Speed: 0.00 M/s, Resolution: None
Name: CCTV-17, URL: http://[2409:8087:1a01:df::4077]/ottrrs.hl.chinamobile.com/PLTV/88888888/8/3221225765/index.m3u8, IPv_Type: ipv6, Location: 中国, ISP: 中国移动, Date: None, Delay: -1 ms, Speed: 0.00 M/s, Resolution: None
Name: CCTV-17, URL: http://[2409:8087:1a01:df::4077]:80/ottrrs.hl.chinamobile.com/PLTV/88888888/8/3221225765/index.m3u8, IPv_Type: ipv6, Location: 中国, ISP: 中国移动, Date: None, Delay: -1 ms, Speed: 0.00 M/s, Resolution: None
Name: CCTV-17, URL: http://[2409:8087:1a01:df::4077]:80/ottrrs.hl.chinamobile.com/PLTV/88888888/224/3221225765/1.m3u8, IPv_Type: ipv6, Location: 中国, ISP: 中国移动, Date: None, Delay: -1 ms, Speed: 0.00 M/s, Resolution: None
Name: CCTV-17, URL: http://[2409:8087:1a01:df::4077]:80/ottrrs.hl.chinamobile.com/PLTV/88888888/224/3221225765/index.m3u8, IPv_Type: ipv6, Location: 中国, ISP: 中国移动, Date: None, Delay: -1 ms, Speed: 0.00 M/s, Resolution: None
Name: CCTV-17, URL: http://[2409:8087:1a01:df::4025]:80/TVOD/88888888/224/3221225708/main.m3u8, IPv_Type: ipv6, Location: 中国, ISP: 中国移动, Date: None, Delay: -1 ms, Speed: 0.00 M/s, Resolution: None
Name: CCTV-17, URL: https://www.freetv.top/migu/673168256.m3u8?migutoken=7270a64d821d9de391cdabdf9685e61de5c0929c8486a24ac167aea6279189e5577fd24dce303030fbf1bec432df053fc57698fb48b6285a78bab608e954345314604511e497b104c51f5dc0cd, IPv_Type: ipv6, Location: 美国, ISP: Oracle Corporation, Date: None, Delay: -1 ms, Speed: 0.00 M/s, Resolution: None
Name: CCTV-17, URL: https://www.freetv.top/migu/673168256.m3u8?migutoken=e7dc493273bb331a8b7e0d3c475924ad4706b90f18fd4775c1c134103274e9ad9d59015289e02877b65420a149fcae4f793ded0177cc600ac79d9a95a234e4a8db198072e6973c4a14c05c9dc6, IPv_Type: ipv6, Location: 美国, ISP: Oracle Corporation, Date: None, Delay: -1 ms, Speed: 0.00 M/s, Resolution: None
Name: CCTV-17, URL: https://www.freetv.top/migu/673168256.m3u8?migutoken=04374bdde2e4223798159ce189b302c8599b8bb84f8d8f3cbd0adbfc1b53ae5f4a89e00409ced1e0b5b37757ed87e5ce46cab61a18a42b67837b361003b0783f61b66a24877938993b4f7a2b50, IPv_Type: ipv6, Location: 美国, ISP: Oracle Corporation, Date: None, Delay: -1 ms, Speed: 0.00 M/s, Resolution: None
Name: CCTV-17, URL: https://www.freetv.top/migu/673168256.m3u8?migutoken=81ac3a9691673bbadc0abb61895a65f76edc831fc677379a77bb8b59f97b6bf03a0118033076f6f6ee6b852a9bd9b8204c27e76c8b5b659afde87697572ce5f71ff18b17f5d69edaa8778bf462, IPv_Type: ipv6, Location: 美国, ISP: Oracle Corporation, Date: None, Delay: -1 ms, Speed: 0.00 M/s, Resolution: None
Name: CCTV-17, URL: https://www.freetv.top/migu/673168256.m3u8?migutoken=11fec7586772852c5b34d75ff515080f8def9861a030c98c5861b036729d642445a7bc5b0cd43e7086ca1903346f6cbad01b639771ee3bd13e653bdb2d14f169744862c9695688b0b177bc144a, IPv_Type: ipv6, Location: 美国, ISP: Oracle Corporation, Date: None, Delay: -1 ms, Speed: 0.00 M/s, Resolution: None
Name: CCTV-17, URL: https://www.freetv.top/migu/673168256.m3u8?migutoken=c505aab29000098934f1ca9d5242dc3a2190c763d3b8cee6e169b420eed692acda4eda40e637ee80eda6dd8a7728facd6367052eb645c558fe35bc0b716d932a07debbc8759ebcde15c9c7f920, IPv_Type: ipv6, Location: 美国, ISP: Oracle Corporation, Date: None, Delay: -1 ms, Speed: 0.00 M/s, Resolution: None
Name: CCTV-17, URL: https://www.freetv.top/migu/673168256.m3u8?migutoken=d63fc572ecc0257295e450bf7a5fc93e48375c1f7a6db73b9ee6a5587a776b53b22fcdaf1ecbca5059a2aa2e461e5a3d5381a6b4b8316d7dac6f0d6d701c34dc91e96415f35e46e35467b52736, IPv_Type: ipv6, Location: 美国, ISP: Oracle Corporation, Date: None, Delay: -1 ms, Speed: 0.00 M/s, Resolution: None
Name: CCTV-17, URL: https://www.freetv.top/migu/673168256.m3u8?migutoken=0a02f2e99ab57689f9361f4e06cb466ad0e837bea6428505273ac5a09e5953f5e014292a3f9eb470f30917d612b2aef1b524a076299d87923aec1e91b1f6679a1d678e69a38b04b6b634958a7c, IPv_Type: ipv6, Location: 美国, ISP: Oracle Corporation, Date: None, Delay: -1 ms, Speed: 0.00 M/s, Resolution: None
Name: CCTV-17, URL: https://www.freetv.top/migu/673168256.m3u8?migutoken=cd9ac55fddf5f22ac004018cec6a4046c41dd9f4fc2bf0d97a30aaddef8a88da0e984cf03e60fa6a6adcb81d784905e343fb6a9dae398827b1b71b5164b118d15f6762b07225d4764bce858c33, IPv_Type: ipv6, Location: 美国, ISP: Oracle Corporation, Date: None, Delay: -1 ms, Speed: 0.00 M/s, Resolution: None
Name: CCTV-17, URL: http://3501776.xyz:35455/itv/1000000005000265015.m3u8?cdn=ystenlive, IPv_Type: ipv6, Location: 中国, ISP: 中国电信, Date: None, Delay: -1 ms, Speed: 0.00 M/s, Resolution: None
Name: CCTV-17, URL: https://www.freetv.top/migu/673168256.m3u8?migutoken=dff047a9026f526223c0ed1adbfabbe258e37787a9dbf6c13ddfa3dfc5be6fc055e4ec23f97b75ae545c0a460100ac52ba7ebcfbc7dc5b37f2c7cd2138c72751b2aa7e843867bd1e89f39c0060, IPv_Type: ipv6, Location: 美国, ISP: Oracle Corporation, Date: None, Delay: -1 ms, Speed: 0.00 M/s, Resolution: None
Name: CCTV-17, URL: https://www.freetv.top/migu/673168256.m3u8?migutoken=9094be8a5828bcdca0c02d6805bd52cc36e4d16a29031a320eaed60d6d74d5b36653a81c659450938ab30e91f4b27468f176d304463164c178f446ff6d44d623dd787da315c58de6d4d0010bb1, IPv_Type: ipv6, Location: 美国, ISP: Oracle Corporation, Date: None, Delay: -1 ms, Speed: 0.00 M/s, Resolution: None
Name: CCTV-17, URL: http://www.freetv.top/migu/673168256.m3u8?migutoken=698e0ff1ba47e7b3e38326199e2ee0a1b7bd0b0dd192935d111a196fb0a283c3070537cce6951301b2cc3e6f7de31ffdb9b7c4095d6c008d8333e21e5070375ca86124640133c9fa4c6ffa847f, IPv_Type: ipv6, Location: 美国, ISP: Oracle Corporation, Date: None, Delay: -1 ms, Speed: 0.00 M/s, Resolution: None
Name: CCTV-17, URL: http://[2409:8087:74f0:22::4]:6410/270000001128/9900000513/index.m3u8, IPv_Type: ipv6, Location: 中国, ISP: 中国移动, Date: None, Delay: -1 ms, Speed: 0.00 M/s, Resolution: None
Name: CCTV-17, URL: http://[2409:8087:1a01:df::7005]/ottrrs.hl.chinamobile.com/PLTV/88888888/224/3221225765/index.m3u8, IPv_Type: ipv6, Location: 中国, ISP: 中国移动, Date: None, Delay: -1 ms, Speed: 0.00 M/s, Resolution: None
Name: CCTV-17, URL: http://[2409:8087:1a01:df::7005]:80/ottrrs.hl.chinamobile.com/PLTV/88888888/224/3221225765/index.m3u8, IPv_Type: ipv6, Location: 中国, ISP: 中国移动, Date: None, Delay: -1 ms, Speed: 0.00 M/s, Resolution: None
Name: CCTV-17, URL: https://t.freetv.fun/live/cctv-17.php, IPv_Type: ipv6, Location: 美国, ISP: CloudFlare Inc., Date: None, Delay: -1 ms, Speed: 0.00 M/s, Resolution: None
Name: CCTV-17, URL: https://t.freetv.fun/live/cctv17-2.php, IPv_Type: ipv6, Location: 美国, ISP: CloudFlare Inc., Date: None, Delay: -1 ms, Speed: 0.00 M/s, Resolution: None
Name: CCTV-17, URL: https://t.freetv.fun/live/cctv17-3.m3u8, IPv_Type: ipv6, Location: 美国, ISP: CloudFlare Inc., Date: None, Delay: -1 ms, Speed: 0.00 M/s, Resolution: None
Name: CCTV-17, URL: https://t.freetv.fun/live/cctv17.m3u8, IPv_Type: ipv6, Location: 美国, ISP: CloudFlare Inc., Date: None, Delay: -1 ms, Speed: 0.00 M/s, Resolution: None
Name: CCTV-17, URL: http://pull-hls-f26.douyincdn.com/media/stream-407114775226483372.m3u8?arch_hrchy=w1&exp_hrchy=w1&expire=69a0d33a&major_anchor_level=common&sign=01cb7902aaf97c4ccfdd47e1a0c69993&t_id=037-2026022007115431AEF4908D471723773C-fk2LDJ, IPv_Type: ipv6, Location: 中国, ISP: , Date: None, Delay: -1 ms, Speed: 0.00 M/s, Resolution: None
Name: CCTV-17, URL: http://pull-hls-f11.douyincdn.com/media/stream-118907726249067180.m3u8?arch_hrchy=w1&exp_hrchy=w1&expire=1772496865&major_anchor_level=common&sign=f44d0dc25f50bb026eea988975ca6596&t_id=037-202602240814256A27E9107A28E853F9BF-4JOXoq, IPv_Type: ipv6, Location: 中国, ISP: 中国联通, Date: None, Delay: -1 ms, Speed: 0.00 M/s, Resolution: None
Name: CCTV-17, URL: http://mgsp-yx2.live.miguvideo.com:8088/migu/kailu/20200324/cctv17hd/51/index.m3u8?msisdn=2be6b2ec9fcf10d2c2457e2c710e172c&mdspid=&spid=699004&netType=0&sid=5501083631&pid=2028597139&timestamp=20260225080205&Channel_ID=0116_2600034600-99000-201600010010028&ProgramID=673168256&ParentNodeID=-99&assertID=5501083631&client_ip=218.28.233.106&SecurityKey=20260225080205&promotionId=&mvid=5102910396&mcid=500020&playurlVersion=WX-A1-9.2.1-RELEASE&userid=&jmhm=&videocodec=h264&appCode=miguvideo_android&bean=mgspad&tid=android&conFee=0&encrypt=baae013e3a1b2f74dadbf45723171a1a&sv=10004&ct=android, IPv_Type: ipv6, Location: 中国, ISP: 中国电信, Date: None, Delay: -1 ms, Speed: 0.00 M/s, Resolution: None
Name: CCTV-17, URL: https://t.freetv.fun/live/cctv17-5.php, IPv_Type: ipv6, Location: 美国, ISP: CloudFlare Inc., Date: None, Delay: -1 ms, Speed: 0.00 M/s, Resolution: None
Name: CCTV-17, URL: http://[2409:8087:1a01:df::4077]/ottrrs.hl.chinamobile.com/PLTV/88888888/224/3221225765/index.m3u8, IPv_Type: ipv6, Location: 中国, ISP: 中国移动, Date: None, Delay: -1 ms, Speed: 0.00 M/s, Resolution: None
Name: CCTV-17, URL: http://38.75.136.137:98/gslb/dsdqbv/cctv17hd.m3u8?auth=test20251009, IPv_Type: ipv4, Location: 美国-哥伦比亚特区-哥伦比亚特区, ISP: Cogent, Date: None, Delay: 5472 ms, Speed: 1.26 M/s, Resolution: 1920x1080
Name: CCTV-17, URL: http://drive.mxmy.net:8888/udp/239.3.1.188:8001, IPv_Type: ipv4, Location: 中国-北京-北京, ISP: 联通, Date: None, Delay: 501 ms, Speed: 0.06 M/s, Resolution: 1920x1080
Name: CETV-1, URL: http://[2409:8087:1a0b:df::4020]:80/ottrrs.hl.chinamobile.com/PLTV/88888888/224/3221225652/index.m3u8, IPv_Type: ipv6, Location: 中国, ISP: 中国移动, Date: None, Delay: -1 ms, Speed: 0.00 M/s, Resolution: None
Name: CETV-1, URL: http://[2409:8087:8:21::18]:6610/otttv.bj.chinamobile.com/PLTV/88888888/224/3221226494/1.m3u8, IPv_Type: ipv6, Location: 中国, ISP: 中国移动, Date: None, Delay: -1 ms, Speed: 0.00 M/s, Resolution: None
Name: CETV-2, URL: http://[2409:8087:1a0b:df::4013]:80/ottrrs.hl.chinamobile.com/PLTV/88888888/224/3221226425/index.m3u8, IPv_Type: ipv6, Location: 中国, ISP: 中国移动, Date: None, Delay: -1 ms, Speed: 0.00 M/s, Resolution: None
Name: CETV-2, URL: http://[2409:8087:8:21::18]:6610/otttv.bj.chinamobile.com/PLTV/88888888/224/3221226537/1.m3u8?GuardEncType=2&accountinfo=%7E%7EV2.0%7E7AxXs4eTU2oiWrhopr9sHw%7E_eNUbgU9sJGUcVVduOMKhafLvQUgE_zlz_7pvDimJNNxsM0Bor098BJglrhfEQTl%2CEND, IPv_Type: ipv6, Location: 中国, ISP: 中国移动, Date: None, Delay: -1 ms, Speed: 0.00 M/s, Resolution: None
Name: CETV-3, URL: http://[2409:8087:7004:20:1000::22]:6610/yinhe/2/ch00000090990000001309/index.m3u8, IPv_Type: ipv6, Location: 中国, ISP: 中国移动, Date: None, Delay: -1 ms, Speed: 0.00 M/s, Resolution: None
Name: CETV-3, URL: http://[2409:8087:8:21::18]:6610/otttv.bj.chinamobile.com/PLTV/88888888/224/3221226577/1.m3u8?GuardEncType=2&accountinfo=%7E%7EV2.0%7EhE2Z89HKgsQOlN9opVn1iw%7E_eNUbgU9sJGUcVVduOMKhafLvQUgE_zlz_7pvDimJNN03yUnk4zBVk1bynPPL3hZ%2CEND, IPv_Type: ipv6, Location: 中国, ISP: 中国移动, Date: None, Delay: -1 ms, Speed: 0.00 M/s, Resolution: None
Name: CETV-4, URL: http://[2409:8087:1a0b:df::4020]:80/ottrrs.hl.chinamobile.com/PLTV/88888888/224/3221225783/index.m3u8, IPv_Type: ipv6, Location: 中国, ISP: 中国移动, Date: None, Delay: -1 ms, Speed: 0.00 M/s, Resolution: None
Name: CETV-4, URL: http://[2409:8087:8:21::18]:6610/otttv.bj.chinamobile.com/PLTV/88888888/224/3221226997/1.m3u8?GuardEncType=2&accountinfo=%7E%7EV2.0%7EAw_OvjRgJVjtlaOa0dcgzg%7EtP4-l0lmSfjwLWEfK_el1vH_mv-s1zo4AQJwdedaVwG9xkuFTDg8J26cwOrNJzn20BErrHdLhuZ9EzLUCD3PMW-OMx4MGteHV2vLeW6BqoY%2CEND, IPv_Type: ipv6, Location: 中国, ISP: 中国移动, Date: None, Delay: -1 ms, Speed: 0.00 M/s, Resolution: None
Name: 安徽卫视, URL: http://api.kkitv.itv888.cn:8080/hls/m8hvytneunk/index.m3u8, IPv_Type: ipv6, Location: 美国, ISP: CloudFlare Inc., Date: None, Delay: -1 ms, Speed: 0.00 M/s, Resolution: None
Name: 安徽卫视, URL: https://iptv.catvod.com/catvod.php?id=ahws, IPv_Type: ipv6, Location: 美国, ISP: CloudFlare Inc., Date: None, Delay: -1 ms, Speed: 0.00 M/s, Resolution: None
Name: 安徽卫视, URL: http://iptv.huuc.edu.cn/hls/ahhd.m3u8, IPv_Type: ipv6, Location: 中国, ISP: 教育网, Date: None, Delay: -1 ms, Speed: 0.00 M/s, Resolution: None
Name: 安徽卫视, URL: https://iptv.catvod.com/live.php?id=%E5%AE%89%E5%BE%BD%E5%8D%AB%E8%A7%86, IPv_Type: ipv6, Location: 美国, ISP: CloudFlare Inc., Date: None, Delay: -1 ms, Speed: 0.00 M/s, Resolution: None
Name: 安徽卫视, URL: https://iptv.catvod.com/live.php?id=%E5%AE%89%E5%BE%BD%E5%8D%AB%E8%A7%86&line=2, IPv_Type: ipv6, Location: 美国, ISP: CloudFlare Inc., Date: None, Delay: -1 ms, Speed: 0.00 M/s, Resolution: None
Name: 安徽卫视, URL: https://iptv.catvod.com/live.php?id=%E5%AE%89%E5%BE%BD%E5%8D%AB%E8%A7%86&line=1, IPv_Type: ipv6, Location: 美国, ISP: CloudFlare Inc., Date: None, Delay: -1 ms, Speed: 0.00 M/s, Resolution: None
Name: 安徽卫视, URL: https://iptv.catvod.com/live.php?id=%E5%AE%89%E5%BE%BD%E5%8D%AB%E8%A7%86&line=3, IPv_Type: ipv6, Location: 美国, ISP: CloudFlare Inc., Date: None, Delay: -1 ms, Speed: 0.00 M/s, Resolution: None
Name: 安徽卫视, URL: http://[2409:8087:1a15:10d1::39]/ottrrs.hl.chinamobile.com/PLTV/88888888/224/3221226391/index.m3u8, IPv_Type: ipv6, Location: 中国, ISP: 中国移动, Date: None, Delay: -1 ms, Speed: 0.00 M/s, Resolution: None
Name: 安徽卫视, URL: https://hls-gateway.vpstv.net/streams/708868.m3u8, IPv_Type: ipv6, Location: 美国, ISP: CloudFlare Inc., Date: None, Delay: -1 ms, Speed: 0.00 M/s, Resolution: None
Name: 安徽卫视, URL: http://[2409:8087:8:21::18]:6610/otttv.bj.chinamobile.com/PLTV/88888888/224/3221226943/1.m3u8?GuardEncType=2&accountinfo=%7E%7EV2.0%7E0QmKQ_slRCwvVVUUfxPVbw%7EtP4-l0lmSfjwLWEfK_el1vH_mv-s1zo4AQJwdedaVwG9xkuFTDg8J26cwOrNJzn20BErrHdLhuZ9EzLUCD3PMW-OMx4MGteHV2vLeW6BqoY%2CEND, IPv_Type: ipv6, Location: 中国, ISP: 中国移动, Date: None, Delay: -1 ms, Speed: 0.00 M/s, Resolution: None
Name: 安徽卫视, URL: http://wouu.net:9977/udp/239.93.1.106:5140, IPv_Type: ipv6, Location: 保留地址, ISP: 主机之间的链路本地地址, Date: None, Delay: -1 ms, Speed: 0.00 M/s, Resolution: None
Name: 安徽卫视, URL: http://[2409:8087:1a01:df::4077]/ottrrs.hl.chinamobile.com/PLTV/88888888/8/3221226498/index.m3u8, IPv_Type: ipv6, Location: 中国, ISP: 中国移动, Date: None, Delay: -1 ms, Speed: 0.00 M/s, Resolution: None
Name: 安徽卫视, URL: http://[2409:8087:1a01:df::4077]/ottrrs.hl.chinamobile.com/PLTV/88888888/8/3221226391/index.m3u8, IPv_Type: ipv6, Location: 中国, ISP: 中国移动, Date: None, Delay: -1 ms, Speed: 0.00 M/s, Resolution: None
Name: 安徽卫视, URL: http://[2409:8087:1a01:df::4077]:80/ottrrs.hl.chinamobile.com/PLTV/88888888/224/3221226391/1.m3u8, IPv_Type: ipv6, Location: 中国, ISP: 中国移动, Date: None, Delay: -1 ms, Speed: 0.00 M/s, Resolution: None
Name: 安徽卫视, URL: http://[2409:8087:1a01:df::4077]:80/ottrrs.hl.chinamobile.com/yinhe/88888888/224/3221226391/index.m3u8, IPv_Type: ipv6, Location: 中国, ISP: 中国移动, Date: None, Delay: -1 ms, Speed: 0.00 M/s, Resolution: None
Name: 安徽卫视, URL: http://[2409:8087:1a01:df::4077]:80/ottrrs.hl.chinamobile.com/PLTV/88888888/8/3221226498/index.m3u8, IPv_Type: ipv6, Location: 中国, ISP: 中国移动, Date: None, Delay: -1 ms, Speed: 0.00 M/s, Resolution: None
Name: 安徽卫视, URL: http://[2409:8087:1a01:df::4077]/ottrrs.hl.chinamobile.com/PLTV/88888888/224/3221226391/1.m3u8?icpid=88888888&from=1&hms_devid=1012&vqe=3, IPv_Type: ipv6, Location: 中国, ISP: 中国移动, Date: None, Delay: -1 ms, Speed: 0.00 M/s, Resolution: None
Name: 安徽卫视, URL: http://[2409:8087:1a01:df::4077]:80/ottrrs.hl.chinamobile.com/PLTV/88888888/8/3221226391/index.m3u8, IPv_Type: ipv6, Location: 中国, ISP: 中国移动, Date: None, Delay: -1 ms, Speed: 0.00 M/s, Resolution: None
Name: 安徽卫视, URL: http://[2409:8087:1a01:df::4077]/ottrrs.hl.chinamobile.com/yinhe/88888888/224/3221226391/index.m3u8, IPv_Type: ipv6, Location: 中国, ISP: 中国移动, Date: None, Delay: -1 ms, Speed: 0.00 M/s, Resolution: None
Name: 安徽卫视, URL: http://[2409:8087:1a01:df::4077]/ottrrs.hl.chinamobile.com/PLTV/88888888/224/3221226391/index.m3u8, IPv_Type: ipv6, Location: 中国, ISP: 中国移动, Date: None, Delay: -1 ms, Speed: 0.00 M/s, Resolution: None
Name: 安徽卫视, URL: http://[2409:8087:74f0:22::7]:6410/270000001128/9900000514/index.m3u8, IPv_Type: ipv6, Location: 中国, ISP: 中国移动, Date: None, Delay: -1 ms, Speed: 0.00 M/s, Resolution: None
Name: 安徽卫视, URL: http://[2409:8087:1a01:df::7005]/ottrrs.hl.chinamobile.com/PLTV/88888888/224/3221226391/index.m3u8, IPv_Type: ipv6, Location: 中国, ISP: 中国移动, Date: None, Delay: -1 ms, Speed: 0.00 M/s, Resolution: None
Name: 安徽卫视, URL: http://[2409:8087:1a01:df::7005]:80/ottrrs.hl.chinamobile.com/PLTV/88888888/224/3221226391/index.m3u8, IPv_Type: ipv6, Location: 中国, ISP: 中国移动, Date: None, Delay: -1 ms, Speed: 0.00 M/s, Resolution: None
Name: 安徽卫视, URL: http://[2409:8087:5e00:24::1e]:6060/200000001898/460000089800010041/1.m3u8, IPv_Type: ipv6, Location: 中国, ISP: 中国移动, Date: None, Delay: -1 ms, Speed: 0.00 M/s, Resolution: None
Name: 安徽卫视, URL: https://t.freetv.fun/live/an-hui-wei-shi.m3u8, IPv_Type: ipv6, Location: 美国, ISP: CloudFlare Inc., Date: None, Delay: -1 ms, Speed: 0.00 M/s, Resolution: None
Name: 安徽卫视, URL: https://t.freetv.fun/live/an-hui-wei-shi-5.php, IPv_Type: ipv6, Location: 美国, ISP: CloudFlare Inc., Date: None, Delay: -1 ms, Speed: 0.00 M/s, Resolution: None
Name: 安徽卫视, URL: https://t.freetv.fun/live/an-hui-wei-shi-2.m3u8, IPv_Type: ipv6, Location: 美国, ISP: CloudFlare Inc., Date: None, Delay: -1 ms, Speed: 0.00 M/s, Resolution: None
Name: 安徽卫视, URL: http://[2409:8087:1a01:df::4077]:80/ottrrs.hl.chinamobile.com/PLTV/88888888/224/3221226391/index.m3u8, IPv_Type: ipv6, Location: 中国, ISP: 中国移动, Date: None, Delay: -1 ms, Speed: 0.00 M/s, Resolution: None
Name: 安徽卫视, URL: http://38.75.136.137:98/gslb/dsdqpub/ahwshd.m3u8?auth=testpub, IPv_Type: ipv4, Location: 美国-哥伦比亚特区-哥伦比亚特区, ISP: Cogent, Date: None, Delay: 1316 ms, Speed: 3.99 M/s, Resolution: 1920x1080
Name: 安徽卫视, URL: http://drive.mxmy.net:8888/udp/239.3.1.211:8064, IPv_Type: ipv4, Location: 中国-北京-北京, ISP: 联通, Date: None, Delay: 503 ms, Speed: 0.09 M/s, Resolution: 1920x1080
Name: 北京卫视, URL: http://api.kkitv.itv888.cn:8080/hls/h5uud1z84gn/index.m3u8, IPv_Type: ipv6, Location: 美国, ISP: CloudFlare Inc., Date: None, Delay: -1 ms, Speed: 0.00 M/s, Resolution: None
Name: 北京卫视, URL: https://iptv.catvod.com/catvod.php?id=bjws, IPv_Type: ipv6, Location: 美国, ISP: CloudFlare Inc., Date: None, Delay: -1 ms, Speed: 0.00 M/s, Resolution: None
Name: 北京卫视, URL: http://iptv.huuc.edu.cn/hls/btv1hd.m3u8, IPv_Type: ipv6, Location: 中国, ISP: 教育网, Date: None, Delay: -1 ms, Speed: 0.00 M/s, Resolution: None
Name: 北京卫视, URL: https://iptv.catvod.com/live.php?id=%E5%8C%97%E4%BA%AC%E5%8D%AB%E8%A7%86, IPv_Type: ipv6, Location: 美国, ISP: CloudFlare Inc., Date: None, Delay: -1 ms, Speed: 0.00 M/s, Resolution: None
Name: 北京卫视, URL: https://mgtv.ottiptv.cc/mg/630287636.m3u8?userid=5559462299&sign=8c38f19cca150ab3e079ad1780d080937c05a9a9355511ef59b4ed8f035f924daeaa2f87865ec83f46aff25a39dc2ee437ddf53232a3e22a1df2ba0c0b72ebc08991f9aba35cd69d27cb83720bb0e9ccec&auth_token=1b99577efa5a3442ca4c7820d6e0b4e8, IPv_Type: ipv6, Location: 美国, ISP: Oracle Corporation, Date: None, Delay: -1 ms, Speed: 0.00 M/s, Resolution: None
Name: 北京卫视, URL: http://[2409:8087:1a15:10d1::38]/ottrrs.hl.chinamobile.com/PLTV/88888888/224/3221225728/index.m3u8, IPv_Type: ipv6, Location: 中国, ISP: 中国移动, Date: None, Delay: -1 ms, Speed: 0.00 M/s, Resolution: None
Name: 北京卫视, URL: https://hls-gateway.vpstv.net/streams/476912.m3u8, IPv_Type: ipv6, Location: 美国, ISP: CloudFlare Inc., Date: None, Delay: -1 ms, Speed: 0.00 M/s, Resolution: None
Name: 北京卫视, URL: http://[2409:8087:8:21::18]:6610/otttv.bj.chinamobile.com/PLTV/88888888/224/3221226900/1.m3u8?GuardEncType=2&accountinfo=%7E%7EV2.0%7EcYPi33WFyhvd6SjmqUKhJg%7EtP4-l0lmSfjwLWEfK_el1vH_mv-s1zo4AQJwdedaVwG9xkuFTDg8J26cwOrNJzn20BErrHdLhuZ9EzLUCD3PMW-OMx4MGteHV2vLeW6BqoY%2CEND, IPv_Type: ipv6, Location: 中国, ISP: 中国移动, Date: None, Delay: -1 ms, Speed: 0.00 M/s, Resolution: None
Name: 北京卫视, URL: http://wouu.net:9977/udp/239.93.0.180:5140, IPv_Type: ipv6, Location: 保留地址, ISP: 主机之间的链路本地地址, Date: None, Delay: -1 ms, Speed: 0.00 M/s, Resolution: None
Name: 北京卫视, URL: http://[2409:8087:1a01:df::4077]:80/ottrrs.hl.chinamobile.com/yinhe/88888888/224/3221226450/index.m3u8, IPv_Type: ipv6, Location: 中国, ISP: 中国移动, Date: None, Delay: -1 ms, Speed: 0.00 M/s, Resolution: None
Name: 北京卫视, URL: http://[2409:8087:1a01:df::4077]/ottrrs.hl.chinamobile.com/PLTV/88888888/8/3221226450/index.m3u8, IPv_Type: ipv6, Location: 中国, ISP: 中国移动, Date: None, Delay: -1 ms, Speed: 0.00 M/s, Resolution: None
Name: 北京卫视, URL: http://[2409:8087:1a01:df::4077]:80/ottrrs.hl.chinamobile.com/PLTV/88888888/224/3221226450/1.m3u8, IPv_Type: ipv6, Location: 中国, ISP: 中国移动, Date: None, Delay: -1 ms, Speed: 0.00 M/s, Resolution: None
Name: 北京卫视, URL: http://[2409:8087:1a01:df::4077]/ottrrs.hl.chinamobile.com/yinhe/88888888/224/3221226450/index.m3u8, IPv_Type: ipv6, Location: 中国, ISP: 中国移动, Date: None, Delay: -1 ms, Speed: 0.00 M/s, Resolution: None
Name: 北京卫视, URL: http://[2409:8087:1a01:df::4077]:80/ottrrs.hl.chinamobile.com/PLTV/88888888/8/3221226450/index.m3u8, IPv_Type: ipv6, Location: 中国, ISP: 中国移动, Date: None, Delay: -1 ms, Speed: 0.00 M/s, Resolution: None
Name: 北京卫视, URL: http://[2409:8087:1a01:df::4077]/ottrrs.hl.chinamobile.com/PLTV/88888888/224/3221226450/1.m3u8?icpid=88888888&from=1&hms_devid=1012&vqe=3, IPv_Type: ipv6, Location: 中国, ISP: 中国移动, Date: None, Delay: -1 ms, Speed: 0.00 M/s, Resolution: None
Name: 北京卫视, URL: http://[2409:8087:1a01:df::4077]/ottrrs.hl.chinamobile.com/PLTV/88888888/224/3221226450/index.m3u8, IPv_Type: ipv6, Location: 中国, ISP: 中国移动, Date: None, Delay: -1 ms, Speed: 0.00 M/s, Resolution: None
Name: 北京卫视, URL: https://stream1.freetv.fun/786bf920787f92216b3f39c74879c122dbb5dfe0f0d4082b5f43fdf3c8a75474.m3u8, IPv_Type: ipv6, Location: 美国, ISP: CloudFlare Inc., Date: None, Delay: -1 ms, Speed: 0.00 M/s, Resolution: None
Name: 北京卫视, URL: http://[2409:8087:1:20:20::2c]/otttv.bj.chinamobile.com/PLTV/88888888/224/3221226436/1.m3u8?GuardEncType=2&accountinfo=%7E%7EV2.0%7ElMQ3ov45VmhzipweN5VstQ%7E_eNUbgU9sJGUcVVduOMKhafLvQUgE_zlz_7pvDimJNPg_yZ8DZHTaSU92MIl_o3b%2CEND, IPv_Type: ipv6, Location: 中国, ISP: 中国移动, Date: None, Delay: -1 ms, Speed: 0.00 M/s, Resolution: None
Name: 北京卫视, URL: http://[2409:8087:74f0:22::6]:6410/270000001128/9900000516/index.m3u8, IPv_Type: ipv6, Location: 中国, ISP: 中国移动, Date: None, Delay: -1 ms, Speed: 0.00 M/s, Resolution: None
Name: 北京卫视, URL: http://[2409:8087:1a01:df::7005]/ottrrs.hl.chinamobile.com/PLTV/88888888/224/3221226450/index.m3u8, IPv_Type: ipv6, Location: 中国, ISP: 中国移动, Date: None, Delay: -1 ms, Speed: 0.00 M/s, Resolution: None
Name: 北京卫视, URL: http://[2409:8087:1a01:df::7005]:80/ottrrs.hl.chinamobile.com/PLTV/88888888/224/3221226450/index.m3u8, IPv_Type: ipv6, Location: 中国, ISP: 中国移动, Date: None, Delay: -1 ms, Speed: 0.00 M/s, Resolution: None
Name: 北京卫视, URL: http://[2409:8087:5e00:24::1e]:6060/200000001898/460000089800010143/1.m3u8, IPv_Type: ipv6, Location: 中国, ISP: 中国移动, Date: None, Delay: -1 ms, Speed: 0.00 M/s, Resolution: None
Name: 北京卫视, URL: http://[2409:8087:5e00:24::1e]:6060/200000001898/460000089800010043/1.m3u8, IPv_Type: ipv6, Location: 中国, ISP: 中国移动, Date: None, Delay: -1 ms, Speed: 0.00 M/s, Resolution: None
Name: 北京卫视, URL: https://t.freetv.fun/live/bei-jing-wei-shi.m3u8, IPv_Type: ipv6, Location: 美国, ISP: CloudFlare Inc., Date: None, Delay: -1 ms, Speed: 0.00 M/s, Resolution: None
Name: 北京卫视, URL: https://t.freetv.fun/live/bei-jing-wei-shi-4.m3u8, IPv_Type: ipv6, Location: 美国, ISP: CloudFlare Inc., Date: None, Delay: -1 ms, Speed: 0.00 M/s, Resolution: None
Name: 北京卫视, URL: http://mgsp-yx2.live.miguvideo.com:8088/migu/kailu/bjws/51/20251127/index.m3u8?msisdn=2be6b2ec9fcf10d2c2457e2c710e172c&mdspid=&spid=600697&netType=0&sid=5910022306&pid=2028597139&timestamp=20260225080207&Channel_ID=0116_2600034600-99000-201600010010028&ProgramID=630287636&ParentNodeID=-99&assertID=5910022306&client_ip=218.28.233.106&SecurityKey=20260225080207&promotionId=&mvid=5101042960&mcid=500020&playurlVersion=WX-A1-9.2.1-RELEASE&userid=&jmhm=&videocodec=h264&appCode=miguvideo_android&bean=mgspad&tid=android&conFee=0&encrypt=08094113e7df219e6e2a9572d6701dad&sv=10004&ct=android, IPv_Type: ipv6, Location: 中国, ISP: 中国电信, Date: None, Delay: -1 ms, Speed: 0.00 M/s, Resolution: None
Name: 北京卫视, URL: https://t.freetv.fun/live/bei-jing-wei-shi-6.m3u8, IPv_Type: ipv6, Location: 美国, ISP: CloudFlare Inc., Date: None, Delay: -1 ms, Speed: 0.00 M/s, Resolution: None
Name: 北京卫视, URL: http://[2409:8087:1a01:df::4077]:80/ottrrs.hl.chinamobile.com/PLTV/88888888/224/3221226450/index.m3u8, IPv_Type: ipv6, Location: 中国, ISP: 中国移动, Date: None, Delay: -1 ms, Speed: 0.00 M/s, Resolution: None
Name: 北京卫视, URL: http://satellitepull.cnr.cn/live/wxbtv/playlist.m3u8, IPv_Type: ipv4, Location: 美国-伊利诺伊州-库克, ISP: 网宿CDN节点, Date: None, Delay: 38 ms, Speed: 2.65 M/s, Resolution: None
Name: 北京卫视, URL: http://38.75.136.137:98/gslb/dsdqbv/bjwshd.m3u8?auth=test20251009, IPv_Type: ipv4, Location: 美国-哥伦比亚特区-哥伦比亚特区, ISP: Cogent, Date: None, Delay: 2787 ms, Speed: 2.23 M/s, Resolution: 1920x1080
Name: 北京卫视, URL: http://38.75.136.137:98/gslb/dsdqpub/bjwshd.m3u8?auth=testpub, IPv_Type: ipv4, Location: 美国-哥伦比亚特区-哥伦比亚特区, ISP: Cogent, Date: None, Delay: 4353 ms, Speed: 0.25 M/s, Resolution: 1920x1080
Name: 重庆卫视, URL: http://api.kkitv.itv888.cn:8080/hls/ogh3s6tbw6/index.m3u8, IPv_Type: ipv6, Location: 美国, ISP: CloudFlare Inc., Date: None, Delay: -1 ms, Speed: 0.00 M/s, Resolution: None
Name: 重庆卫视, URL: https://iptv.catvod.com/catvod.php?id=cqws, IPv_Type: ipv6, Location: 美国, ISP: CloudFlare Inc., Date: None, Delay: -1 ms, Speed: 0.00 M/s, Resolution: None
Name: 重庆卫视, URL: http://iptv.huuc.edu.cn/hls/cqhd.m3u8, IPv_Type: ipv6, Location: 中国, ISP: 教育网, Date: None, Delay: -1 ms, Speed: 0.00 M/s, Resolution: None
Name: 重庆卫视, URL: https://iptv.catvod.com/live.php?id=%E9%87%8D%E5%BA%86%E5%8D%AB%E8%A7%86&line=2, IPv_Type: ipv6, Location: 美国, ISP: CloudFlare Inc., Date: None, Delay: -1 ms, Speed: 0.00 M/s, Resolution: None
Name: 重庆卫视, URL: https://iptv.catvod.com/live.php?id=%E9%87%8D%E5%BA%86%E5%8D%AB%E8%A7%86&line=1, IPv_Type: ipv6, Location: 美国, ISP: CloudFlare Inc., Date: None, Delay: -1 ms, Speed: 0.00 M/s, Resolution: None
Name: 重庆卫视, URL: https://hlsbkmgsplive.miguvideo.com/envivo_x/2018/SD/chongqing/1000/01.m3u8?&HlsSubType=&encrypt=, IPv_Type: ipv6, Location: 中国, ISP: 中国移动, Date: None, Delay: -1 ms, Speed: 0.00 M/s, Resolution: None
Name: 重庆卫视, URL: https://mgtv.ottiptv.cc/mg/738910914.m3u8?userid=5559462299&sign=3ed5c8e3e10a4069c3ff416f564b4eaa745b73345b0b1618d9a72efe8b915421fee4205e9aa57dc92a5ff1ff82a2a2535a701745e2c1b253425b771e94334f8021405e258a17b39df205d0bb7200ea8329&auth_token=1b99577efa5a3442ca4c7820d6e0b4e8, IPv_Type: ipv6, Location: 美国, ISP: Oracle Corporation, Date: None, Delay: -1 ms, Speed: 0.00 M/s, Resolution: None
Name: 重庆卫视, URL: http://[2409:8087:1a15:10d1::36]/ottrrs.hl.chinamobile.com/PLTV/88888888/224/3221226409/index.m3u8, IPv_Type: ipv6, Location: 中国, ISP: 中国移动, Date: None, Delay: -1 ms, Speed: 0.00 M/s, Resolution: None
Name: 重庆卫视, URL: https://hls-gateway.vpstv.net/streams/476918.m3u8, IPv_Type: ipv6, Location: 美国, ISP: CloudFlare Inc., Date: None, Delay: -1 ms, Speed: 0.00 M/s, Resolution: None
Name: 重庆卫视, URL: http://[2409:8087:8:21::18]:6610/otttv.bj.chinamobile.com/PLTV/88888888/224/3221226963/1.m3u8?GuardEncType=2&accountinfo=%7E%7EV2.0%7EjTXsJprEx2nE38tdvu5lhA%7EtP4-l0lmSfjwLWEfK_el1vH_mv-s1zo4AQJwdedaVwG9xkuFTDg8J26cwOrNJzn20BErrHdLhuZ9EzLUCD3PMW-OMx4MGteHV2vLeW6BqoY%2CEND, IPv_Type: ipv6, Location: 中国, ISP: 中国移动, Date: None, Delay: -1 ms, Speed: 0.00 M/s, Resolution: None
Name: 重庆卫视, URL: http://wouu.net:9977/udp/239.93.1.107:5140, IPv_Type: ipv6, Location: 保留地址, ISP: 主机之间的链路本地地址, Date: None, Delay: -1 ms, Speed: 0.00 M/s, Resolution: None
Name: 重庆卫视, URL: http://[2409:8087:1a01:df::4077]/ottrrs.hl.chinamobile.com/PLTV/88888888/224/3221226409/index.m3u8, IPv_Type: ipv6, Location: 中国, ISP: 中国移动, Date: None, Delay: -1 ms, Speed: 0.00 M/s, Resolution: None
Name: 重庆卫视, URL: http://[2409:8087:1a01:df::4077]/ottrrs.hl.chinamobile.com/PLTV/88888888/8/3221226409/index.m3u8, IPv_Type: ipv6, Location: 中国, ISP: 中国移动, Date: None, Delay: -1 ms, Speed: 0.00 M/s, Resolution: None
Name: 重庆卫视, URL: http://[2409:8087:1a01:df::4077]:80/ottrrs.hl.chinamobile.com/yinhe/88888888/224/3221226409/index.m3u8, IPv_Type: ipv6, Location: 中国, ISP: 中国移动, Date: None, Delay: -1 ms, Speed: 0.00 M/s, Resolution: None
Name: 重庆卫视, URL: http://[2409:8087:1a01:df::4077]/ottrrs.hl.chinamobile.com/yinhe/88888888/224/3221226409/index.m3u8, IPv_Type: ipv6, Location: 中国, ISP: 中国移动, Date: None, Delay: -1 ms, Speed: 0.00 M/s, Resolution: None
Name: 重庆卫视, URL: http://[2409:8087:1a01:df::4077]:80/ottrrs.hl.chinamobile.com/PLTV/88888888/224/3221226409/index.m3u8, IPv_Type: ipv6, Location: 中国, ISP: 中国移动, Date: None, Delay: -1 ms, Speed: 0.00 M/s, Resolution: None
Name: 重庆卫视, URL: http://[2409:8087:74f0:22::7]:6410/270000001128/9900000517/index.m3u8, IPv_Type: ipv6, Location: 中国, ISP: 中国移动, Date: None, Delay: -1 ms, Speed: 0.00 M/s, Resolution: None
Name: 重庆卫视, URL: http://[2409:8087:1a01:df::7005]/ottrrs.hl.chinamobile.com/PLTV/88888888/224/3221226409/index.m3u8, IPv_Type: ipv6, Location: 中国, ISP: 中国移动, Date: None, Delay: -1 ms, Speed: 0.00 M/s, Resolution: None
Name: 重庆卫视, URL: http://[2409:8087:1a01:df::7005]:80/ottrrs.hl.chinamobile.com/PLTV/88888888/224/3221226409/index.m3u8, IPv_Type: ipv6, Location: 中国, ISP: 中国移动, Date: None, Delay: -1 ms, Speed: 0.00 M/s, Resolution: None
Name: 重庆卫视, URL: http://[2409:8087:5e00:24::1e]:6060/200000001898/460000089800010053/1.m3u8, IPv_Type: ipv6, Location: 中国, ISP: 中国移动, Date: None, Delay: -1 ms, Speed: 0.00 M/s, Resolution: None
Name: 重庆卫视, URL: https://t.freetv.fun/live/zhong-qing-wei-shi.m3u8, IPv_Type: ipv6, Location: 美国, ISP: CloudFlare Inc., Date: None, Delay: -1 ms, Speed: 0.00 M/s, Resolution: None
Name: 重庆卫视, URL: https://t.freetv.fun/live/zhong-qing-wei-shi-1.m3u8, IPv_Type: ipv6, Location: 美国, ISP: CloudFlare Inc., Date: None, Delay: -1 ms, Speed: 0.00 M/s, Resolution: None
Name: 重庆卫视, URL: https://t.freetv.fun/live/zhong-qing-wei-shi-7.m3u8, IPv_Type: ipv6, Location: 美国, ISP: CloudFlare Inc., Date: None, Delay: -1 ms, Speed: 0.00 M/s, Resolution: None
Name: 重庆卫视, URL: https://t.freetv.fun/live/zhong-qing-wei-shi-3.m3u8, IPv_Type: ipv6, Location: 美国, ISP: CloudFlare Inc., Date: None, Delay: -1 ms, Speed: 0.00 M/s, Resolution: None
Name: 重庆卫视, URL: http://[2409:8087:1a01:df::4077]:80/ottrrs.hl.chinamobile.com/PLTV/88888888/8/3221226409/index.m3u8, IPv_Type: ipv6, Location: 中国, ISP: 中国移动, Date: None, Delay: -1 ms, Speed: 0.00 M/s, Resolution: None
Name: 重庆卫视, URL: http://drive.mxmy.net:8888/udp/239.3.1.122:8160, IPv_Type: ipv4, Location: 中国-北京-北京, ISP: 联通, Date: None, Delay: 501 ms, Speed: 0.05 M/s, Resolution: 1920x1080
Name: 东方卫视, URL: http://api.kkitv.itv888.cn:8080/hls/p269fvbehye/index.m3u8, IPv_Type: ipv6, Location: 美国, ISP: CloudFlare Inc., Date: None, Delay: -1 ms, Speed: 0.00 M/s, Resolution: None
Name: 东方卫视, URL: https://iptv.catvod.com/catvod.php?id=dfws, IPv_Type: ipv6, Location: 美国, ISP: CloudFlare Inc., Date: None, Delay: -1 ms, Speed: 0.00 M/s, Resolution: None
Name: 东方卫视, URL: http://iptv.huuc.edu.cn/hls/dfhd.m3u8, IPv_Type: ipv6, Location: 中国, ISP: 教育网, Date: None, Delay: -1 ms, Speed: 0.00 M/s, Resolution: None
Name: 东方卫视, URL: https://migu.188766.xyz/?migutoken=ed0603eb2094d004cf1f0323eea593c9&id=%E4%B8%9C%E6%96%B9%E5%8D%AB%E8%A7%86&type=yy, IPv_Type: ipv6, Location: 美国, ISP: CloudFlare Inc., Date: None, Delay: -1 ms, Speed: 0.00 M/s, Resolution: None
Name: 东方卫视, URL: https://iptv.catvod.com/live.php?id=%E4%B8%9C%E6%96%B9%E5%8D%AB%E8%A7%86&line=6, IPv_Type: ipv6, Location: 美国, ISP: CloudFlare Inc., Date: None, Delay: -1 ms, Speed: 0.00 M/s, Resolution: None
Name: 东方卫视, URL: https://iptv.catvod.com/live.php?id=%E4%B8%9C%E6%96%B9%E5%8D%AB%E8%A7%86&line=1, IPv_Type: ipv6, Location: 美国, ISP: CloudFlare Inc., Date: None, Delay: -1 ms, Speed: 0.00 M/s, Resolution: None
Name: 东方卫视, URL: https://mgtv.ottiptv.cc/mg/651632648.m3u8?userid=5559462299&sign=7289fb6a46d458c8cd40a637c9b4c77ce83a61cbb53658e4d410bd60c229927aadcd4a8604375bc403f50734ae96d2ebc5d1c575a2e675339cbfae33a0888bf4cab02f44942a4ec209fbea65521524f92b&auth_token=1b99577efa5a3442ca4c7820d6e0b4e8, IPv_Type: ipv6, Location: 美国, ISP: Oracle Corporation, Date: None, Delay: -1 ms, Speed: 0.00 M/s, Resolution: None
Name: 东方卫视, URL: https://epg.pw/stream/6aec3ea636542c53729b5c9dd290864ab04d4a69d2b9cb7864a9898779915898.m3u8, IPv_Type: ipv6, Location: 美国, ISP: CloudFlare Inc., Date: None, Delay: -1 ms, Speed: 0.00 M/s, Resolution: None
Name: 东方卫视, URL: http://[2409:8087:1a15:10d1::37]/ottrrs.hl.chinamobile.com/PLTV/88888888/224/3221225735/index.m3u8, IPv_Type: ipv6, Location: 中国, ISP: 中国移动, Date: None, Delay: -1 ms, Speed: 0.00 M/s, Resolution: None
Name: 东方卫视, URL: https://hls-gateway.vpstv.net/streams/709068.m3u8, IPv_Type: ipv6, Location: 美国, ISP: CloudFlare Inc., Date: None, Delay: -1 ms, Speed: 0.00 M/s, Resolution: None
Name: 东方卫视, URL: https://hls-gateway.vpstv.net/streams/708824.m3u8, IPv_Type: ipv6, Location: 美国, ISP: CloudFlare Inc., Date: None, Delay: -1 ms, Speed: 0.00 M/s, Resolution: None
Name: 东方卫视, URL: http://[2409:8087:8:21::18]:6610/otttv.bj.chinamobile.com/PLTV/88888888/224/3221226898/1.m3u8?GuardEncType=2&accountinfo=%7E%7EV2.0%7E0uh4lyjjBCCN7TCq21vSIQ%7EtP4-l0lmSfjwLWEfK_el1vH_mv-s1zo4AQJwdedaVwG9xkuFTDg8J26cwOrNJzn20BErrHdLhuZ9EzLUCD3PMW-OMx4MGteHV2vLeW6BqoY%2CEND, IPv_Type: ipv6, Location: 中国, ISP: 中国移动, Date: None, Delay: -1 ms, Speed: 0.00 M/s, Resolution: None
Name: 东方卫视, URL: http://[2409:8087:1a01:df::4077]:80/ottrrs.hl.chinamobile.com/yinhe/88888888/224/3221226345/index.m3u8, IPv_Type: ipv6, Location: 中国, ISP: 中国移动, Date: None, Delay: -1 ms, Speed: 0.00 M/s, Resolution: None
Name: 东方卫视, URL: http://[2409:8087:1a01:df::4077]/ottrrs.hl.chinamobile.com/PLTV/88888888/8/3221226345/index.m3u8, IPv_Type: ipv6, Location: 中国, ISP: 中国移动, Date: None, Delay: -1 ms, Speed: 0.00 M/s, Resolution: None
Name: 东方卫视, URL: http://[2409:8087:1a01:df::4077]:80/ottrrs.hl.chinamobile.com/PLTV/88888888/8/3221226345/index.m3u8, IPv_Type: ipv6, Location: 中国, ISP: 中国移动, Date: None, Delay: -1 ms, Speed: 0.00 M/s, Resolution: None
Name: 东方卫视, URL: http://[2409:8087:1a01:df::4077]/ottrrs.hl.chinamobile.com/PLTV/88888888/224/3221226345/index.m3u8, IPv_Type: ipv6, Location: 中国, ISP: 中国移动, Date: None, Delay: -1 ms, Speed: 0.00 M/s, Resolution: None
Name: 东方卫视, URL: http://[2409:8087:1a01:df::4077]/ottrrs.hl.chinamobile.com/yinhe/88888888/224/3221226345/index.m3u8, IPv_Type: ipv6, Location: 中国, ISP: 中国移动, Date: None, Delay: -1 ms, Speed: 0.00 M/s, Resolution: None
Name: 东方卫视, URL: https://www.freetv.top/migu/651632648.m3u8?migutoken=95759756a54e94e55327bb13b854f38b8804506300bc7b2dc6d7896518d1cb705d68a47d6e445836946d997e2a858592d4082bf57643ec7ac74aa8bdd99fb70b8ab534cb9b55a950291eb07c63, IPv_Type: ipv6, Location: 美国, ISP: Oracle Corporation, Date: None, Delay: -1 ms, Speed: 0.00 M/s, Resolution: None
Name: 东方卫视, URL: http://wouu.net:9977/udp/239.93.0.123:5140, IPv_Type: ipv6, Location: 保留地址, ISP: 主机之间的链路本地地址, Date: None, Delay: -1 ms, Speed: 0.00 M/s, Resolution: None
Name: 东方卫视, URL: https://www.freetv.top/migu/651632648.m3u8?migutoken=82404ece5a3e1172fe62375275fbec1972e5760ebab5a792834d63b128c6d25cdbb7e8922093aebaf6b4ff8a12f4970bb82639383bb1571a21e1e74fda3c763651392bb4b918419230e8b830e0, IPv_Type: ipv6, Location: 美国, ISP: Oracle Corporation, Date: None, Delay: -1 ms, Speed: 0.00 M/s, Resolution: None
Name: 东方卫视, URL: http://3501776.xyz:35455/itv/1000000005000265018.m3u8?cdn=ystenlive, IPv_Type: ipv6, Location: 中国, ISP: 中国电信, Date: None, Delay: -1 ms, Speed: 0.00 M/s, Resolution: None
Name: 东方卫视, URL: https://www.freetv.top/migu/651632648.m3u8?migutoken=39d71e54ce845693dcf18d448e47f4bcb96160d6a4d5cdce70a4b176510154f11641d32ad88b38d8c436057539f8e2fa3ec0ea15c8300f4bac8fcf7959caa82d1c409b9fbb89340797a38c624e, IPv_Type: ipv6, Location: 美国, ISP: Oracle Corporation, Date: None, Delay: -1 ms, Speed: 0.00 M/s, Resolution: None
Name: 东方卫视, URL: https://www.freetv.top/migu/651632648.m3u8?migutoken=d403039fa45cf7d529b6d60f2013bb301f0c8307f8963a33f46435ff086b28e4099cb523a6a3363b17a4f74b52c83d12b497292d07e7233384e97ebf993f7c940ec7fe4f5f2190f2a21e419ac9, IPv_Type: ipv6, Location: 美国, ISP: Oracle Corporation, Date: None, Delay: -1 ms, Speed: 0.00 M/s, Resolution: None
Name: 东方卫视, URL: https://www.freetv.top/migu/651632648.m3u8?migutoken=09c24b255d931b105b2a0e0e73a2fce2a18eee043d7a80fc7edd3f45e8733a027c9a3344cf85daf80107cb437dc0f0309e092eddf78b6e8fad23169f7600e832abe4c34f59e2db45f1ef90144c, IPv_Type: ipv6, Location: 美国, ISP: Oracle Corporation, Date: None, Delay: -1 ms, Speed: 0.00 M/s, Resolution: None
Name: 东方卫视, URL: https://www.freetv.top/migu/651632648.m3u8?migutoken=1b29e441e8d640f9f4d3b7f1798bd6cd0036bcfcab7fb7353718a02767b7d7a91bd78405a1b2ae2b5a477e2b6964c8e1c10e40b15cf06fc2a353f8968e69c78ea27ea0e65ab6eaf17ed9e0b8bc, IPv_Type: ipv6, Location: 美国, ISP: Oracle Corporation, Date: None, Delay: -1 ms, Speed: 0.00 M/s, Resolution: None
Name: 东方卫视, URL: https://www.freetv.top/migu/651632648.m3u8?migutoken=c9a7a392335b6f990a4b233b6066770e1330aa6b6fed2a47f3985567ef8988af1b02bf0adfcc1243deb1fb6fb57ade7c90aa1550041f7c3dfe329e36daf55d57c902f86accec6e30f8ee9b773f, IPv_Type: ipv6, Location: 美国, ISP: Oracle Corporation, Date: None, Delay: -1 ms, Speed: 0.00 M/s, Resolution: None
Name: 东方卫视, URL: https://www.freetv.top/migu/651632648.m3u8?migutoken=70f8eed447e228f3a56a4c95bfd1ef7936ab4f75e51e3265478e1262b62f33a7d7a4be2d80fd3585f29cd990ea0ee9d67f76f299229509e007f26ccd58641bc444d7baeccead6d0915dae8e089, IPv_Type: ipv6, Location: 美国, ISP: Oracle Corporation, Date: None, Delay: -1 ms, Speed: 0.00 M/s, Resolution: None
Name: 东方卫视, URL: https://www.freetv.top/migu/651632648.m3u8?migutoken=6c3ad966ab21a09d75cd7c650e98f47332acc033ff8b9ec4fd233dd140f355862447ef3a9137c0feed4b463f51efc8dd4d06420ea479ee57eec3b86d362afb0868f196cec548111db9f13e71ff, IPv_Type: ipv6, Location: 美国, ISP: Oracle Corporation, Date: None, Delay: -1 ms, Speed: 0.00 M/s, Resolution: None
Name: 东方卫视, URL: https://www.freetv.top/migu/651632648.m3u8?migutoken=e765bb663396911e0fa027f64c4378a4811b733586444461515451642f01e401c61987a7256405e562f272d4a45cf003c8974fd47f47765203988df87102570687a04fcdd402aa62918f1cad2f, IPv_Type: ipv6, Location: 美国, ISP: Oracle Corporation, Date: None, Delay: -1 ms, Speed: 0.00 M/s, Resolution: None
Name: 东方卫视, URL: https://stream1.freetv.fun/dong-fang-wei-shi-gao-qing-6.ctv, IPv_Type: ipv6, Location: 美国, ISP: CloudFlare Inc., Date: None, Delay: -1 ms, Speed: 0.00 M/s, Resolution: None
Name: 东方卫视, URL: https://stream1.freetv.fun/dong-fang-wei-shi-gao-qing-10.ctv, IPv_Type: ipv6, Location: 美国, ISP: CloudFlare Inc., Date: None, Delay: -1 ms, Speed: 0.00 M/s, Resolution: None
Name: 东方卫视, URL: http://[2409:8087:74f0:22::5]:6410/270000001128/9900000518/index.m3u8, IPv_Type: ipv6, Location: 中国, ISP: 中国移动, Date: None, Delay: -1 ms, Speed: 0.00 M/s, Resolution: None
Name: 东方卫视, URL: http://[2409:8087:1a01:df::7005]/ottrrs.hl.chinamobile.com/PLTV/88888888/224/3221226345/index.m3u8, IPv_Type: ipv6, Location: 中国, ISP: 中国移动, Date: None, Delay: -1 ms, Speed: 0.00 M/s, Resolution: None
Name: 东方卫视, URL: http://[2409:8087:1a01:df::7005]:80/ottrrs.hl.chinamobile.com/PLTV/88888888/224/3221226345/index.m3u8, IPv_Type: ipv6, Location: 中国, ISP: 中国移动, Date: None, Delay: -1 ms, Speed: 0.00 M/s, Resolution: None
Name: 东方卫视, URL: http://[2409:8087:5e00:24::1e]:6060/200000001898/460000089800010054/1.m3u8, IPv_Type: ipv6, Location: 中国, ISP: 中国移动, Date: None, Delay: -1 ms, Speed: 0.00 M/s, Resolution: None
Name: 东方卫视, URL: https://t.freetv.fun/live/dong-fang-wei-shi.m3u8, IPv_Type: ipv6, Location: 美国, ISP: CloudFlare Inc., Date: None, Delay: -1 ms, Speed: 0.00 M/s, Resolution: None
Name: 东方卫视, URL: https://t.freetv.fun/live/dong-fang-wei-shi-6.m3u8, IPv_Type: ipv6, Location: 美国, ISP: CloudFlare Inc., Date: None, Delay: -1 ms, Speed: 0.00 M/s, Resolution: None
Name: 东方卫视, URL: https://t.freetv.fun/live/dong-fang-wei-shi-11.php, IPv_Type: ipv6, Location: 美国, ISP: CloudFlare Inc., Date: None, Delay: -1 ms, Speed: 0.00 M/s, Resolution: None
Name: 东方卫视, URL: https://t.freetv.fun/live/dong-fang-wei-shi-4.m3u8, IPv_Type: ipv6, Location: 美国, ISP: CloudFlare Inc., Date: None, Delay: -1 ms, Speed: 0.00 M/s, Resolution: None
Name: 东方卫视, URL: http://mgsp-zy2.live.miguvideo.com:8088/migu/kailu/dongfanghd265/51/20191230/index.m3u8?msisdn=2be6b2ec9fcf10d2c2457e2c710e172c&mdspid=&spid=600697&netType=0&sid=5910022185&pid=2028597139&timestamp=20260225100203&Channel_ID=0116_2600034600-99000-201600010010028&ProgramID=651632648&ParentNodeID=-99&assertID=5910022185&client_ip=218.28.233.106&SecurityKey=20260225100203&promotionId=&mvid=5100043384&mcid=500020&playurlVersion=WX-A1-9.2.1-RELEASE&userid=&jmhm=&videocodec=h265&appCode=miguvideo_android&bean=mgspad&tid=android&conFee=0&encrypt=28d4947c9085c6f0c180ceaf04a9a8f1&sv=10004&ct=android, IPv_Type: ipv6, Location: 中国, ISP: 中国电信, Date: None, Delay: -1 ms, Speed: 0.00 M/s, Resolution: None
Name: 东方卫视, URL: http://[2409:8087:1a01:df::4077]:80/ottrrs.hl.chinamobile.com/PLTV/88888888/224/3221226345/index.m3u8, IPv_Type: ipv6, Location: 中国, ISP: 中国移动, Date: None, Delay: -1 ms, Speed: 0.00 M/s, Resolution: None
Name: 东方卫视, URL: https://stream1.freetv.fun/dong-fang-wei-shi-gao-qing-2.m3u8, IPv_Type: ipv6, Location: 美国, ISP: CloudFlare Inc., Date: None, Delay: -1 ms, Speed: 0.00 M/s, Resolution: None
Name: 东方卫视, URL: http://38.75.136.137:98/gslb/dsdqbv/dfwshd.m3u8?auth=test20251009, IPv_Type: ipv4, Location: 美国-哥伦比亚特区-哥伦比亚特区, ISP: Cogent, Date: None, Delay: 1115 ms, Speed: 3.50 M/s, Resolution: 1920x1080
Name: 东方卫视, URL: http://69.30.246.194/live/dfws.m3u8, IPv_Type: ipv4, Location: 美国-密苏里州-杰克逊县, ISP: WholeSale互联网股份有限公司, Date: None, Delay: 10759 ms, Speed: 0.67 M/s, Resolution: 1920x1080
Name: 东南卫视, URL: https://hlsbkmgsplive.miguvideo.com/migu/kailu/dongnanws/51/20230724/01.m3u8?&HlsSubType=&encrypt=, IPv_Type: ipv6, Location: 中国, ISP: 中国移动, Date: None, Delay: -1 ms, Speed: 0.00 M/s, Resolution: None
Name: 东南卫视, URL: http://api.kkitv.itv888.cn:8080/hls/jjt15bvbl7a/index.m3u8, IPv_Type: ipv6, Location: 美国, ISP: CloudFlare Inc., Date: None, Delay: -1 ms, Speed: 0.00 M/s, Resolution: None
Name: 东南卫视, URL: https://iptv.catvod.com/catvod.php?id=dnws, IPv_Type: ipv6, Location: 美国, ISP: CloudFlare Inc., Date: None, Delay: -1 ms, Speed: 0.00 M/s, Resolution: None
Name: 东南卫视, URL: http://iptv.huuc.edu.cn/hls/dnhd.m3u8, IPv_Type: ipv6, Location: 中国, ISP: 教育网, Date: None, Delay: -1 ms, Speed: 0.00 M/s, Resolution: None
Name: 东南卫视, URL: https://iptv.catvod.com/live.php?id=%E4%B8%9C%E5%8D%97%E5%8D%AB%E8%A7%86&line=1, IPv_Type: ipv6, Location: 美国, ISP: CloudFlare Inc., Date: None, Delay: -1 ms, Speed: 0.00 M/s, Resolution: None
Name: 东南卫视, URL: https://iptv.catvod.com/live.php?id=%E4%B8%9C%E5%8D%97%E5%8D%AB%E8%A7%86&line=4, IPv_Type: ipv6, Location: 美国, ISP: CloudFlare Inc., Date: None, Delay: -1 ms, Speed: 0.00 M/s, Resolution: None
Name: 东南卫视, URL: https://iptv.catvod.com/live.php?id=%E4%B8%9C%E5%8D%97%E5%8D%AB%E8%A7%86&line=3, IPv_Type: ipv6, Location: 美国, ISP: CloudFlare Inc., Date: None, Delay: -1 ms, Speed: 0.00 M/s, Resolution: None
Name: 东南卫视, URL: https://iptv.catvod.com/live.php?id=%E4%B8%9C%E5%8D%97%E5%8D%AB%E8%A7%86&line=2, IPv_Type: ipv6, Location: 美国, ISP: CloudFlare Inc., Date: None, Delay: -1 ms, Speed: 0.00 M/s, Resolution: None
Name: 东南卫视, URL: http://live.zohi.tv/video/s10001-fztv-3/index.m3u8, IPv_Type: ipv6, Location: 中国, ISP: 中国电信, Date: None, Delay: -1 ms, Speed: 0.00 M/s, Resolution: None
Name: 东南卫视, URL: https://mgtv.ottiptv.cc/mg/849116810.m3u8?userid=5559462299&sign=d2408e2dffdf7ad56296ce834439fc2d653114405ef140fcc6b0f36d5fe420b2cc7d9c521450ad4adb76268cb3546ea94bed2773fb3a75a06502b69d5f79c9355466bc88763acabfe9453355b2e6e2e606&auth_token=1b99577efa5a3442ca4c7820d6e0b4e8, IPv_Type: ipv6, Location: 美国, ISP: Oracle Corporation, Date: None, Delay: -1 ms, Speed: 0.00 M/s, Resolution: None
Name: 东南卫视, URL: http://[2409:8087:1a15:10d1::39]/ottrrs.hl.chinamobile.com/PLTV/88888888/224/3221226341/index.m3u8, IPv_Type: ipv6, Location: 中国, ISP: 中国移动, Date: None, Delay: -1 ms, Speed: 0.00 M/s, Resolution: None
Name: 东南卫视, URL: https://hls-gateway.vpstv.net/streams/708823.m3u8, IPv_Type: ipv6, Location: 美国, ISP: CloudFlare Inc., Date: None, Delay: -1 ms, Speed: 0.00 M/s, Resolution: None
Name: 东南卫视, URL: http://[2409:8087:8:21::18]:6610/otttv.bj.chinamobile.com/PLTV/88888888/224/3221226991/1.m3u8?GuardEncType=2&accountinfo=%7E%7EV2.0%7EQ6F5Mjgs0tJyEArWFL3vQA%7EtP4-l0lmSfjwLWEfK_el1vH_mv-s1zo4AQJwdedaVwG9xkuFTDg8J26cwOrNJzn20BErrHdLhuZ9EzLUCD3PMW-OMx4MGteHV2vLeW6BqoY%2CEND, IPv_Type: ipv6, Location: 中国, ISP: 中国移动, Date: None, Delay: -1 ms, Speed: 0.00 M/s, Resolution: None
Name: 东南卫视, URL: http://wouu.net:9977/udp/239.93.0.42:5140, IPv_Type: ipv6, Location: 保留地址, ISP: 主机之间的链路本地地址, Date: None, Delay: -1 ms, Speed: 0.00 M/s, Resolution: None
Name: 东南卫视, URL: http://[2409:8087:1a01:df::4035]/TVOD/88888888/224/3221225950/main.m3u8, IPv_Type: ipv6, Location: 中国, ISP: 中国移动, Date: None, Delay: -1 ms, Speed: 0.00 M/s, Resolution: None
Name: 东南卫视, URL: http://[2409:8087:1a01:df::4035]:80/TVOD/88888888/224/3221225950/main.m3u8, IPv_Type: ipv6, Location: 中国, ISP: 中国移动, Date: None, Delay: -1 ms, Speed: 0.00 M/s, Resolution: None
Name: 东南卫视, URL: http://[2409:8087:1a01:df::4077]/ottrrs.hl.chinamobile.com/yinhe/88888888/224/3221226341/index.m3u8, IPv_Type: ipv6, Location: 中国, ISP: 中国移动, Date: None, Delay: -1 ms, Speed: 0.00 M/s, Resolution: None
Name: 东南卫视, URL: http://[2409:8087:1a01:df::4077]/ottrrs.hl.chinamobile.com/PLTV/88888888/8/3221226341/index.m3u8, IPv_Type: ipv6, Location: 中国, ISP: 中国移动, Date: None, Delay: -1 ms, Speed: 0.00 M/s, Resolution: None
Name: 东南卫视, URL: http://[2409:8087:1a01:df::4077]:80/ottrrs.hl.chinamobile.com/PLTV/88888888/8/3221226341/index.m3u8, IPv_Type: ipv6, Location: 中国, ISP: 中国移动, Date: None, Delay: -1 ms, Speed: 0.00 M/s, Resolution: None
Name: 东南卫视, URL: http://[2409:8087:1a01:df::4077]/ottrrs.hl.chinamobile.com/PLTV/88888888/224/3221226341/index.m3u8, IPv_Type: ipv6, Location: 中国, ISP: 中国移动, Date: None, Delay: -1 ms, Speed: 0.00 M/s, Resolution: None
Name: 东南卫视, URL: http://[2409:8087:1a01:df::4077]:80/ottrrs.hl.chinamobile.com/PLTV/88888888/224/3221226341/index.m3u8, IPv_Type: ipv6, Location: 中国, ISP: 中国移动, Date: None, Delay: -1 ms, Speed: 0.00 M/s, Resolution: None
Name: 东南卫视, URL: https://stream1.freetv.fun/aec96cccdb2b6747a2847037fe2551e76bf9cade4e7147da751a523a332bb390.m3u8, IPv_Type: ipv6, Location: 美国, ISP: CloudFlare Inc., Date: None, Delay: -1 ms, Speed: 0.00 M/s, Resolution: None
Name: 东南卫视, URL: https://www.freetv.top/migu/849116810.m3u8?migutoken=57b23005d895a6cd3e15ca214fe62e9cf83a69badc0ce3b833b22fe7eefbfc38e185d5f9539eca0a9cfebc7fd19dbe2b49cc2146019b049ffb948722d504a126278700ecc8a776cc6e8d23507a, IPv_Type: ipv6, Location: 美国, ISP: Oracle Corporation, Date: None, Delay: -1 ms, Speed: 0.00 M/s, Resolution: None
Name: 东南卫视, URL: https://www.freetv.top/migu/849116810.m3u8?migutoken=ad40cfb84c6c3a70e2f36f9419fde87147081bd969b8a7c270fde9e9dee90e1aabf8472344c1316a13639f26892f03cd1807f6b81db9976a0212ada2cdc1cdf9f9c01696f6478a7484eb04e6ef, IPv_Type: ipv6, Location: 美国, ISP: Oracle Corporation, Date: None, Delay: -1 ms, Speed: 0.00 M/s, Resolution: None
Name: 东南卫视, URL: https://www.freetv.top/migu/849116810.m3u8?migutoken=820d1dfe311ed9d88634dc040a64adbd8f30c96a6aec221a9807061025c02cc5be8e21cca6eb021eb76ad7333303e5dbe8e3ef24ad4aa58a274dc33ec25a3b373ddb6aee551e16ba35b3a9143a, IPv_Type: ipv6, Location: 美国, ISP: Oracle Corporation, Date: None, Delay: -1 ms, Speed: 0.00 M/s, Resolution: None
Name: 东南卫视, URL: https://stream1.freetv.fun/dong-nan-wei-shi-gao-qing-4.ctv, IPv_Type: ipv6, Location: 美国, ISP: CloudFlare Inc., Date: None, Delay: -1 ms, Speed: 0.00 M/s, Resolution: None
Name: 东南卫视, URL: http://[2409:8087:74f0:22::4]:6610/270000001128/9900000519/index.m3u8, IPv_Type: ipv6, Location: 中国, ISP: 中国移动, Date: None, Delay: -1 ms, Speed: 0.00 M/s, Resolution: None
Name: 东南卫视, URL: http://[2409:8087:1a01:df::7005]/ottrrs.hl.chinamobile.com/PLTV/88888888/224/3221226341/index.m3u8, IPv_Type: ipv6, Location: 中国, ISP: 中国移动, Date: None, Delay: -1 ms, Speed: 0.00 M/s, Resolution: None
Name: 东南卫视, URL: http://[2409:8087:5e00:24::1e]:6060/200000001898/460000089800010096/1.m3u8, IPv_Type: ipv6, Location: 中国, ISP: 中国移动, Date: None, Delay: -1 ms, Speed: 0.00 M/s, Resolution: None
Name: 东南卫视, URL: https://t.freetv.fun/live/dong-nan-wei-shi-4.php, IPv_Type: ipv6, Location: 美国, ISP: CloudFlare Inc., Date: None, Delay: -1 ms, Speed: 0.00 M/s, Resolution: None
Name: 东南卫视, URL: https://t.freetv.fun/live/dong-nan-wei-shi-1.php, IPv_Type: ipv6, Location: 美国, ISP: CloudFlare Inc., Date: None, Delay: -1 ms, Speed: 0.00 M/s, Resolution: None
Name: 东南卫视, URL: https://t.freetv.fun/live/dong-nan-wei-shi-11.m3u8, IPv_Type: ipv6, Location: 美国, ISP: CloudFlare Inc., Date: None, Delay: -1 ms, Speed: 0.00 M/s, Resolution: None
Name: 东南卫视, URL: https://t.freetv.fun/live/dong-nan-wei-shi-8.m3u8, IPv_Type: ipv6, Location: 美国, ISP: CloudFlare Inc., Date: None, Delay: -1 ms, Speed: 0.00 M/s, Resolution: None
Name: 东南卫视, URL: https://t.freetv.fun/live/dong-nan-wei-shi-7.m3u8, IPv_Type: ipv6, Location: 美国, ISP: CloudFlare Inc., Date: None, Delay: -1 ms, Speed: 0.00 M/s, Resolution: None
Name: 东南卫视, URL: http://[2409:8087:1a01:df::4077]:80/ottrrs.hl.chinamobile.com/yinhe/88888888/224/3221226341/index.m3u8, IPv_Type: ipv6, Location: 中国, ISP: 中国移动, Date: None, Delay: -1 ms, Speed: 0.00 M/s, Resolution: None
Name: 东南卫视, URL: https://stream1.freetv.fun/dong-nan-wei-shi-gao-qing-2.m3u8, IPv_Type: ipv6, Location: 美国, ISP: CloudFlare Inc., Date: None, Delay: -1 ms, Speed: 0.00 M/s, Resolution: None
Name: 东南卫视, URL: http://[2409:8087:1a01:df::7005]:80/ottrrs.hl.chinamobile.com/PLTV/88888888/224/3221226341/index.m3u8, IPv_Type: ipv6, Location: 中国, ISP: 中国移动, Date: None, Delay: -1 ms, Speed: 0.00 M/s, Resolution: None
Name: 东南卫视, URL: http://38.75.136.137:98/gslb/dsdqpub/dnwshd.m3u8?auth=testpub, IPv_Type: ipv4, Location: 美国-哥伦比亚特区-哥伦比亚特区, ISP: Cogent, Date: None, Delay: 360 ms, Speed: 6.17 M/s, Resolution: 1920x1080
Name: 凤凰卫视, URL: http://php.jdshipin.com/TVOD/iptv.php?id=fhzw, IPv_Type: ipv6, Location: 美国, ISP: CloudFlare Inc., Date: None, Delay: -1 ms, Speed: 0.00 M/s, Resolution: None
Name: 凤凰卫视, URL: http://cdn.132.us.kg/live/fhzw/stream.m3u8, IPv_Type: ipv6, Location: 美国, ISP: CloudFlare Inc., Date: None, Delay: -1 ms, Speed: 0.00 M/s, Resolution: None
Name: 凤凰卫视, URL: http://php.jdshipin.com:8880/smt.php?id=phoenixtv_hd, IPv_Type: ipv6, Location: 美国, ISP: CloudFlare Inc., Date: None, Delay: -1 ms, Speed: 0.00 M/s, Resolution: None
Name: 凤凰卫视, URL: https://stream1.freetv.fun/08e5440bb83a804440e341ae792cffc38d6844b04d5a2c7a4fc5ee04a6fe6bc6.m3u8, IPv_Type: ipv6, Location: 美国, ISP: CloudFlare Inc., Date: None, Delay: -1 ms, Speed: 0.00 M/s, Resolution: None
Name: 甘肃卫视, URL: https://iptv.catvod.com/catvod.php?id=gsws, IPv_Type: ipv6, Location: 美国, ISP: CloudFlare Inc., Date: None, Delay: -1 ms, Speed: 0.00 M/s, Resolution: None
Name: 甘肃卫视, URL: https://iptv.catvod.com/live.php?id=%E7%94%98%E8%82%83%E5%8D%AB%E8%A7%86&line=3, IPv_Type: ipv6, Location: 美国, ISP: CloudFlare Inc., Date: None, Delay: -1 ms, Speed: 0.00 M/s, Resolution: None
Name: 甘肃卫视, URL: https://iptv.catvod.com/live.php?id=%E7%94%98%E8%82%83%E5%8D%AB%E8%A7%86&line=1, IPv_Type: ipv6, Location: 美国, ISP: CloudFlare Inc., Date: None, Delay: -1 ms, Speed: 0.00 M/s, Resolution: None
Name: 甘肃卫视, URL: https://iptv.catvod.com/live.php?id=%E7%94%98%E8%82%83%E5%8D%AB%E8%A7%86, IPv_Type: ipv6, Location: 美国, ISP: CloudFlare Inc., Date: None, Delay: -1 ms, Speed: 0.00 M/s, Resolution: None
Name: 甘肃卫视, URL: https://iptv.catvod.com/live.php?id=%E7%94%98%E8%82%83%E5%8D%AB%E8%A7%86&line=2, IPv_Type: ipv6, Location: 美国, ISP: CloudFlare Inc., Date: None, Delay: -1 ms, Speed: 0.00 M/s, Resolution: None
Name: 甘肃卫视, URL: http://[2409:8087:1a15:10d1::31]/ottrrs.hl.chinamobile.com/PLTV/88888888/224/3221225633/index.m3u8, IPv_Type: ipv6, Location: 中国, ISP: 中国移动, Date: None, Delay: -1 ms, Speed: 0.00 M/s, Resolution: None
Name: 甘肃卫视, URL: https://hls-gateway.vpstv.net/streams/709092.m3u8, IPv_Type: ipv6, Location: 美国, ISP: CloudFlare Inc., Date: None, Delay: -1 ms, Speed: 0.00 M/s, Resolution: None
Name: 甘肃卫视, URL: http://[2409:8087:8:21::18]:6610/otttv.bj.chinamobile.com/PLTV/88888888/224/3221227020/1.m3u8?GuardEncType=2&accountinfo=%7E%7EV2.0%7Err-CLugPnTcUinEM8JeySg%7EtP4-l0lmSfjwLWEfK_el1vH_mv-s1zo4AQJwdedaVwG9xkuFTDg8J26cwOrNJzn20BErrHdLhuZ9EzLUCD3PMW-OMx4MGteHV2vLeW6BqoY%2CEND, IPv_Type: ipv6, Location: 中国, ISP: 中国移动, Date: None, Delay: -1 ms, Speed: 0.00 M/s, Resolution: None
Name: 甘肃卫视, URL: http://wouu.net:9977/udp/239.93.0.81:5140, IPv_Type: ipv6, Location: 保留地址, ISP: 主机之间的链路本地地址, Date: None, Delay: -1 ms, Speed: 0.00 M/s, Resolution: None
Name: 甘肃卫视, URL: http://3501776.xyz:35455/itv/5000000011000031121.m3u8?cdn=bestzb, IPv_Type: ipv6, Location: 中国, ISP: 中国电信, Date: None, Delay: -1 ms, Speed: 0.00 M/s, Resolution: None
Name: 甘肃卫视, URL: http://[2409:8087:74f0:22::5]:6410/270000001128/9900000023/index.m3u8, IPv_Type: ipv6, Location: 中国, ISP: 中国移动, Date: None, Delay: -1 ms, Speed: 0.00 M/s, Resolution: None
Name: 甘肃卫视, URL: http://[2409:8087:74f0:22::7]:6410/270000001111/1110000322/index.m3u8, IPv_Type: ipv6, Location: 中国, ISP: 中国移动, Date: None, Delay: -1 ms, Speed: 0.00 M/s, Resolution: None
Name: 甘肃卫视, URL: http://[2409:8087:1a01:df::7005]:80/ottrrs.hl.chinamobile.com/PLTV/88888888/224/3221225633/index.m3u8, IPv_Type: ipv6, Location: 中国, ISP: 中国移动, Date: None, Delay: -1 ms, Speed: 0.00 M/s, Resolution: None
Name: 甘肃卫视, URL: http://[2409:8087:5e00:24::1e]:6060/200000001898/460000089800010098/1.m3u8, IPv_Type: ipv6, Location: 中国, ISP: 中国移动, Date: None, Delay: -1 ms, Speed: 0.00 M/s, Resolution: None
Name: 甘肃卫视, URL: https://t.freetv.fun/live/gan-su-wei-shi.m3u8, IPv_Type: ipv6, Location: 美国, ISP: CloudFlare Inc., Date: None, Delay: -1 ms, Speed: 0.00 M/s, Resolution: None
Name: 甘肃卫视, URL: https://t.freetv.fun/live/gan-su-wei-shi-3.m3u8, IPv_Type: ipv6, Location: 美国, ISP: CloudFlare Inc., Date: None, Delay: -1 ms, Speed: 0.00 M/s, Resolution: None
Name: 甘肃卫视, URL: http://38.75.136.137:98/gslb/dsdqpub/gswshd.m3u8?auth=testpub, IPv_Type: ipv4, Location: 美国-哥伦比亚特区-哥伦比亚特区, ISP: Cogent, Date: None, Delay: 763 ms, Speed: 4.38 M/s, Resolution: 1920x1080
Name: 广东卫视, URL: http://api.kkitv.itv888.cn:8080/hls/qr6872071g/index.m3u8, IPv_Type: ipv6, Location: 美国, ISP: CloudFlare Inc., Date: None, Delay: -1 ms, Speed: 0.00 M/s, Resolution: None
Name: 广东卫视, URL: https://iptv.catvod.com/catvod.php?id=gdws, IPv_Type: ipv6, Location: 美国, ISP: CloudFlare Inc., Date: None, Delay: -1 ms, Speed: 0.00 M/s, Resolution: None
Name: 广东卫视, URL: http://iptv.huuc.edu.cn/hls/gdhd.m3u8, IPv_Type: ipv6, Location: 中国, ISP: 教育网, Date: None, Delay: -1 ms, Speed: 0.00 M/s, Resolution: None
Name: 广东卫视, URL: https://migu.188766.xyz/?migutoken=891940ab07fa01adc4dff4e32493ca6f&id=%E5%B9%BF%E4%B8%9C%E5%8D%AB%E8%A7%86&type=yy, IPv_Type: ipv6, Location: 美国, ISP: CloudFlare Inc., Date: None, Delay: -1 ms, Speed: 0.00 M/s, Resolution: None
Name: 广东卫视, URL: https://iptv.catvod.com/live.php?id=%E5%B9%BF%E4%B8%9C%E5%8D%AB%E8%A7%86&line=4, IPv_Type: ipv6, Location: 美国, ISP: CloudFlare Inc., Date: None, Delay: -1 ms, Speed: 0.00 M/s, Resolution: None
Name: 广东卫视, URL: https://iptv.catvod.com/live.php?id=%E5%B9%BF%E4%B8%9C%E5%8D%AB%E8%A7%86&line=1, IPv_Type: ipv6, Location: 美国, ISP: CloudFlare Inc., Date: None, Delay: -1 ms, Speed: 0.00 M/s, Resolution: None
Name: 广东卫视, URL: https://iptv.catvod.com/live.php?id=%E5%B9%BF%E4%B8%9C%E5%8D%AB%E8%A7%86&line=2, IPv_Type: ipv6, Location: 美国, ISP: CloudFlare Inc., Date: None, Delay: -1 ms, Speed: 0.00 M/s, Resolution: None
Name: 广东卫视, URL: http://php.jdshipin.com:8880/TVOD/gsyd.php?id=9900000520, IPv_Type: ipv6, Location: 美国, ISP: CloudFlare Inc., Date: None, Delay: -1 ms, Speed: 0.00 M/s, Resolution: None
Name: 广东卫视, URL: http://goo.bkpcp.top/mg/gdws, IPv_Type: ipv6, Location: 美国, ISP: CloudFlare Inc., Date: None, Delay: -1 ms, Speed: 0.00 M/s, Resolution: None
Name: 广东卫视, URL: http://[2409:8087:1a0a:df::404b]/ottrrs.hl.chinamobile.com/TVOD/88888888/224/3221226248/index.m3u8, IPv_Type: ipv6, Location: 中国, ISP: 中国移动, Date: None, Delay: -1 ms, Speed: 0.00 M/s, Resolution: None
Name: 广东卫视, URL: https://mgtv.ottiptv.cc/mg/608831231.m3u8?userid=5559462299&sign=e2faee8a3ed1be00e9871a75d5a16acf6a0c5734d261a4c8912e783d2ce640c75a13c74705098d6864820db05053de901131e7fca77167e7823febf5fd93c95919c882f57413325e43603f825fd341eaee&auth_token=1b99577efa5a3442ca4c7820d6e0b4e8, IPv_Type: ipv6, Location: 美国, ISP: Oracle Corporation, Date: None, Delay: -1 ms, Speed: 0.00 M/s, Resolution: None
Name: 广东卫视, URL: http://[2409:8087:1a15:10d1::37]/ottrrs.hl.chinamobile.com/PLTV/88888888/224/3221226248/index.m3u8, IPv_Type: ipv6, Location: 中国, ISP: 中国移动, Date: None, Delay: -1 ms, Speed: 0.00 M/s, Resolution: None
Name: 广东卫视, URL: https://hls-gateway.vpstv.net/streams/476914.m3u8, IPv_Type: ipv6, Location: 美国, ISP: CloudFlare Inc., Date: None, Delay: -1 ms, Speed: 0.00 M/s, Resolution: None
Name: 广东卫视, URL: http://[2409:8087:8:21::18]:6610/otttv.bj.chinamobile.com/PLTV/88888888/224/3221226961/1.m3u8?GuardEncType=2&accountinfo=%7E%7EV2.0%7E2MGyx659D_aaDPP0qt3NgA%7EtP4-l0lmSfjwLWEfK_el1vH_mv-s1zo4AQJwdedaVwG9xkuFTDg8J26cwOrNJzn20BErrHdLhuZ9EzLUCD3PMW-OMx4MGteHV2vLeW6BqoY%2CEND, IPv_Type: ipv6, Location: 中国, ISP: 中国移动, Date: None, Delay: -1 ms, Speed: 0.00 M/s, Resolution: None
Name: 广东卫视, URL: http://wouu.net:9977/udp/239.93.0.181:5140, IPv_Type: ipv6, Location: 保留地址, ISP: 主机之间的链路本地地址, Date: None, Delay: -1 ms, Speed: 0.00 M/s, Resolution: None
Name: 广东卫视, URL: http://[2409:8087:1a01:df::4077]/ottrrs.hl.chinamobile.com/PLTV/88888888/224/3221226248/1.m3u8?icpid=88888888&from=1&hms_devid=1012&vqe=3, IPv_Type: ipv6, Location: 中国, ISP: 中国移动, Date: None, Delay: -1 ms, Speed: 0.00 M/s, Resolution: None
Name: 广东卫视, URL: http://[2409:8087:1a01:df::4077]:80/ottrrs.hl.chinamobile.com/PLTV/88888888/8/3221226248/index.m3u8, IPv_Type: ipv6, Location: 中国, ISP: 中国移动, Date: None, Delay: -1 ms, Speed: 0.00 M/s, Resolution: None
Name: 广东卫视, URL: http://[2409:8087:1a01:df::4077]/ottrrs.hl.chinamobile.com/PLTV/88888888/8/3221226248/index.m3u8, IPv_Type: ipv6, Location: 中国, ISP: 中国移动, Date: None, Delay: -1 ms, Speed: 0.00 M/s, Resolution: None
Name: 广东卫视, URL: http://[2409:8087:1a01:df::4077]/ottrrs.hl.chinamobile.com/PLTV/88888888/224/3221226248/index.m3u8, IPv_Type: ipv6, Location: 中国, ISP: 中国移动, Date: None, Delay: -1 ms, Speed: 0.00 M/s, Resolution: None
Name: 广东卫视, URL: http://[2409:8087:1a01:df::4077]:80/ottrrs.hl.chinamobile.com/PLTV/88888888/224/3221226248/index.m3u8, IPv_Type: ipv6, Location: 中国, ISP: 中国移动, Date: None, Delay: -1 ms, Speed: 0.00 M/s, Resolution: None
Name: 广东卫视, URL: http://[2409:8087:1a01:df::4077]:80/ottrrs.hl.chinamobile.com/PLTV/88888888/224/3221226248/1.m3u8, IPv_Type: ipv6, Location: 中国, ISP: 中国移动, Date: None, Delay: -1 ms, Speed: 0.00 M/s, Resolution: None
Name: 广东卫视, URL: http://[2409:8087:1a01:df::4077]/ottrrs.hl.chinamobile.com/yinhe/88888888/224/3221226248/index.m3u8, IPv_Type: ipv6, Location: 中国, ISP: 中国移动, Date: None, Delay: -1 ms, Speed: 0.00 M/s, Resolution: None
Name: 广东卫视, URL: https://www.freetv.top/migu/608831231.m3u8?migutoken=78af5371d66a723fc72d7a69c8a18ade502c19d2cf715aa502730a2b197148f3ac859ba4dfc8177df928c7b17e4f7e50e73fa17782751d96ca1224dc27c62d3025503e7b80de41b09560f78ee1, IPv_Type: ipv6, Location: 美国, ISP: Oracle Corporation, Date: None, Delay: -1 ms, Speed: 0.00 M/s, Resolution: None
Name: 广东卫视, URL: https://www.freetv.top/migu/608831231.m3u8?migutoken=71ab4343c0e7a55b1287f3c4ec3383c9de673d987b5c849b2728e9af4223510bc8d8fcb87af13066db4920eb8e871c74aa5e93e04d43de870dc64eadb99a05456adfdb14b43000fd4520cba033, IPv_Type: ipv6, Location: 美国, ISP: Oracle Corporation, Date: None, Delay: -1 ms, Speed: 0.00 M/s, Resolution: None
Name: 广东卫视, URL: http://[2409:8087:74f0:22::6]:6410/270000001128/9900000520/index.m3u8, IPv_Type: ipv6, Location: 中国, ISP: 中国移动, Date: None, Delay: -1 ms, Speed: 0.00 M/s, Resolution: None
Name: 广东卫视, URL: http://[2409:8087:1a01:df::7005]/ottrrs.hl.chinamobile.com/PLTV/88888888/224/3221226248/index.m3u8, IPv_Type: ipv6, Location: 中国, ISP: 中国移动, Date: None, Delay: -1 ms, Speed: 0.00 M/s, Resolution: None
Name: 广东卫视, URL: http://[2409:8087:1a01:df::7005]:80/ottrrs.hl.chinamobile.com/PLTV/88888888/224/3221226248/index.m3u8, IPv_Type: ipv6, Location: 中国, ISP: 中国移动, Date: None, Delay: -1 ms, Speed: 0.00 M/s, Resolution: None
Name: 广东卫视, URL: http://[2409:8087:5e00:24::1e]:6060/200000001898/460000089800010055/1.m3u8, IPv_Type: ipv6, Location: 中国, ISP: 中国移动, Date: None, Delay: -1 ms, Speed: 0.00 M/s, Resolution: None
Name: 广东卫视, URL: https://t.freetv.fun/live/yan-dong-wei-shi-5.php, IPv_Type: ipv6, Location: 美国, ISP: CloudFlare Inc., Date: None, Delay: -1 ms, Speed: 0.00 M/s, Resolution: None
Name: 广东卫视, URL: https://t.freetv.fun/live/yan-dong-wei-shi-1.m3u8, IPv_Type: ipv6, Location: 美国, ISP: CloudFlare Inc., Date: None, Delay: -1 ms, Speed: 0.00 M/s, Resolution: None
Name: 广东卫视, URL: https://t.freetv.fun/live/yan-dong-wei-shi-7.m3u8, IPv_Type: ipv6, Location: 美国, ISP: CloudFlare Inc., Date: None, Delay: -1 ms, Speed: 0.00 M/s, Resolution: None
Name: 广东卫视, URL: https://t.freetv.fun/live/yan-dong-wei-shi-2.m3u8, IPv_Type: ipv6, Location: 美国, ISP: CloudFlare Inc., Date: None, Delay: -1 ms, Speed: 0.00 M/s, Resolution: None
Name: 广东卫视, URL: http://mgsp-hs2.live.miguvideo.com:8088/migu/kailu/gdwshd265/54/20200407/index.m3u8?msisdn=2be6b2ec9fcf10d2c2457e2c710e172c&mdspid=&spid=699054&netType=0&sid=2202428795&pid=2028597139&timestamp=20260225060203&Channel_ID=0116_2600034600-99000-201600010010028&ProgramID=608831231&ParentNodeID=-99&assertID=2202428795&client_ip=218.28.233.106&SecurityKey=20260225060203&promotionId=&mvid=2202428795&mcid=500020&playurlVersion=WX-A1-9.2.1-RELEASE&userid=&jmhm=&videocodec=h265&appCode=miguvideo_android&bean=mgspad&tid=android&conFee=0&encrypt=849e725ba55b35342ff2cb9e3a9bef6c&sv=10004&ct=android, IPv_Type: ipv6, Location: 中国, ISP: 中国联通, Date: None, Delay: -1 ms, Speed: 0.00 M/s, Resolution: None
Name: 广东卫视, URL: https://t.freetv.fun/live/yan-dong-wei-shi-13.php, IPv_Type: ipv6, Location: 美国, ISP: CloudFlare Inc., Date: None, Delay: -1 ms, Speed: 0.00 M/s, Resolution: None
Name: 广东卫视, URL: https://t.freetv.fun/live/yan-dong-wei-shi.m3u8, IPv_Type: ipv6, Location: 美国, ISP: CloudFlare Inc., Date: None, Delay: -1 ms, Speed: 0.00 M/s, Resolution: None
Name: 广东卫视, URL: http://[2409:8087:1a01:df::4077]:80/ottrrs.hl.chinamobile.com/yinhe/88888888/224/3221226248/index.m3u8, IPv_Type: ipv6, Location: 中国, ISP: 中国移动, Date: None, Delay: -1 ms, Speed: 0.00 M/s, Resolution: None
Name: 广东卫视, URL: http://drive.mxmy.net:8888/udp/239.3.1.142:8048, IPv_Type: ipv4, Location: 中国-北京-北京, ISP: 联通, Date: None, Delay: 499 ms, Speed: 0.01 M/s, Resolution: 1920x1080
Name: 广西卫视, URL: http://pull-hls-f11.douyincdn.com/media/stream-695314078702240428.m3u8?arch_hrchy=w1&exp_hrchy=w1&expire=1771760950&major_anchor_level=common&sign=d9c21ca1151fa649e68dc18c13ac2e23&t_id=037-2026021519491078C5C8D15B8DDFD19426-OM31JH, IPv_Type: ipv6, Location: 中国, ISP: 中国联通, Date: None, Delay: -1 ms, Speed: 0.00 M/s, Resolution: None
Name: 广西卫视, URL: http://api.kkitv.itv888.cn:8080/hls/yvz4ndj9dqb/index.m3u8, IPv_Type: ipv6, Location: 美国, ISP: CloudFlare Inc., Date: None, Delay: -1 ms, Speed: 0.00 M/s, Resolution: None
Name: 广西卫视, URL: https://iptv.catvod.com/catvod.php?id=gxws, IPv_Type: ipv6, Location: 美国, ISP: CloudFlare Inc., Date: None, Delay: -1 ms, Speed: 0.00 M/s, Resolution: None
Name: 广西卫视, URL: https://iptv.catvod.com/live.php?id=%E5%B9%BF%E8%A5%BF%E5%8D%AB%E8%A7%86&line=1, IPv_Type: ipv6, Location: 美国, ISP: CloudFlare Inc., Date: None, Delay: -1 ms, Speed: 0.00 M/s, Resolution: None
Name: 广西卫视, URL: https://iptv.catvod.com/live.php?id=%E5%B9%BF%E8%A5%BF%E5%8D%AB%E8%A7%86&line=2, IPv_Type: ipv6, Location: 美国, ISP: CloudFlare Inc., Date: None, Delay: -1 ms, Speed: 0.00 M/s, Resolution: None
Name: 广西卫视, URL: https://iptv.catvod.com/live.php?id=%E5%B9%BF%E8%A5%BF%E5%8D%AB%E8%A7%86, IPv_Type: ipv6, Location: 美国, ISP: CloudFlare Inc., Date: None, Delay: -1 ms, Speed: 0.00 M/s, Resolution: None
Name: 广西卫视, URL: https://hlscdn.liangtv.cn/live/de0f97348eb84f62aa6b7d8cf0430770/dd505d87880c478f901f38560ca4d4e6.m3u8, IPv_Type: ipv6, Location: 加拿大, ISP: , Date: None, Delay: -1 ms, Speed: 0.00 M/s, Resolution: None
Name: 广西卫视, URL: https://hls-gateway.vpstv.net/streams/708864.m3u8, IPv_Type: ipv6, Location: 美国, ISP: CloudFlare Inc., Date: None, Delay: -1 ms, Speed: 0.00 M/s, Resolution: None
Name: 广西卫视, URL: http://[2409:8087:8:21::18]:6610/otttv.bj.chinamobile.com/PLTV/88888888/224/3221227010/1.m3u8?GuardEncType=2&accountinfo=%7E%7EV2.0%7EkAhb-89sxdm9fz6-heXCuw%7EtP4-l0lmSfjwLWEfK_el1vH_mv-s1zo4AQJwdedaVwG9xkuFTDg8J26cwOrNJzn20BErrHdLhuZ9EzLUCD3PMW-OMx4MGteHV2vLeW6BqoY%2CEND, IPv_Type: ipv6, Location: 中国, ISP: 中国移动, Date: None, Delay: -1 ms, Speed: 0.00 M/s, Resolution: None
Name: 广西卫视, URL: http://wouu.net:9977/udp/239.93.42.46:5140, IPv_Type: ipv6, Location: 保留地址, ISP: 主机之间的链路本地地址, Date: None, Delay: -1 ms, Speed: 0.00 M/s, Resolution: None
Name: 广西卫视, URL: http://[2409:8087:1a01:df::4047]:80/TVOD/88888888/224/3221226091/main.m3u8, IPv_Type: ipv6, Location: 中国, ISP: 中国移动, Date: None, Delay: -1 ms, Speed: 0.00 M/s, Resolution: None
Name: 广西卫视, URL: http://3501776.xyz:35455/itv/5000000011000031118.m3u8?cdn=bestzb, IPv_Type: ipv6, Location: 中国, ISP: 中国电信, Date: None, Delay: -1 ms, Speed: 0.00 M/s, Resolution: None
Name: 广西卫视, URL: http://live.cztv.cc:85/live/ggpd.m3u8, IPv_Type: ipv6, Location: 中国, ISP: 中国移动, Date: None, Delay: -1 ms, Speed: 0.00 M/s, Resolution: None
Name: 广西卫视, URL: https://mobilelive.gxtv.cn/live/gx_live1004/playlist.m3u8, IPv_Type: ipv6, Location: 加拿大, ISP: , Date: None, Delay: -1 ms, Speed: 0.00 M/s, Resolution: None
Name: 广西卫视, URL: http://[2409:8087:74f0:22::7]:6410/270000001128/9900000034/index.m3u8, IPv_Type: ipv6, Location: 中国, ISP: 中国移动, Date: None, Delay: -1 ms, Speed: 0.00 M/s, Resolution: None
Name: 广西卫视, URL: http://[2409:8087:1a01:df::7005]/ottrrs.hl.chinamobile.com/PLTV/88888888/224/3221226549/index.m3u8, IPv_Type: ipv6, Location: 中国, ISP: 中国移动, Date: None, Delay: -1 ms, Speed: 0.00 M/s, Resolution: None
Name: 广西卫视, URL: http://[2409:8087:1a01:df::7005]:80/ottrrs.hl.chinamobile.com/PLTV/88888888/224/3221226549/index.m3u8, IPv_Type: ipv6, Location: 中国, ISP: 中国移动, Date: None, Delay: -1 ms, Speed: 0.00 M/s, Resolution: None
Name: 广西卫视, URL: http://[2409:8087:5e00:24::1e]:6060/200000001898/460000089800010099/1.m3u8, IPv_Type: ipv6, Location: 中国, ISP: 中国移动, Date: None, Delay: -1 ms, Speed: 0.00 M/s, Resolution: None
Name: 广西卫视, URL: https://t.freetv.fun/live/yan-xi-wei-shi.php, IPv_Type: ipv6, Location: 美国, ISP: CloudFlare Inc., Date: None, Delay: -1 ms, Speed: 0.00 M/s, Resolution: None
Name: 广西卫视, URL: https://t.freetv.fun/live/yan-xi-wei-shi-5.m3u8, IPv_Type: ipv6, Location: 美国, ISP: CloudFlare Inc., Date: None, Delay: -1 ms, Speed: 0.00 M/s, Resolution: None
Name: 广西卫视, URL: https://t.freetv.fun/live/yan-xi-wei-shi-13.m3u8, IPv_Type: ipv6, Location: 美国, ISP: CloudFlare Inc., Date: None, Delay: -1 ms, Speed: 0.00 M/s, Resolution: None
Name: 广西卫视, URL: https://t.freetv.fun/live/yan-xi-wei-shi-4.php, IPv_Type: ipv6, Location: 美国, ISP: CloudFlare Inc., Date: None, Delay: -1 ms, Speed: 0.00 M/s, Resolution: None
Name: 广西卫视, URL: https://t.freetv.fun/live/yan-xi-wei-shi-6.m3u8, IPv_Type: ipv6, Location: 美国, ISP: CloudFlare Inc., Date: None, Delay: -1 ms, Speed: 0.00 M/s, Resolution: None
Name: 广西卫视, URL: http://[2409:8087:1a01:df::7005]:80/ottrrs.hl.chinamobile.com/PLTV/88888888/224/3221226380/index.m3u8, IPv_Type: ipv6, Location: 中国, ISP: 中国移动, Date: None, Delay: -1 ms, Speed: 0.00 M/s, Resolution: None
Name: 贵州卫视, URL: http://api.kkitv.itv888.cn:8080/hls/5dqtpf3arun/index.m3u8, IPv_Type: ipv6, Location: 美国, ISP: CloudFlare Inc., Date: None, Delay: -1 ms, Speed: 0.00 M/s, Resolution: None
Name: 贵州卫视, URL: https://iptv.catvod.com/catvod.php?id=gzws, IPv_Type: ipv6, Location: 美国, ISP: CloudFlare Inc., Date: None, Delay: -1 ms, Speed: 0.00 M/s, Resolution: None
Name: 贵州卫视, URL: https://iptv.catvod.com/live.php?id=%E8%B4%B5%E5%B7%9E%E5%8D%AB%E8%A7%86, IPv_Type: ipv6, Location: 美国, ISP: CloudFlare Inc., Date: None, Delay: -1 ms, Speed: 0.00 M/s, Resolution: None
Name: 贵州卫视, URL: https://iptv.catvod.com/live.php?id=%E8%B4%B5%E5%B7%9E%E5%8D%AB%E8%A7%86&line=3, IPv_Type: ipv6, Location: 美国, ISP: CloudFlare Inc., Date: None, Delay: -1 ms, Speed: 0.00 M/s, Resolution: None
Name: 贵州卫视, URL: https://iptv.catvod.com/live.php?id=%E8%B4%B5%E5%B7%9E%E5%8D%AB%E8%A7%86&line=4, IPv_Type: ipv6, Location: 美国, ISP: CloudFlare Inc., Date: None, Delay: -1 ms, Speed: 0.00 M/s, Resolution: None
Name: 贵州卫视, URL: https://iptv.catvod.com/live.php?id=%E8%B4%B5%E5%B7%9E%E5%8D%AB%E8%A7%86&line=1, IPv_Type: ipv6, Location: 美国, ISP: CloudFlare Inc., Date: None, Delay: -1 ms, Speed: 0.00 M/s, Resolution: None
Name: 贵州卫视, URL: http://[2409:8087:1a15:10d1::34]/ottrrs.hl.chinamobile.com/PLTV/88888888/224/3221226474/index.m3u8, IPv_Type: ipv6, Location: 中国, ISP: 中国移动, Date: None, Delay: -1 ms, Speed: 0.00 M/s, Resolution: None
Name: 贵州卫视, URL: https://hls-gateway.vpstv.net/streams/708850.m3u8, IPv_Type: ipv6, Location: 美国, ISP: CloudFlare Inc., Date: None, Delay: -1 ms, Speed: 0.00 M/s, Resolution: None
Name: 贵州卫视, URL: http://[2409:8087:8:21::18]:6610/otttv.bj.chinamobile.com/PLTV/88888888/224/3221227012/1.m3u8?GuardEncType=2&accountinfo=%7E%7EV2.0%7EnqBF03rFwPucF8ODtWxLQQ%7EtP4-l0lmSfjwLWEfK_el1vH_mv-s1zo4AQJwdedaVwG9xkuFTDg8J26cwOrNJzn20BErrHdLhuZ9EzLUCD3PMW-OMx4MGteHV2vLeW6BqoY%2CEND, IPv_Type: ipv6, Location: 中国, ISP: 中国移动, Date: None, Delay: -1 ms, Speed: 0.00 M/s, Resolution: None
Name: 贵州卫视, URL: http://[2409:8087:1a01:df::4077]:80/ottrrs.hl.chinamobile.com/PLTV/88888888/224/3221226474/index.m3u8, IPv_Type: ipv6, Location: 中国, ISP: 中国移动, Date: None, Delay: -1 ms, Speed: 0.00 M/s, Resolution: None
Name: 贵州卫视, URL: http://[2409:8087:1a01:df::4077]/ottrrs.hl.chinamobile.com/yinhe/88888888/224/3221226474/index.m3u8, IPv_Type: ipv6, Location: 中国, ISP: 中国移动, Date: None, Delay: -1 ms, Speed: 0.00 M/s, Resolution: None
Name: 贵州卫视, URL: http://[2409:8087:1a01:df::4030]:80/TVOD/88888888/224/3221225974/main.m3u8, IPv_Type: ipv6, Location: 中国, ISP: 中国移动, Date: None, Delay: -1 ms, Speed: 0.00 M/s, Resolution: None
Name: 贵州卫视, URL: http://[2409:8087:1a01:df::4077]/ottrrs.hl.chinamobile.com/PLTV/88888888/224/3221226474/1.m3u8?icpid=88888888&from=1&hms_devid=1012&vqe=3, IPv_Type: ipv6, Location: 中国, ISP: 中国移动, Date: None, Delay: -1 ms, Speed: 0.00 M/s, Resolution: None
Name: 贵州卫视, URL: http://[2409:8087:1a01:df::4077]:80/ottrrs.hl.chinamobile.com/PLTV/88888888/224/3221226474/1.m3u8, IPv_Type: ipv6, Location: 中国, ISP: 中国移动, Date: None, Delay: -1 ms, Speed: 0.00 M/s, Resolution: None
Name: 贵州卫视, URL: http://[2409:8087:1a01:df::4077]/ottrrs.hl.chinamobile.com/PLTV/88888888/8/3221226474/index.m3u8, IPv_Type: ipv6, Location: 中国, ISP: 中国移动, Date: None, Delay: -1 ms, Speed: 0.00 M/s, Resolution: None
Name: 贵州卫视, URL: http://[2409:8087:1a01:df::4077]/ottrrs.hl.chinamobile.com/PLTV/88888888/224/3221226474/index.m3u8, IPv_Type: ipv6, Location: 中国, ISP: 中国移动, Date: None, Delay: -1 ms, Speed: 0.00 M/s, Resolution: None
Name: 贵州卫视, URL: http://[2409:8087:1a01:df::4077]:80/ottrrs.hl.chinamobile.com/yinhe/88888888/224/3221226474/index.m3u8, IPv_Type: ipv6, Location: 中国, ISP: 中国移动, Date: None, Delay: -1 ms, Speed: 0.00 M/s, Resolution: None
Name: 贵州卫视, URL: http://3501776.xyz:35455/itv/5000000004000025843.m3u8?cdn=bestzb, IPv_Type: ipv6, Location: 中国, ISP: 中国电信, Date: None, Delay: -1 ms, Speed: 0.00 M/s, Resolution: None
Name: 贵州卫视, URL: http://wouu.net:9977/udp/239.93.0.131:5140, IPv_Type: ipv6, Location: 保留地址, ISP: 主机之间的链路本地地址, Date: None, Delay: -1 ms, Speed: 0.00 M/s, Resolution: None
Name: 贵州卫视, URL: https://stream1.freetv.fun/gui-zhou-wei-shi-gao-qing-3.ctv, IPv_Type: ipv6, Location: 美国, ISP: CloudFlare Inc., Date: None, Delay: -1 ms, Speed: 0.00 M/s, Resolution: None
Name: 贵州卫视, URL: https://stream1.freetv.fun/gui-zhou-wei-shi-gao-qing-2.ctv, IPv_Type: ipv6, Location: 美国, ISP: CloudFlare Inc., Date: None, Delay: -1 ms, Speed: 0.00 M/s, Resolution: None
Name: 贵州卫视, URL: http://[2409:8087:74f0:22::7]:6410/270000001128/9900000036/index.m3u8, IPv_Type: ipv6, Location: 中国, ISP: 中国移动, Date: None, Delay: -1 ms, Speed: 0.00 M/s, Resolution: None
Name: 贵州卫视, URL: http://[2409:8087:1a01:df::7005]/ottrrs.hl.chinamobile.com/PLTV/88888888/224/3221226474/index.m3u8, IPv_Type: ipv6, Location: 中国, ISP: 中国移动, Date: None, Delay: -1 ms, Speed: 0.00 M/s, Resolution: None
Name: 贵州卫视, URL: http://[2409:8087:5e00:24::1e]:6060/200000001898/460000089800010100/1.m3u8, IPv_Type: ipv6, Location: 中国, ISP: 中国移动, Date: None, Delay: -1 ms, Speed: 0.00 M/s, Resolution: None
Name: 贵州卫视, URL: https://t.freetv.fun/live/gui-zhou-wei-shi.php, IPv_Type: ipv6, Location: 美国, ISP: CloudFlare Inc., Date: None, Delay: -1 ms, Speed: 0.00 M/s, Resolution: None
Name: 贵州卫视, URL: https://t.freetv.fun/live/gui-zhou-wei-shi-1.m3u8, IPv_Type: ipv6, Location: 美国, ISP: CloudFlare Inc., Date: None, Delay: -1 ms, Speed: 0.00 M/s, Resolution: None
Name: 贵州卫视, URL: https://t.freetv.fun/live/gui-zhou-wei-shi-8.php, IPv_Type: ipv6, Location: 美国, ISP: CloudFlare Inc., Date: None, Delay: -1 ms, Speed: 0.00 M/s, Resolution: None
Name: 贵州卫视, URL: https://t.freetv.fun/live/gui-zhou-wei-shi-5.m3u8, IPv_Type: ipv6, Location: 美国, ISP: CloudFlare Inc., Date: None, Delay: -1 ms, Speed: 0.00 M/s, Resolution: None
Name: 贵州卫视, URL: https://t.freetv.fun/live/gui-zhou-wei-shi-3.m3u8, IPv_Type: ipv6, Location: 美国, ISP: CloudFlare Inc., Date: None, Delay: -1 ms, Speed: 0.00 M/s, Resolution: None
Name: 贵州卫视, URL: http://[2409:8087:1a01:df::4077]:80/ottrrs.hl.chinamobile.com/PLTV/88888888/8/3221226474/index.m3u8, IPv_Type: ipv6, Location: 中国, ISP: 中国移动, Date: None, Delay: -1 ms, Speed: 0.00 M/s, Resolution: None
Name: 贵州卫视, URL: https://stream1.freetv.fun/gui-zhou-wei-shi-gao-qing-6.m3u8, IPv_Type: ipv6, Location: 美国, ISP: CloudFlare Inc., Date: None, Delay: -1 ms, Speed: 0.00 M/s, Resolution: None
Name: 贵州卫视, URL: http://[2409:8087:1a01:df::7005]:80/ottrrs.hl.chinamobile.com/PLTV/88888888/224/3221226474/index.m3u8, IPv_Type: ipv6, Location: 中国, ISP: 中国移动, Date: None, Delay: -1 ms, Speed: 0.00 M/s, Resolution: None
Name: 贵州卫视, URL: http://drive.mxmy.net:8888/udp/239.3.1.149:8076, IPv_Type: ipv4, Location: 中国-北京-北京, ISP: 联通, Date: None, Delay: 494 ms, Speed: 0.04 M/s, Resolution: 1920x1080
Name: 海南卫视, URL: http://api.kkitv.itv888.cn:8080/hls/c1cajhsgba8/index.m3u8, IPv_Type: ipv6, Location: 美国, ISP: CloudFlare Inc., Date: None, Delay: -1 ms, Speed: 0.00 M/s, Resolution: None
Name: 海南卫视, URL: https://iptv.catvod.com/catvod.php?id=hinws, IPv_Type: ipv6, Location: 美国, ISP: CloudFlare Inc., Date: None, Delay: -1 ms, Speed: 0.00 M/s, Resolution: None
Name: 海南卫视, URL: https://migu.188766.xyz/?migutoken=205c96b6e27c47d62939212c7b82ba78&id=hn_hnws&type=sz, IPv_Type: ipv6, Location: 美国, ISP: CloudFlare Inc., Date: None, Delay: -1 ms, Speed: 0.00 M/s, Resolution: None
Name: 海南卫视, URL: https://migu.188766.xyz/?migutoken=573af5af1fb033f98410461cd17bdb58&id=%E6%B5%B7%E5%8D%97%E5%8D%AB%E8%A7%86&type=yy, IPv_Type: ipv6, Location: 美国, ISP: CloudFlare Inc., Date: None, Delay: -1 ms, Speed: 0.00 M/s, Resolution: None
Name: 海南卫视, URL: https://iptv.catvod.com/live.php?id=%E6%B5%B7%E5%8D%97%E5%8D%AB%E8%A7%86&line=4, IPv_Type: ipv6, Location: 美国, ISP: CloudFlare Inc., Date: None, Delay: -1 ms, Speed: 0.00 M/s, Resolution: None
Name: 海南卫视, URL: https://iptv.catvod.com/live.php?id=%E6%B5%B7%E5%8D%97%E5%8D%AB%E8%A7%86&line=1, IPv_Type: ipv6, Location: 美国, ISP: CloudFlare Inc., Date: None, Delay: -1 ms, Speed: 0.00 M/s, Resolution: None
Name: 海南卫视, URL: https://iptv.catvod.com/live.php?id=%E6%B5%B7%E5%8D%97%E5%8D%AB%E8%A7%86&line=3, IPv_Type: ipv6, Location: 美国, ISP: CloudFlare Inc., Date: None, Delay: -1 ms, Speed: 0.00 M/s, Resolution: None
Name: 海南卫视, URL: https://iptv.catvod.com/live.php?id=%E6%B5%B7%E5%8D%97%E5%8D%AB%E8%A7%86, IPv_Type: ipv6, Location: 美国, ISP: CloudFlare Inc., Date: None, Delay: -1 ms, Speed: 0.00 M/s, Resolution: None
Name: 海南卫视, URL: https://iptv.catvod.com/live.php?id=%E6%B5%B7%E5%8D%97%E5%8D%AB%E8%A7%86&line=5, IPv_Type: ipv6, Location: 美国, ISP: CloudFlare Inc., Date: None, Delay: -1 ms, Speed: 0.00 M/s, Resolution: None
Name: 海南卫视, URL: https://mgtv.ottiptv.cc/mg/947472502.m3u8?userid=5559462299&sign=2ff419512772a264a384ce12e781c3817229ce8109068a917bb1fc2ec4f44d80ea4e1e2f7b8bee7cf325d36865c56279b08e3dd4691766053379d0860c73402613f65c9dd283f350315f3ce065e44db76d&auth_token=1b99577efa5a3442ca4c7820d6e0b4e8, IPv_Type: ipv6, Location: 美国, ISP: Oracle Corporation, Date: None, Delay: -1 ms, Speed: 0.00 M/s, Resolution: None
Name: 海南卫视, URL: https://hls-gateway.vpstv.net/streams/708822.m3u8, IPv_Type: ipv6, Location: 美国, ISP: CloudFlare Inc., Date: None, Delay: -1 ms, Speed: 0.00 M/s, Resolution: None
Name: 海南卫视, URL: http://[2409:8087:8:21::18]:6610/otttv.bj.chinamobile.com/PLTV/88888888/224/3221227029/1.m3u8?GuardEncType=2&accountinfo=%7E%7EV2.0%7EEuBMjt2kLMD8fAO7QYER7Q%7EtP4-l0lmSfjwLWEfK_el1vH_mv-s1zo4AQJwdedaVwG9xkuFTDg8J26cwOrNJzn20BErrHdLhuZ9EzLUCD3PMW-OMx4MGteHV2vLeW6BqoY%2CEND, IPv_Type: ipv6, Location: 中国, ISP: 中国移动, Date: None, Delay: -1 ms, Speed: 0.00 M/s, Resolution: None
Name: 海南卫视, URL: https://migu.188766.xyz/?migutoken=e8ac7cca3d3b4c9c22e0eeadb215d1ad&id=hn_hnws&type=sz, IPv_Type: ipv6, Location: 美国, ISP: CloudFlare Inc., Date: None, Delay: -1 ms, Speed: 0.00 M/s, Resolution: None
Name: 海南卫视, URL: https://migu.188766.xyz/?migutoken=b70f5d13052a8c79addb6a8077aa4f9b&id=%E6%B5%B7%E5%8D%97%E5%8D%AB%E8%A7%86&type=yy, IPv_Type: ipv6, Location: 美国, ISP: CloudFlare Inc., Date: None, Delay: -1 ms, Speed: 0.00 M/s, Resolution: None
Name: 海南卫视, URL: https://migu.188766.xyz/?migutoken=d83ce21e0d7062b86ccb74960d369af9&id=hn_hnws&type=sz, IPv_Type: ipv6, Location: 美国, ISP: CloudFlare Inc., Date: None, Delay: -1 ms, Speed: 0.00 M/s, Resolution: None
Name: 海南卫视, URL: http://wouu.net:9977/udp/239.93.0.80:5140, IPv_Type: ipv6, Location: 保留地址, ISP: 主机之间的链路本地地址, Date: None, Delay: -1 ms, Speed: 0.00 M/s, Resolution: None
Name: 海南卫视, URL: http://[2409:8087:1a01:df::4077]/ottrrs.hl.chinamobile.com/PLTV/88888888/8/3221226465/index.m3u8, IPv_Type: ipv6, Location: 中国, ISP: 中国移动, Date: None, Delay: -1 ms, Speed: 0.00 M/s, Resolution: None
Name: 海南卫视, URL: http://[2409:8087:1a01:df::4077]:80/ottrrs.hl.chinamobile.com/PLTV/88888888/8/3221226465/index.m3u8, IPv_Type: ipv6, Location: 中国, ISP: 中国移动, Date: None, Delay: -1 ms, Speed: 0.00 M/s, Resolution: None
Name: 海南卫视, URL: https://www.freetv.top/migu/947472502.m3u8?migutoken=7837384e48fd26a97f31b5166b88580720ebc21f5e10f392561f571058dda831b33433f9113b41fa03dff482db5244ae83df7b277e82cf7a4651045d113b16c3733999e3c4428166e0995051a4, IPv_Type: ipv6, Location: 美国, ISP: Oracle Corporation, Date: None, Delay: -1 ms, Speed: 0.00 M/s, Resolution: None
Name: 海南卫视, URL: https://www.freetv.top/migu/947472502.m3u8?migutoken=61e4fd9bf58ef5793a154534fc3b69a6905900f2133acd6c3fe723e7b4520ad20ebd351ceb44d42a3a09fa5e7e402be1cec3e5c93b1a07ac90681ef873a367d7cb68040b3be9d7873347efa755, IPv_Type: ipv6, Location: 美国, ISP: Oracle Corporation, Date: None, Delay: -1 ms, Speed: 0.00 M/s, Resolution: None
Name: 海南卫视, URL: https://www.freetv.top/migu/947472502.m3u8?migutoken=b49395c0adad3f977a69d9555b7ec0e60a9f6076a9bd17687472774c39f5e60c68b55ab46fdf0d73b68a871b71b438163c9ae6604499693eb260ed04ebe98df3f12124410b199e0741f3429b11, IPv_Type: ipv6, Location: 美国, ISP: Oracle Corporation, Date: None, Delay: -1 ms, Speed: 0.00 M/s, Resolution: None
Name: 海南卫视, URL: http://3501776.xyz:35455/itv/5000000004000006211.m3u8?cdn=bestzb, IPv_Type: ipv6, Location: 中国, ISP: 中国电信, Date: None, Delay: -1 ms, Speed: 0.00 M/s, Resolution: None
Name: 海南卫视, URL: http://live.wqwqwq.sbs/itv/5000000004000006211.m3u8?cdn=bestzb, IPv_Type: ipv6, Location: 美国, ISP: CloudFlare Inc., Date: None, Delay: -1 ms, Speed: 0.00 M/s, Resolution: None
Name: 海南卫视, URL: http://[2409:8087:74f0:22::7]:6410/270000001128/9900000037/index.m3u8, IPv_Type: ipv6, Location: 中国, ISP: 中国移动, Date: None, Delay: -1 ms, Speed: 0.00 M/s, Resolution: None
Name: 海南卫视, URL: http://[2409:8087:1a01:df::7005]/ottrrs.hl.chinamobile.com/PLTV/88888888/224/3221226465/index.m3u8, IPv_Type: ipv6, Location: 中国, ISP: 中国移动, Date: None, Delay: -1 ms, Speed: 0.00 M/s, Resolution: None
Name: 海南卫视, URL: https://t.freetv.fun/live/hai-nan-wei-shi-2.m3u8, IPv_Type: ipv6, Location: 美国, ISP: CloudFlare Inc., Date: None, Delay: -1 ms, Speed: 0.00 M/s, Resolution: None
Name: 海南卫视, URL: http://[2409:8087:1a01:df::7005]:80/ottrrs.hl.chinamobile.com/PLTV/88888888/224/3221226465/index.m3u8, IPv_Type: ipv6, Location: 中国, ISP: 中国移动, Date: None, Delay: -1 ms, Speed: 0.00 M/s, Resolution: None
Name: 海南卫视, URL: http://nn.7x9d.cn/地方台8563/海南.php?id=hnws, IPv_Type: ipv4, Location: 中国-江苏-宿迁, ISP: 七星云BGP数据中心, Date: None, Delay: 2843 ms, Speed: 1.03 M/s, Resolution: 1920x1080
Name: 海南卫视, URL: http://nn.7x9d.cn/地方台8563/海南.php?id=hnws&?key=txiptv, IPv_Type: ipv4, Location: 中国-江苏-宿迁, ISP: 七星云BGP数据中心, Date: None, Delay: 3618 ms, Speed: 0.85 M/s, Resolution: 1920x1080
Name: 河北卫视, URL: https://iptv.catvod.com/catvod.php?id=hbws, IPv_Type: ipv6, Location: 美国, ISP: CloudFlare Inc., Date: None, Delay: -1 ms, Speed: 0.00 M/s, Resolution: None
Name: 河北卫视, URL: http://iptv.huuc.edu.cn/hls/hebhd.m3u8, IPv_Type: ipv6, Location: 中国, ISP: 教育网, Date: None, Delay: -1 ms, Speed: 0.00 M/s, Resolution: None
Name: 河北卫视, URL: https://iptv.catvod.com/live.php?id=%E6%B2%B3%E5%8C%97%E5%8D%AB%E8%A7%86&line=4, IPv_Type: ipv6, Location: 美国, ISP: CloudFlare Inc., Date: None, Delay: -1 ms, Speed: 0.00 M/s, Resolution: None
Name: 河北卫视, URL: https://iptv.catvod.com/live.php?id=%E6%B2%B3%E5%8C%97%E5%8D%AB%E8%A7%86&line=3, IPv_Type: ipv6, Location: 美国, ISP: CloudFlare Inc., Date: None, Delay: -1 ms, Speed: 0.00 M/s, Resolution: None
Name: 河北卫视, URL: https://iptv.catvod.com/live.php?id=%E6%B2%B3%E5%8C%97%E5%8D%AB%E8%A7%86&line=1, IPv_Type: ipv6, Location: 美国, ISP: CloudFlare Inc., Date: None, Delay: -1 ms, Speed: 0.00 M/s, Resolution: None
Name: 河北卫视, URL: https://iptv.catvod.com/live.php?id=%E6%B2%B3%E5%8C%97%E5%8D%AB%E8%A7%86&line=2, IPv_Type: ipv6, Location: 美国, ISP: CloudFlare Inc., Date: None, Delay: -1 ms, Speed: 0.00 M/s, Resolution: None
Name: 河北卫视, URL: https://iptv.catvod.com/live.php?id=%E6%B2%B3%E5%8C%97%E5%8D%AB%E8%A7%86&line=5, IPv_Type: ipv6, Location: 美国, ISP: CloudFlare Inc., Date: None, Delay: -1 ms, Speed: 0.00 M/s, Resolution: None
Name: 河北卫视, URL: http://event.pull.hebtv.com/jishi/weishi_tingyun.m3u8, IPv_Type: ipv6, Location: 中国, ISP: 中国电信, Date: None, Delay: -1 ms, Speed: 0.00 M/s, Resolution: None
Name: 河北卫视, URL: https://mgtv.ottiptv.cc/mg/962042070.m3u8?userid=5559462299&sign=9f78a4ef063a01c8021a251f3be2b9c25d12e0da2e9cde7571a5b4117431c7e7e4386337c93c16019d5354045c76c3486957d46f4fd12d8843d3abda9dca7a7732f229ee681fbdf09f17a21e2b7838d668&auth_token=1b99577efa5a3442ca4c7820d6e0b4e8, IPv_Type: ipv6, Location: 美国, ISP: Oracle Corporation, Date: None, Delay: -1 ms, Speed: 0.00 M/s, Resolution: None
Name: 河北卫视, URL: http://[2409:8087:1a15:10d1::38]/ottrrs.hl.chinamobile.com/PLTV/88888888/224/3221226406/index.m3u8, IPv_Type: ipv6, Location: 中国, ISP: 中国移动, Date: None, Delay: -1 ms, Speed: 0.00 M/s, Resolution: None
Name: 河北卫视, URL: https://hls-gateway.vpstv.net/streams/476920.m3u8, IPv_Type: ipv6, Location: 美国, ISP: CloudFlare Inc., Date: None, Delay: -1 ms, Speed: 0.00 M/s, Resolution: None
Name: 河北卫视, URL: http://tv.pull.hebtv.com/jishi/weishipindao.m3u8?t=2510710360&k=3d44740039027301acf8341d7361ab59, IPv_Type: ipv6, Location: 中国, ISP: 中国电信, Date: None, Delay: -1 ms, Speed: 0.00 M/s, Resolution: None
Name: 河北卫视, URL: http://[2409:8087:8:21::18]:6610/otttv.bj.chinamobile.com/PLTV/88888888/224/3221227014/1.m3u8?GuardEncType=2&accountinfo=%7E%7EV2.0%7ErSGjhI3DMaaAASPrbQJYTg%7EtP4-l0lmSfjwLWEfK_el1vH_mv-s1zo4AQJwdedaVwG9xkuFTDg8J26cwOrNJzn20BErrHdLhuZ9EzLUCD3PMW-OMx4MGteHV2vLeW6BqoY%2CEND, IPv_Type: ipv6, Location: 中国, ISP: 中国移动, Date: None, Delay: -1 ms, Speed: 0.00 M/s, Resolution: None
Name: 河北卫视, URL: http://wouu.net:9977/udp/239.93.0.132:5140, IPv_Type: ipv6, Location: 保留地址, ISP: 主机之间的链路本地地址, Date: None, Delay: -1 ms, Speed: 0.00 M/s, Resolution: None
Name: 河北卫视, URL: http://[2409:8087:1a01:df::4035]/TVOD/88888888/224/3221225961/main.m3u8, IPv_Type: ipv6, Location: 中国, ISP: 中国移动, Date: None, Delay: -1 ms, Speed: 0.00 M/s, Resolution: None
Name: 河北卫视, URL: http://[2409:8087:1a01:df::4077]:80/ottrrs.hl.chinamobile.com/PLTV/88888888/224/3221226406/index.m3u8, IPv_Type: ipv6, Location: 中国, ISP: 中国移动, Date: None, Delay: -1 ms, Speed: 0.00 M/s, Resolution: None
Name: 河北卫视, URL: http://[2409:8087:1a01:df::4035]:80/TVOD/88888888/224/3221225961/main.m3u8, IPv_Type: ipv6, Location: 中国, ISP: 中国移动, Date: None, Delay: -1 ms, Speed: 0.00 M/s, Resolution: None
Name: 河北卫视, URL: http://[2409:8087:1a01:df::4077]/ottrrs.hl.chinamobile.com/PLTV/88888888/224/3221226406/index.m3u8, IPv_Type: ipv6, Location: 中国, ISP: 中国移动, Date: None, Delay: -1 ms, Speed: 0.00 M/s, Resolution: None
Name: 河北卫视, URL: http://[2409:8087:1a01:df::4077]/ottrrs.hl.chinamobile.com/PLTV/88888888/8/3221226406/index.m3u8, IPv_Type: ipv6, Location: 中国, ISP: 中国移动, Date: None, Delay: -1 ms, Speed: 0.00 M/s, Resolution: None
Name: 河北卫视, URL: https://jwplay.hebyun.com.cn/live/hbwstv/1500k/tzwj_video.m3u8, IPv_Type: ipv6, Location: 中国, ISP: 中国联通, Date: None, Delay: -1 ms, Speed: 0.00 M/s, Resolution: None
Name: 河北卫视, URL: http://[2409:8087:74f0:22::7]:6410/270000001128/9900000057/index.m3u8, IPv_Type: ipv6, Location: 中国, ISP: 中国移动, Date: None, Delay: -1 ms, Speed: 0.00 M/s, Resolution: None
Name: 河北卫视, URL: http://[2409:8087:1a01:df::7005]/ottrrs.hl.chinamobile.com/PLTV/88888888/224/3221226406/index.m3u8, IPv_Type: ipv6, Location: 中国, ISP: 中国移动, Date: None, Delay: -1 ms, Speed: 0.00 M/s, Resolution: None
Name: 河北卫视, URL: http://[2409:8087:5e00:24::1e]:6060/200000001898/460000089800010101/1.m3u8, IPv_Type: ipv6, Location: 中国, ISP: 中国移动, Date: None, Delay: -1 ms, Speed: 0.00 M/s, Resolution: None
Name: 河北卫视, URL: https://t.freetv.fun/live/he-bei-wei-shi.m3u8, IPv_Type: ipv6, Location: 美国, ISP: CloudFlare Inc., Date: None, Delay: -1 ms, Speed: 0.00 M/s, Resolution: None
Name: 河北卫视, URL: https://t.freetv.fun/live/he-bei-wei-shi-3.m3u8, IPv_Type: ipv6, Location: 美国, ISP: CloudFlare Inc., Date: None, Delay: -1 ms, Speed: 0.00 M/s, Resolution: None
Name: 河北卫视, URL: https://t.freetv.fun/live/he-bei-wei-shi-2.m3u8, IPv_Type: ipv6, Location: 美国, ISP: CloudFlare Inc., Date: None, Delay: -1 ms, Speed: 0.00 M/s, Resolution: None
Name: 河北卫视, URL: https://t.freetv.fun/live/he-bei-wei-shi-4.m3u8, IPv_Type: ipv6, Location: 美国, ISP: CloudFlare Inc., Date: None, Delay: -1 ms, Speed: 0.00 M/s, Resolution: None
Name: 河北卫视, URL: https://t.freetv.fun/live/he-bei-wei-shi-1.m3u8, IPv_Type: ipv6, Location: 美国, ISP: CloudFlare Inc., Date: None, Delay: -1 ms, Speed: 0.00 M/s, Resolution: None
Name: 河北卫视, URL: http://mgsp-yx2.live.miguvideo.com:8088/migu/kailu/hbws/51/20251225/index.m3u8?msisdn=2be6b2ec9fcf10d2c2457e2c710e172c&mdspid=&spid=600725&netType=0&sid=5910022316&pid=2028597139&timestamp=20260225060204&Channel_ID=0116_2600034600-99000-201600010010028&ProgramID=962042070&ParentNodeID=-99&assertID=5910022316&client_ip=218.28.233.106&SecurityKey=20260225060204&promotionId=&mvid=5900006782&mcid=500020&playurlVersion=WX-A1-9.2.1-RELEASE&userid=&jmhm=&videocodec=h264&appCode=miguvideo_android&bean=mgspad&tid=android&conFee=0&encrypt=b0c2786428aff893d5e3fa1145fb73e1&sv=10004&ct=android, IPv_Type: ipv6, Location: 中国, ISP: 中国电信, Date: None, Delay: -1 ms, Speed: 0.00 M/s, Resolution: None
Name: 河北卫视, URL: https://t.freetv.fun/live/he-bei-wei-shi-9.m3u8, IPv_Type: ipv6, Location: 美国, ISP: CloudFlare Inc., Date: None, Delay: -1 ms, Speed: 0.00 M/s, Resolution: None
Name: 河北卫视, URL: https://t.freetv.fun/live/he-bei-wei-shi-6.m3u8, IPv_Type: ipv6, Location: 美国, ISP: CloudFlare Inc., Date: None, Delay: -1 ms, Speed: 0.00 M/s, Resolution: None
Name: 河北卫视, URL: http://[2409:8087:1a01:df::4077]:80/ottrrs.hl.chinamobile.com/PLTV/88888888/8/3221226406/index.m3u8, IPv_Type: ipv6, Location: 中国, ISP: 中国移动, Date: None, Delay: -1 ms, Speed: 0.00 M/s, Resolution: None
Name: 河北卫视, URL: http://[2409:8087:1a01:df::7005]:80/ottrrs.hl.chinamobile.com/PLTV/88888888/224/3221226406/index.m3u8, IPv_Type: ipv6, Location: 中国, ISP: 中国移动, Date: None, Delay: -1 ms, Speed: 0.00 M/s, Resolution: None
Name: 河南卫视, URL: https://iptv.catvod.com/catvod.php?id=hnws, IPv_Type: ipv6, Location: 美国, ISP: CloudFlare Inc., Date: None, Delay: -1 ms, Speed: 0.00 M/s, Resolution: None
Name: 河南卫视, URL: https://migu.188766.xyz/?migutoken=15043009fe576d9fec64f7cba2f5bca8&id=%E6%B2%B3%E5%8D%97%E5%8D%AB%E8%A7%86%E9%AB%98%E6%B8%85&type=yy, IPv_Type: ipv6, Location: 美国, ISP: CloudFlare Inc., Date: None, Delay: -1 ms, Speed: 0.00 M/s, Resolution: None
Name: 河南卫视, URL: https://iptv.catvod.com/live.php?id=%E6%B2%B3%E5%8D%97%E5%8D%AB%E8%A7%86&line=1, IPv_Type: ipv6, Location: 美国, ISP: CloudFlare Inc., Date: None, Delay: -1 ms, Speed: 0.00 M/s, Resolution: None
Name: 河南卫视, URL: https://iptv.catvod.com/live.php?id=%E6%B2%B3%E5%8D%97%E5%8D%AB%E8%A7%86&line=2, IPv_Type: ipv6, Location: 美国, ISP: CloudFlare Inc., Date: None, Delay: -1 ms, Speed: 0.00 M/s, Resolution: None
Name: 河南卫视, URL: https://iptv.catvod.com/live.php?id=%E6%B2%B3%E5%8D%97%E5%8D%AB%E8%A7%86, IPv_Type: ipv6, Location: 美国, ISP: CloudFlare Inc., Date: None, Delay: -1 ms, Speed: 0.00 M/s, Resolution: None
Name: 河南卫视, URL: https://iptv.catvod.com/live.php?id=%E6%B2%B3%E5%8D%97%E5%8D%AB%E8%A7%86&line=4, IPv_Type: ipv6, Location: 美国, ISP: CloudFlare Inc., Date: None, Delay: -1 ms, Speed: 0.00 M/s, Resolution: None
Name: 河南卫视, URL: https://iptv.catvod.com/live.php?id=%E6%B2%B3%E5%8D%97%E5%8D%AB%E8%A7%86&line=5, IPv_Type: ipv6, Location: 美国, ISP: CloudFlare Inc., Date: None, Delay: -1 ms, Speed: 0.00 M/s, Resolution: None
Name: 河南卫视, URL: http://tvcdn.stream3.hndt.com/tv/65c4a6d5017e1000b2b6ea2500000000_transios/playlist.m3u8?wsSecret=9d6a849bc3893f1013f73ff79bb244c3&wsTime=1770631207, IPv_Type: ipv6, Location: 加拿大, ISP: , Date: None, Delay: -1 ms, Speed: 0.00 M/s, Resolution: None
Name: 河南卫视, URL: https://mgtv.ottiptv.cc/mg/790187291.m3u8?userid=5559462299&sign=bdcb551ae44bd23364fd7eb35e03e027efc3b0f4a6100be9bc40011d2bf7b1e022b8ae98b6e85b47c14e84d217b62358cb7a4ab8d79e6efa6b531d536afc2fd1cd46422e6be3df1a83dfc7e11ad80a8a95&auth_token=1b99577efa5a3442ca4c7820d6e0b4e8, IPv_Type: ipv6, Location: 美国, ISP: Oracle Corporation, Date: None, Delay: -1 ms, Speed: 0.00 M/s, Resolution: None
Name: 河南卫视, URL: http://tvpull.dxhmt.cn:9081/tv/11425-1.m3u8, IPv_Type: ipv6, Location: 加拿大, ISP: , Date: None, Delay: -1 ms, Speed: 0.00 M/s, Resolution: None
Name: 河南卫视, URL: http://tvcdn.stream3.hndt.com/tv/65c4a6d5017e1000b2b6ea2500000000_transios/playlist.m3u8?wsSecret=3871036478673e2450f17596a34aeed5&wsTime=1771372853, IPv_Type: ipv6, Location: 加拿大, ISP: , Date: None, Delay: -1 ms, Speed: 0.00 M/s, Resolution: None
Name: 河南卫视, URL: http://[2409:8087:1a15:10d1::36]/ottrrs.hl.chinamobile.com/PLTV/88888888/224/3221226480/index.m3u8, IPv_Type: ipv6, Location: 中国, ISP: 中国移动, Date: None, Delay: -1 ms, Speed: 0.00 M/s, Resolution: None
Name: 河南卫视, URL: https://hls-gateway.vpstv.net/streams/708871.m3u8, IPv_Type: ipv6, Location: 美国, ISP: CloudFlare Inc., Date: None, Delay: -1 ms, Speed: 0.00 M/s, Resolution: None
Name: 河南卫视, URL: http://tvcdn.stream3.hndt.com/tv/65c4a6d5017e1000b2b6ea2500000000_transios/playlist.m3u8?wsSecret=3394608aac740e1721ff19a89ebd0685&wsTime=1771387116, IPv_Type: ipv6, Location: 加拿大, ISP: , Date: None, Delay: -1 ms, Speed: 0.00 M/s, Resolution: None
Name: 河南卫视, URL: https://migu.188766.xyz/?migutoken=d44dc4af0cfc78b0e229df047ca37475&id=%E6%B2%B3%E5%8D%97%E5%8D%AB%E8%A7%86%E9%AB%98%E6%B8%85&type=yy, IPv_Type: ipv6, Location: 美国, ISP: CloudFlare Inc., Date: None, Delay: -1 ms, Speed: 0.00 M/s, Resolution: None
Name: 河南卫视, URL: https://migu.188766.xyz/?migutoken=77306342d9388a2b8da196b9440c0d46&id=%E6%B2%B3%E5%8D%97%E5%8D%AB%E8%A7%86%E9%AB%98%E6%B8%85&type=yy, IPv_Type: ipv6, Location: 美国, ISP: CloudFlare Inc., Date: None, Delay: -1 ms, Speed: 0.00 M/s, Resolution: None
Name: 河南卫视, URL: http://tvcdn.stream3.hndt.com/tv/65c4a6d5017e1000b2b6ea2500000000_transios/playlist.m3u8?wsSecret=88295ad4c23801b4db8f2e9c29bc4789&wsTime=1770595078, IPv_Type: ipv6, Location: 加拿大, ISP: , Date: None, Delay: -1 ms, Speed: 0.00 M/s, Resolution: None
Name: 河南卫视, URL: http://wouu.net:9977/udp/239.93.42.45:5140, IPv_Type: ipv6, Location: 保留地址, ISP: 主机之间的链路本地地址, Date: None, Delay: -1 ms, Speed: 0.00 M/s, Resolution: None
Name: 河南卫视, URL: http://[2409:8087:1a01:df::4077]:80/ottrrs.hl.chinamobile.com/yinhe/88888888/224/3221226480/index.m3u8, IPv_Type: ipv6, Location: 中国, ISP: 中国移动, Date: None, Delay: -1 ms, Speed: 0.00 M/s, Resolution: None
Name: 河南卫视, URL: http://[2409:8087:1a01:df::4077]:80/ottrrs.hl.chinamobile.com/PLTV/88888888/8/3221226480/index.m3u8, IPv_Type: ipv6, Location: 中国, ISP: 中国移动, Date: None, Delay: -1 ms, Speed: 0.00 M/s, Resolution: None
Name: 河南卫视, URL: http://[2409:8087:1a01:df::4077]/ottrrs.hl.chinamobile.com/PLTV/88888888/8/3221226480/index.m3u8, IPv_Type: ipv6, Location: 中国, ISP: 中国移动, Date: None, Delay: -1 ms, Speed: 0.00 M/s, Resolution: None
Name: 河南卫视, URL: http://[2409:8087:1a01:df::4077]/ottrrs.hl.chinamobile.com/yinhe/88888888/224/3221226480/index.m3u8, IPv_Type: ipv6, Location: 中国, ISP: 中国移动, Date: None, Delay: -1 ms, Speed: 0.00 M/s, Resolution: None
Name: 河南卫视, URL: http://[2409:8087:1a01:df::4077]:80/ottrrs.hl.chinamobile.com/PLTV/88888888/224/3221226480/index.m3u8, IPv_Type: ipv6, Location: 中国, ISP: 中国移动, Date: None, Delay: -1 ms, Speed: 0.00 M/s, Resolution: None
Name: 河南卫视, URL: http://[2409:8087:1a01:df::4077]/ottrrs.hl.chinamobile.com/PLTV/88888888/224/3221226480/index.m3u8, IPv_Type: ipv6, Location: 中国, ISP: 中国移动, Date: None, Delay: -1 ms, Speed: 0.00 M/s, Resolution: None
Name: 河南卫视, URL: http://[2409:8087:1a01:df::4077]/ottrrs.hl.chinamobile.com/PLTV/88888888/8/3221226320/index.m3u8, IPv_Type: ipv6, Location: 中国, ISP: 中国移动, Date: None, Delay: -1 ms, Speed: 0.00 M/s, Resolution: None
Name: 河南卫视, URL: http://3501776.xyz:35455/itv/1000000002000027731.m3u8?cdn=ystenlive, IPv_Type: ipv6, Location: 中国, ISP: 中国电信, Date: None, Delay: -1 ms, Speed: 0.00 M/s, Resolution: None
Name: 河南卫视, URL: https://stream1.freetv.fun/14c0efa0b69afff8af801b538a27a783845acdb87174717d8871a5fa9de187e0.m3u8, IPv_Type: ipv6, Location: 美国, ISP: CloudFlare Inc., Date: None, Delay: -1 ms, Speed: 0.00 M/s, Resolution: None
Name: 河南卫视, URL: http://tvcdn.stream3.hndt.com/tv/65c4a6d5017e1000b2b6ea2500000000_transios/playlist.m3u8?wsSecret=02a94d9298a19aa2216d98e90a7d26b3&wsTime=1742014827, IPv_Type: ipv6, Location: 加拿大, ISP: , Date: None, Delay: -1 ms, Speed: 0.00 M/s, Resolution: None
Name: 河南卫视, URL: https://www.freetv.top/migu/790187291.m3u8?migutoken=3fa5112cca2c2ce74028510dfbaacbc2dce25969982adc457060f0def4c56e2d5efdeb3d0e4ef181a2255dd07c1e7723b5bee70da78172e50618743c5eac8808279282803f9488156ec4d7dbac, IPv_Type: ipv6, Location: 美国, ISP: Oracle Corporation, Date: None, Delay: -1 ms, Speed: 0.00 M/s, Resolution: None
Name: 河南卫视, URL: https://www.freetv.top/migu/790187291.m3u8?migutoken=8cfda6b4bd8593bb9739434fecdd1cd097ab9b9609ed72d6de4ca14196c33fbc5ea88d4dae5a4c8a359213f9affc7ab2cf675a934561839e4060ba75bd56e43da713a62e3ebabc4ced1c770bca, IPv_Type: ipv6, Location: 美国, ISP: Oracle Corporation, Date: None, Delay: -1 ms, Speed: 0.00 M/s, Resolution: None
Name: 河南卫视, URL: http://[2409:8087:74f0:22::7]:6410/270000001128/9900000027/index.m3u8, IPv_Type: ipv6, Location: 中国, ISP: 中国移动, Date: None, Delay: -1 ms, Speed: 0.00 M/s, Resolution: None
Name: 河南卫视, URL: http://[2409:8087:1a01:df::7005]/ottrrs.hl.chinamobile.com/PLTV/88888888/224/3221226480/index.m3u8, IPv_Type: ipv6, Location: 中国, ISP: 中国移动, Date: None, Delay: -1 ms, Speed: 0.00 M/s, Resolution: None
Name: 河南卫视, URL: http://tvcdn.stream3.hndt.com/tv/65c4a6d5017e1000b2b6ea2500000000_transios/playlist.m3u8?wsSecret=fcaab17ab2be0780c91c1e0e4cfc3df9&wsTime=1771423196, IPv_Type: ipv6, Location: 加拿大, ISP: , Date: None, Delay: -1 ms, Speed: 0.00 M/s, Resolution: None
Name: 河南卫视, URL: https://t.freetv.fun/live/he-nan-wei-shi.m3u8, IPv_Type: ipv6, Location: 美国, ISP: CloudFlare Inc., Date: None, Delay: -1 ms, Speed: 0.00 M/s, Resolution: None
Name: 河南卫视, URL: https://t.freetv.fun/live/he-nan-wei-shi-4.m3u8, IPv_Type: ipv6, Location: 美国, ISP: CloudFlare Inc., Date: None, Delay: -1 ms, Speed: 0.00 M/s, Resolution: None
Name: 河南卫视, URL: http://tvcdn.stream3.hndt.com/tv/65c4a6d5017e1000b2b6ea2500000000_transios/playlist.m3u8?wsSecret=4c91504f9251e9428e9fc59d00830c88&wsTime=1771459063, IPv_Type: ipv6, Location: 加拿大, ISP: , Date: None, Delay: -1 ms, Speed: 0.00 M/s, Resolution: None
Name: 河南卫视, URL: https://t.freetv.fun/live/he-nan-wei-shi-2.php, IPv_Type: ipv6, Location: 美国, ISP: CloudFlare Inc., Date: None, Delay: -1 ms, Speed: 0.00 M/s, Resolution: None
Name: 河南卫视, URL: http://tvcdn.stream3.hndt.com/tv/65c4a6d5017e1000b2b6ea2500000000_transios/playlist.m3u8?wsSecret=ce5278a1a8d36fb5b2b9e7b5c5cadee4&wsTime=1771480737, IPv_Type: ipv6, Location: 加拿大, ISP: , Date: None, Delay: -1 ms, Speed: 0.00 M/s, Resolution: None
Name: 河南卫视, URL: http://tvcdn.stream3.hndt.com/tv/65c4a6d5017e1000b2b6ea2500000000_transios/playlist.m3u8?wsSecret=5038bdb6b0cda046a8f33b4a1ef15f07&wsTime=1771545671, IPv_Type: ipv6, Location: 加拿大, ISP: , Date: None, Delay: -1 ms, Speed: 0.00 M/s, Resolution: None
Name: 河南卫视, URL: http://tvcdn.stream3.hndt.com/tv/65c4a6d5017e1000b2b6ea2500000000_transios/playlist.m3u8?wsSecret=194b2b7997fce804f6c0ea4b6171dcec&wsTime=1771567146, IPv_Type: ipv6, Location: 加拿大, ISP: , Date: None, Delay: -1 ms, Speed: 0.00 M/s, Resolution: None
Name: 河南卫视, URL: http://tvcdn.stream3.hndt.com/tv/65c4a6d5017e1000b2b6ea2500000000_transios/playlist.m3u8?wsSecret=4e12956e34d26044983d19dec56085f4&wsTime=1771632041, IPv_Type: ipv6, Location: 加拿大, ISP: , Date: None, Delay: -1 ms, Speed: 0.00 M/s, Resolution: None
Name: 河南卫视, URL: http://tvcdn.stream3.hndt.com/tv/65c4a6d5017e1000b2b6ea2500000000_transios/playlist.m3u8?wsSecret=4ae631f38fe74f6c17a24a9b0c9f1097&wsTime=1771653520, IPv_Type: ipv6, Location: 加拿大, ISP: , Date: None, Delay: -1 ms, Speed: 0.00 M/s, Resolution: None
Name: 河南卫视, URL: http://tvcdn.stream3.hndt.com/tv/65c4a6d5017e1000b2b6ea2500000000_transios/playlist.m3u8?wsSecret=32da243f8a4c1f8991236ba700ce8c70&wsTime=1771739963, IPv_Type: ipv6, Location: 加拿大, ISP: , Date: None, Delay: -1 ms, Speed: 0.00 M/s, Resolution: None
Name: 河南卫视, URL: http://tvcdn.stream3.hndt.com/tv/65c4a6d5017e1000b2b6ea2500000000_transios/playlist.m3u8?wsSecret=a091b8f8c4878ad22216baa295e956bc&wsTime=1771819147, IPv_Type: ipv6, Location: 加拿大, ISP: , Date: None, Delay: -1 ms, Speed: 0.00 M/s, Resolution: None
Name: 河南卫视, URL: http://tvcdn.stream3.hndt.com/tv/65c4a6d5017e1000b2b6ea2500000000_transios/playlist.m3u8?wsSecret=98cee45510a16367b95a1e7545840efa&wsTime=1771912775, IPv_Type: ipv6, Location: 加拿大, ISP: , Date: None, Delay: -1 ms, Speed: 0.00 M/s, Resolution: None
Name: 河南卫视, URL: https://t.freetv.fun/live/he-nan-wei-shi-13.php, IPv_Type: ipv6, Location: 美国, ISP: CloudFlare Inc., Date: None, Delay: -1 ms, Speed: 0.00 M/s, Resolution: None
Name: 河南卫视, URL: http://tvcdn.stream3.hndt.com/tv/65c4a6d5017e1000b2b6ea2500000000_transios/playlist.m3u8?wsSecret=e8a1b498f8a613f661c799064746c435&wsTime=1771977501, IPv_Type: ipv6, Location: 加拿大, ISP: , Date: None, Delay: -1 ms, Speed: 0.00 M/s, Resolution: None
Name: 河南卫视, URL: https://t.freetv.fun/live/he-nan-wei-shi-1.php, IPv_Type: ipv6, Location: 美国, ISP: CloudFlare Inc., Date: None, Delay: -1 ms, Speed: 0.00 M/s, Resolution: None
Name: 河南卫视, URL: http://tvcdn.stream3.hndt.com/tv/65c4a6d5017e1000b2b6ea2500000000_transios/playlist.m3u8?wsSecret=a41218396d13a1d0a6b99c96c62e7fc3&wsTime=1771999214, IPv_Type: ipv6, Location: 加拿大, ISP: , Date: None, Delay: -1 ms, Speed: 0.00 M/s, Resolution: None
Name: 河南卫视, URL: http://[2409:8087:1a01:df::4077]:80/ottrrs.hl.chinamobile.com/PLTV/88888888/8/3221226320/index.m3u8, IPv_Type: ipv6, Location: 中国, ISP: 中国移动, Date: None, Delay: -1 ms, Speed: 0.00 M/s, Resolution: None
Name: 河南卫视, URL: http://[2409:8087:1a01:df::7005]:80/ottrrs.hl.chinamobile.com/PLTV/88888888/224/3221226480/index.m3u8, IPv_Type: ipv6, Location: 中国, ISP: 中国移动, Date: None, Delay: -1 ms, Speed: 0.00 M/s, Resolution: None
Name: 河南卫视, URL: http://38.75.136.137:98/gslb/dsdqpub/hawshd.m3u8?auth=testpub, IPv_Type: ipv4, Location: 美国-哥伦比亚特区-哥伦比亚特区, ISP: Cogent, Date: None, Delay: 566 ms, Speed: 6.72 M/s, Resolution: 1920x1080
Name: 河南卫视, URL: http://1.94.31.214/php/hntv.php?id=hnws, IPv_Type: ipv4, Location: 中国-上海-上海, ISP: 华为云, Date: None, Delay: 91 ms, Speed: 6.08 M/s, Resolution: 1920x1080
Name: 黑龙江卫视, URL: http://api.kkitv.itv888.cn:8080/hls/2a24lcvser/index.m3u8, IPv_Type: ipv6, Location: 美国, ISP: CloudFlare Inc., Date: None, Delay: -1 ms, Speed: 0.00 M/s, Resolution: None
Name: 黑龙江卫视, URL: https://iptv.catvod.com/catvod.php?id=hljws, IPv_Type: ipv6, Location: 美国, ISP: CloudFlare Inc., Date: None, Delay: -1 ms, Speed: 0.00 M/s, Resolution: None
Name: 黑龙江卫视, URL: http://iptv.huuc.edu.cn/hls/hljhd.m3u8, IPv_Type: ipv6, Location: 中国, ISP: 教育网, Date: None, Delay: -1 ms, Speed: 0.00 M/s, Resolution: None
Name: 黑龙江卫视, URL: https://iptv.catvod.com/live.php?id=%E9%BB%91%E9%BE%99%E6%B1%9F%E5%8D%AB%E8%A7%86&line=2, IPv_Type: ipv6, Location: 美国, ISP: CloudFlare Inc., Date: None, Delay: -1 ms, Speed: 0.00 M/s, Resolution: None
Name: 黑龙江卫视, URL: https://iptv.catvod.com/live.php?id=%E9%BB%91%E9%BE%99%E6%B1%9F%E5%8D%AB%E8%A7%86&line=5, IPv_Type: ipv6, Location: 美国, ISP: CloudFlare Inc., Date: None, Delay: -1 ms, Speed: 0.00 M/s, Resolution: None
Name: 黑龙江卫视, URL: https://iptv.catvod.com/live.php?id=%E9%BB%91%E9%BE%99%E6%B1%9F%E5%8D%AB%E8%A7%86&line=4, IPv_Type: ipv6, Location: 美国, ISP: CloudFlare Inc., Date: None, Delay: -1 ms, Speed: 0.00 M/s, Resolution: None
Name: 黑龙江卫视, URL: https://iptv.catvod.com/live.php?id=%E9%BB%91%E9%BE%99%E6%B1%9F%E5%8D%AB%E8%A7%86, IPv_Type: ipv6, Location: 美国, ISP: CloudFlare Inc., Date: None, Delay: -1 ms, Speed: 0.00 M/s, Resolution: None
Name: 黑龙江卫视, URL: https://iptv.catvod.com/live.php?id=%E9%BB%91%E9%BE%99%E6%B1%9F%E5%8D%AB%E8%A7%86&line=1, IPv_Type: ipv6, Location: 美国, ISP: CloudFlare Inc., Date: None, Delay: -1 ms, Speed: 0.00 M/s, Resolution: None
Name: 黑龙江卫视, URL: http://l.cztvcloud.com/channels/lantian/SXyuyao3/720p.m3u8, IPv_Type: ipv6, Location: 中国, ISP: 中国电信, Date: None, Delay: -1 ms, Speed: 0.00 M/s, Resolution: None
Name: 黑龙江卫视, URL: http://[2409:8087:1a15:10d1::33]/ottrrs.hl.chinamobile.com/PLTV/88888888/224/3221226327/index.m3u8, IPv_Type: ipv6, Location: 中国, ISP: 中国移动, Date: None, Delay: -1 ms, Speed: 0.00 M/s, Resolution: None
Name: 黑龙江卫视, URL: https://epg.pw/stream/c6c1262d0b35e59eac22bf513395f00f8b60cc5eab41f598412cdf8269312f32.m3u8, IPv_Type: ipv6, Location: 美国, ISP: CloudFlare Inc., Date: None, Delay: -1 ms, Speed: 0.00 M/s, Resolution: None
Name: 黑龙江卫视, URL: https://hls-gateway.vpstv.net/streams/708854.m3u8, IPv_Type: ipv6, Location: 美国, ISP: CloudFlare Inc., Date: None, Delay: -1 ms, Speed: 0.00 M/s, Resolution: None
Name: 黑龙江卫视, URL: http://[2409:8087:8:21::18]:6610/otttv.bj.chinamobile.com/PLTV/88888888/224/3221226965/1.m3u8?GuardEncType=2&accountinfo=%7E%7EV2.0%7E7UiKL56-L86ihmTWaZ6csw%7EtP4-l0lmSfjwLWEfK_el1vH_mv-s1zo4AQJwdedaVwG9xkuFTDg8J26cwOrNJzn20BErrHdLhuZ9EzLUCD3PMW-OMx4MGteHV2vLeW6BqoY%2CEND, IPv_Type: ipv6, Location: 中国, ISP: 中国移动, Date: None, Delay: -1 ms, Speed: 0.00 M/s, Resolution: None
Name: 黑龙江卫视, URL: http://[2409:8087:1a01:df::4077]/ottrrs.hl.chinamobile.com/PLTV/88888888/224/3221226327/index.m3u8, IPv_Type: ipv6, Location: 中国, ISP: 中国移动, Date: None, Delay: -1 ms, Speed: 0.00 M/s, Resolution: None
Name: 黑龙江卫视, URL: http://[2409:8087:1a01:df::4077]:80/ottrrs.hl.chinamobile.com/PLTV/88888888/224/3221226327/index.m3u8, IPv_Type: ipv6, Location: 中国, ISP: 中国移动, Date: None, Delay: -1 ms, Speed: 0.00 M/s, Resolution: None
Name: 黑龙江卫视, URL: http://[2409:8087:1a01:df::4001]/ottrrs.hl.chinamobile.com/PLTV/88888888/224/3221226327/1.m3u8, IPv_Type: ipv6, Location: 中国, ISP: 中国移动, Date: None, Delay: -1 ms, Speed: 0.00 M/s, Resolution: None
Name: 黑龙江卫视, URL: http://[2409:8087:1a01:df::4077]:80/ottrrs.hl.chinamobile.com/PLTV/88888888/8/3221226327/index.m3u8, IPv_Type: ipv6, Location: 中国, ISP: 中国移动, Date: None, Delay: -1 ms, Speed: 0.00 M/s, Resolution: None
Name: 黑龙江卫视, URL: http://[2409:8087:1a01:df::4001]:80/ottrrs.hl.chinamobile.com/PLTV/88888888/224/3221226327/index.m3u8, IPv_Type: ipv6, Location: 中国, ISP: 中国移动, Date: None, Delay: -1 ms, Speed: 0.00 M/s, Resolution: None
Name: 黑龙江卫视, URL: http://[2409:8087:1a01:df::4077]/ottrrs.hl.chinamobile.com/yinhe/88888888/8/3221226327/index.m3u8, IPv_Type: ipv6, Location: 中国, ISP: 中国移动, Date: None, Delay: -1 ms, Speed: 0.00 M/s, Resolution: None
Name: 黑龙江卫视, URL: http://[2409:8087:1a01:df::4077]/ottrrs.hl.chinamobile.com/PLTV/88888888/8/3221226327/index.m3u8, IPv_Type: ipv6, Location: 中国, ISP: 中国移动, Date: None, Delay: -1 ms, Speed: 0.00 M/s, Resolution: None
Name: 黑龙江卫视, URL: http://[2409:8087:4c0a:22:1::11]:6410/170000001115/UmaiCHAN181356BESTVSMGSMG/index.m3u8, IPv_Type: ipv6, Location: 中国, ISP: 中国移动, Date: None, Delay: -1 ms, Speed: 0.00 M/s, Resolution: None
Name: 黑龙江卫视, URL: http://[2409:8087:74f0:22::6]:6410/270000001128/9900000521/index.m3u8, IPv_Type: ipv6, Location: 中国, ISP: 中国移动, Date: None, Delay: -1 ms, Speed: 0.00 M/s, Resolution: None
Name: 黑龙江卫视, URL: http://[2409:8087:1a01:df::4077]/ottrrs.hl.chinamobile.com/PLTV/88888888/224/3221225799/index.m3u8, IPv_Type: ipv6, Location: 中国, ISP: 中国移动, Date: None, Delay: -1 ms, Speed: 0.00 M/s, Resolution: None
Name: 黑龙江卫视, URL: http://[2409:8087:1a01:df::7005]/ottrrs.hl.chinamobile.com/PLTV/88888888/224/3221226327/index.m3u8, IPv_Type: ipv6, Location: 中国, ISP: 中国移动, Date: None, Delay: -1 ms, Speed: 0.00 M/s, Resolution: None
Name: 黑龙江卫视, URL: http://[2409:8087:1a01:df::7005]:80/ottrrs.hl.chinamobile.com/PLTV/88888888/224/3221226327/index.m3u8, IPv_Type: ipv6, Location: 中国, ISP: 中国移动, Date: None, Delay: -1 ms, Speed: 0.00 M/s, Resolution: None
Name: 黑龙江卫视, URL: http://[2409:8087:5e00:24::1e]:6060/200000001898/460000089800010056/1.m3u8, IPv_Type: ipv6, Location: 中国, ISP: 中国移动, Date: None, Delay: -1 ms, Speed: 0.00 M/s, Resolution: None
Name: 黑龙江卫视, URL: https://t.freetv.fun/live/hei-long-jiang-wei-shi-8.php, IPv_Type: ipv6, Location: 美国, ISP: CloudFlare Inc., Date: None, Delay: -1 ms, Speed: 0.00 M/s, Resolution: None
Name: 黑龙江卫视, URL: https://t.freetv.fun/live/hei-long-jiang-wei-shi-3.m3u8, IPv_Type: ipv6, Location: 美国, ISP: CloudFlare Inc., Date: None, Delay: -1 ms, Speed: 0.00 M/s, Resolution: None
Name: 黑龙江卫视, URL: https://t.freetv.fun/live/hei-long-jiang-wei-shi-10.php, IPv_Type: ipv6, Location: 美国, ISP: CloudFlare Inc., Date: None, Delay: -1 ms, Speed: 0.00 M/s, Resolution: None
Name: 黑龙江卫视, URL: http://[2409:8087:1a01:df::4077]:80/ottrrs.hl.chinamobile.com/yinhe/88888888/8/3221226327/index.m3u8, IPv_Type: ipv6, Location: 中国, ISP: 中国移动, Date: None, Delay: -1 ms, Speed: 0.00 M/s, Resolution: None
Name: 黑龙江卫视, URL: http://drive.mxmy.net:8888/udp/239.3.1.133:8016, IPv_Type: ipv4, Location: 中国-北京-北京, ISP: 联通, Date: None, Delay: 507 ms, Speed: 0.00 M/s, Resolution: 1920x1080
Name: 湖北卫视, URL: http://api.kkitv.itv888.cn:8080/hls/qwummpaoaq/index.m3u8, IPv_Type: ipv6, Location: 美国, ISP: CloudFlare Inc., Date: None, Delay: -1 ms, Speed: 0.00 M/s, Resolution: None
Name: 湖北卫视, URL: https://iptv.catvod.com/catvod.php?id=hubws, IPv_Type: ipv6, Location: 美国, ISP: CloudFlare Inc., Date: None, Delay: -1 ms, Speed: 0.00 M/s, Resolution: None
Name: 湖北卫视, URL: http://iptv.huuc.edu.cn/hls/hbhd.m3u8, IPv_Type: ipv6, Location: 中国, ISP: 教育网, Date: None, Delay: -1 ms, Speed: 0.00 M/s, Resolution: None
Name: 湖北卫视, URL: https://migu.188766.xyz/?migutoken=c611c97de49921fcd01eae69e52c5bf9&id=%E6%B9%96%E5%8C%97%E5%8D%AB%E8%A7%86&type=yy, IPv_Type: ipv6, Location: 美国, ISP: CloudFlare Inc., Date: None, Delay: -1 ms, Speed: 0.00 M/s, Resolution: None
Name: 湖北卫视, URL: https://iptv.catvod.com/live.php?id=%E6%B9%96%E5%8C%97%E5%8D%AB%E8%A7%86&line=2, IPv_Type: ipv6, Location: 美国, ISP: CloudFlare Inc., Date: None, Delay: -1 ms, Speed: 0.00 M/s, Resolution: None
Name: 湖北卫视, URL: https://iptv.catvod.com/live.php?id=%E6%B9%96%E5%8C%97%E5%8D%AB%E8%A7%86&line=1, IPv_Type: ipv6, Location: 美国, ISP: CloudFlare Inc., Date: None, Delay: -1 ms, Speed: 0.00 M/s, Resolution: None
Name: 湖北卫视, URL: https://iptv.catvod.com/live.php?id=%E6%B9%96%E5%8C%97%E5%8D%AB%E8%A7%86&line=3, IPv_Type: ipv6, Location: 美国, ISP: CloudFlare Inc., Date: None, Delay: -1 ms, Speed: 0.00 M/s, Resolution: None
Name: 湖北卫视, URL: https://mgtv.ottiptv.cc/mg/947472496.m3u8?userid=5559462299&sign=2bb6fae26254fa93ffd1a22cfcc1ec9d0c55564365c40d80ce47e1548db12f6eaee123ecffff7bdcee80739ebf5c4ea0afd07157fb90961aee7b793d0ee8d1f03442c2fc09aca8af852d18568a588a7eea&auth_token=1b99577efa5a3442ca4c7820d6e0b4e8, IPv_Type: ipv6, Location: 美国, ISP: Oracle Corporation, Date: None, Delay: -1 ms, Speed: 0.00 M/s, Resolution: None
Name: 湖北卫视, URL: http://[2409:8087:1a15:10d1::36]/ottrrs.hl.chinamobile.com/PLTV/88888888/224/3221225627/index.m3u8, IPv_Type: ipv6, Location: 中国, ISP: 中国移动, Date: None, Delay: -1 ms, Speed: 0.00 M/s, Resolution: None
Name: 湖北卫视, URL: https://hls-gateway.vpstv.net/streams/476198.m3u8, IPv_Type: ipv6, Location: 美国, ISP: CloudFlare Inc., Date: None, Delay: -1 ms, Speed: 0.00 M/s, Resolution: None
Name: 湖北卫视, URL: http://[2409:8087:8:21::18]:6610/otttv.bj.chinamobile.com/PLTV/88888888/224/3221226952/1.m3u8?GuardEncType=2&accountinfo=%7E%7EV2.0%7EREB40lnZnCEwjRy7LZuhIQ%7EtP4-l0lmSfjwLWEfK_el1vH_mv-s1zo4AQJwdedaVwG9xkuFTDg8J26cwOrNJzn20BErrHdLhuZ9EzLUCD3PMW-OMx4MGteHV2vLeW6BqoY%2CEND, IPv_Type: ipv6, Location: 中国, ISP: 中国移动, Date: None, Delay: -1 ms, Speed: 0.00 M/s, Resolution: None
Name: 湖北卫视, URL: http://[2409:8087:1a01:df::4077]/ottrrs.hl.chinamobile.com/PLTV/88888888/8/3221226501/index.m3u8, IPv_Type: ipv6, Location: 中国, ISP: 中国移动, Date: None, Delay: -1 ms, Speed: 0.00 M/s, Resolution: None
Name: 湖北卫视, URL: http://wouu.net:9977/udp/239.93.0.250:5140, IPv_Type: ipv6, Location: 保留地址, ISP: 主机之间的链路本地地址, Date: None, Delay: -1 ms, Speed: 0.00 M/s, Resolution: None
Name: 湖北卫视, URL: http://[2409:8087:1a01:df::4077]:80/ottrrs.hl.chinamobile.com/PLTV/88888888/8/3221226477/index.m3u8, IPv_Type: ipv6, Location: 中国, ISP: 中国移动, Date: None, Delay: -1 ms, Speed: 0.00 M/s, Resolution: None
Name: 湖北卫视, URL: http://[2409:8087:1a01:df::4077]/ottrrs.hl.chinamobile.com/PLTV/88888888/8/3221226477/index.m3u8, IPv_Type: ipv6, Location: 中国, ISP: 中国移动, Date: None, Delay: -1 ms, Speed: 0.00 M/s, Resolution: None
Name: 湖北卫视, URL: http://[2409:8087:1a01:df::4077]/ottrrs.hl.chinamobile.com/PLTV/88888888/224/3221226477/index.m3u8, IPv_Type: ipv6, Location: 中国, ISP: 中国移动, Date: None, Delay: -1 ms, Speed: 0.00 M/s, Resolution: None
Name: 湖北卫视, URL: http://[2409:8087:1a01:df::4077]:80/ottrrs.hl.chinamobile.com/PLTV/88888888/8/3221226501/index.m3u8, IPv_Type: ipv6, Location: 中国, ISP: 中国移动, Date: None, Delay: -1 ms, Speed: 0.00 M/s, Resolution: None
Name: 湖北卫视, URL: http://[2409:8087:1a01:df::4077]:80/ottrrs.hl.chinamobile.com/PLTV/88888888/224/3221226477/index.m3u8, IPv_Type: ipv6, Location: 中国, ISP: 中国移动, Date: None, Delay: -1 ms, Speed: 0.00 M/s, Resolution: None
Name: 湖北卫视, URL: https://www.freetv.top/migu/947472496.m3u8?migutoken=9bd305703117b6f1a9c2173244447e842908f2aec928c6d2a88e48e161877e502a2098f1870813f7673be0b35489dee17429bc5f241b1b21992b87b9e55379238e1a0cfe388465efacb4a6f6af, IPv_Type: ipv6, Location: 美国, ISP: Oracle Corporation, Date: None, Delay: -1 ms, Speed: 0.00 M/s, Resolution: None
Name: 湖北卫视, URL: https://www.freetv.top/migu/947472496.m3u8?migutoken=c56229d02181e89502a31fa68a1d48da87a7d6a4964ef5258a8a1d13184947ea319f3785d758e1ca848971c9971b1300f65292cde26f5cb2902c9b103ac517b75c65bb0f9261dd650e6d2eab3b, IPv_Type: ipv6, Location: 美国, ISP: Oracle Corporation, Date: None, Delay: -1 ms, Speed: 0.00 M/s, Resolution: None
Name: 湖北卫视, URL: http://3501776.xyz:35455/itv/1000000005000265023.m3u8?cdn=ystenlive, IPv_Type: ipv6, Location: 中国, ISP: 中国电信, Date: None, Delay: -1 ms, Speed: 0.00 M/s, Resolution: None
Name: 湖北卫视, URL: https://www.freetv.top/migu/947472496.m3u8?migutoken=6e75d82b1b232311c23771e74b407d98c985d05aa880e338100643456110a36f1f29adbc71e79dc1f8a732de02c1b7718c9c67890b0409f2eea4bb084ad1c64ab326df0581b1d3eec95dc7e6b8, IPv_Type: ipv6, Location: 美国, ISP: Oracle Corporation, Date: None, Delay: -1 ms, Speed: 0.00 M/s, Resolution: None
Name: 湖北卫视, URL: https://www.freetv.top/migu/947472496.m3u8?migutoken=d03fbc587528cd8db150889a8b7ccf82908a9ac1d12b60856ea83f94571aa02a9fd49519a652c6266e3f3c051465858f993daed973086f14e768ebb5a9441e4875111e85555c315b0f30f9a1c2, IPv_Type: ipv6, Location: 美国, ISP: Oracle Corporation, Date: None, Delay: -1 ms, Speed: 0.00 M/s, Resolution: None
Name: 湖北卫视, URL: https://www.freetv.top/migu/947472496.m3u8?migutoken=a0d3d4746f5f5ebc6256858260e7fbf0e8dcad5d53c1d3fdc9b21b845c2c11c156749647c986b592ae976e73ce070a3bf2041defd1e589e279ae7901816a6fe090249e848895b790bd8789823d, IPv_Type: ipv6, Location: 美国, ISP: Oracle Corporation, Date: None, Delay: -1 ms, Speed: 0.00 M/s, Resolution: None
Name: 湖北卫视, URL: https://www.freetv.top/migu/947472496.m3u8?migutoken=9e0b6e23bb7725ae05db38e94560710be0065754e80ee0fe715dae0c732fefe350b5f8d87d396729f775bdbbff23ab9be7803bc3259bbcf04aeb009ddf7ef6cc8c478a5721202f4e2a0946836a, IPv_Type: ipv6, Location: 美国, ISP: Oracle Corporation, Date: None, Delay: -1 ms, Speed: 0.00 M/s, Resolution: None
Name: 湖北卫视, URL: http://[2409:8087:74f0:22::5]:6410/270000001128/9900000522/index.m3u8, IPv_Type: ipv6, Location: 中国, ISP: 中国移动, Date: None, Delay: -1 ms, Speed: 0.00 M/s, Resolution: None
Name: 湖北卫视, URL: http://[2409:8087:1a01:df::7005]/ottrrs.hl.chinamobile.com/PLTV/88888888/224/3221226477/index.m3u8, IPv_Type: ipv6, Location: 中国, ISP: 中国移动, Date: None, Delay: -1 ms, Speed: 0.00 M/s, Resolution: None
Name: 湖北卫视, URL: http://[2409:8087:1a01:df::7005]:80/ottrrs.hl.chinamobile.com/PLTV/88888888/224/3221226477/index.m3u8, IPv_Type: ipv6, Location: 中国, ISP: 中国移动, Date: None, Delay: -1 ms, Speed: 0.00 M/s, Resolution: None
Name: 湖北卫视, URL: http://[2409:8087:5e00:24::1e]:6060/200000001898/460000089800010057/1.m3u8, IPv_Type: ipv6, Location: 中国, ISP: 中国移动, Date: None, Delay: -1 ms, Speed: 0.00 M/s, Resolution: None
Name: 湖北卫视, URL: https://t.freetv.fun/live/hu-bei-wei-shi-2.php, IPv_Type: ipv6, Location: 美国, ISP: CloudFlare Inc., Date: None, Delay: -1 ms, Speed: 0.00 M/s, Resolution: None
Name: 湖北卫视, URL: https://t.freetv.fun/live/hu-bei-wei-shi-4.php, IPv_Type: ipv6, Location: 美国, ISP: CloudFlare Inc., Date: None, Delay: -1 ms, Speed: 0.00 M/s, Resolution: None
Name: 湖北卫视, URL: https://t.freetv.fun/live/hu-bei-wei-shi.m3u8, IPv_Type: ipv6, Location: 美国, ISP: CloudFlare Inc., Date: None, Delay: -1 ms, Speed: 0.00 M/s, Resolution: None
Name: 湖北卫视, URL: http://38.75.136.137:98/gslb/dsdqpub/hbwshd.m3u8?auth=testpub, IPv_Type: ipv4, Location: 美国-哥伦比亚特区-哥伦比亚特区, ISP: Cogent, Date: None, Delay: 803 ms, Speed: 3.23 M/s, Resolution: 1920x1080
Name: 湖北卫视, URL: http://www.745612.xyz:7788/rtp/235.254.198.72:1564, IPv_Type: ipv4, Location: 中国-重庆-重庆, ISP: 电信, Date: None, Delay: 1678 ms, Speed: 0.06 M/s, Resolution: 1920x1080
Name: 湖北卫视, URL: http://drive.mxmy.net:8888/udp/239.3.1.138:8044, IPv_Type: ipv4, Location: 中国-北京-北京, ISP: 联通, Date: None, Delay: 493 ms, Speed: 0.05 M/s, Resolution: 1920x1080
Name: 湖南卫视, URL: https://hlsbkmgsplive.miguvideo.com/wd-hunanhd-2500/01.m3u8?&HlsSubType=&encrypt=, IPv_Type: ipv6, Location: 中国, ISP: 中国移动, Date: None, Delay: -1 ms, Speed: 0.00 M/s, Resolution: None
Name: 湖南卫视, URL: https://hlsbkmgsplive.miguvideo.com/wd-hunanhd-1200/01.m3u8?&HlsSubType=&encrypt=, IPv_Type: ipv6, Location: 中国, ISP: 中国移动, Date: None, Delay: -1 ms, Speed: 0.00 M/s, Resolution: None
Name: 湖南卫视, URL: http://api.kkitv.itv888.cn:8080/hls/hoxiunz7ce/index.m3u8, IPv_Type: ipv6, Location: 美国, ISP: CloudFlare Inc., Date: None, Delay: -1 ms, Speed: 0.00 M/s, Resolution: None
Name: 湖南卫视, URL: https://iptv.catvod.com/catvod.php?id=hunws, IPv_Type: ipv6, Location: 美国, ISP: CloudFlare Inc., Date: None, Delay: -1 ms, Speed: 0.00 M/s, Resolution: None
Name: 湖南卫视, URL: http://iptv.huuc.edu.cn/hls/hunanhd.m3u8, IPv_Type: ipv6, Location: 中国, ISP: 教育网, Date: None, Delay: -1 ms, Speed: 0.00 M/s, Resolution: None
Name: 湖南卫视, URL: https://migu.188766.xyz/?migutoken=68e6ef52ff4e3fd69b195669c056e31d&id=hnws&type=sz, IPv_Type: ipv6, Location: 美国, ISP: CloudFlare Inc., Date: None, Delay: -1 ms, Speed: 0.00 M/s, Resolution: None
Name: 湖南卫视, URL: https://iptv.catvod.com/live.php?id=%E6%B9%96%E5%8D%97%E5%8D%AB%E8%A7%86, IPv_Type: ipv6, Location: 美国, ISP: CloudFlare Inc., Date: None, Delay: -1 ms, Speed: 0.00 M/s, Resolution: None
Name: 湖南卫视, URL: https://iptv.catvod.com/live.php?id=%E6%B9%96%E5%8D%97%E5%8D%AB%E8%A7%86&line=3, IPv_Type: ipv6, Location: 美国, ISP: CloudFlare Inc., Date: None, Delay: -1 ms, Speed: 0.00 M/s, Resolution: None
Name: 湖南卫视, URL: https://iptv.catvod.com/live.php?id=%E6%B9%96%E5%8D%97%E5%8D%AB%E8%A7%86&line=1, IPv_Type: ipv6, Location: 美国, ISP: CloudFlare Inc., Date: None, Delay: -1 ms, Speed: 0.00 M/s, Resolution: None
Name: 湖南卫视, URL: http://[2409:8087:1a15:10d1::35]/ottrrs.hl.chinamobile.com/PLTV/88888888/224/3221225610/index.m3u8, IPv_Type: ipv6, Location: 中国, ISP: 中国移动, Date: None, Delay: -1 ms, Speed: 0.00 M/s, Resolution: None
Name: 湖南卫视, URL: https://hls-gateway.vpstv.net/streams/476904.m3u8, IPv_Type: ipv6, Location: 美国, ISP: CloudFlare Inc., Date: None, Delay: -1 ms, Speed: 0.00 M/s, Resolution: None
Name: 湖南卫视, URL: http://[2409:8087:8:21::18]:6610/otttv.bj.chinamobile.com/PLTV/88888888/224/3221226509/1.m3u8?zoneoffset=480&servicetype=1&icpid=&limitflux=-1&limitdur=-1&tenantId=8601&accountinfo=%7E%7EV2.0%7EIGb_ib7rnBX9_sANRKq9sg%7EpK8OKM5JoJWWbLRyLfPcUMkwWZ90MzSI9S9PDltJsYzd0ZGcS3Tkh7syciNKJa-w60mDOdwtDyoNwCx9aRgzHNH9AUREV_qvNJtXHRPzYw0%7EExtInfo9bj61dxzlMXrsixrqcFYPg%3D%3D%3A20221022013542%2C915973%2C119.123.71.209%2C20221022013542%2C10000100000000050000000003873458%2C915973%2C-1%2C0%2C1%2C%2C%2C2%2C%2C%2C%2C2%2C%2C10000100000000060000000007253514_0%2CEND&GuardEncType=2, IPv_Type: ipv6, Location: 中国, ISP: 中国移动, Date: None, Delay: -1 ms, Speed: 0.00 M/s, Resolution: None
Name: 湖南卫视, URL: http://3501776.xyz:35455/itv/1000000005000265024.m3u8?cdn=ystenlive, IPv_Type: ipv6, Location: 中国, ISP: 中国电信, Date: None, Delay: -1 ms, Speed: 0.00 M/s, Resolution: None
Name: 湖南卫视, URL: http://wouu.net:9977/udp/239.93.0.88:5140, IPv_Type: ipv6, Location: 保留地址, ISP: 主机之间的链路本地地址, Date: None, Delay: -1 ms, Speed: 0.00 M/s, Resolution: None
Name: 湖南卫视, URL: http://[2409:8087:74f0:22::5]:6410/270000001128/9900000523/index.m3u8, IPv_Type: ipv6, Location: 中国, ISP: 中国移动, Date: None, Delay: -1 ms, Speed: 0.00 M/s, Resolution: None
Name: 湖南卫视, URL: http://[2409:8087:1a01:df::7005]/ottrrs.hl.chinamobile.com/PLTV/88888888/224/3221226307/index.m3u8, IPv_Type: ipv6, Location: 中国, ISP: 中国移动, Date: None, Delay: -1 ms, Speed: 0.00 M/s, Resolution: None
Name: 湖南卫视, URL: http://[2409:8087:1a01:df::7005]:80/ottrrs.hl.chinamobile.com/PLTV/88888888/224/3221226307/index.m3u8, IPv_Type: ipv6, Location: 中国, ISP: 中国移动, Date: None, Delay: -1 ms, Speed: 0.00 M/s, Resolution: None
Name: 湖南卫视, URL: http://[2409:8087:5e00:24::1e]:6060/200000001898/460000089800010058/1.m3u8, IPv_Type: ipv6, Location: 中国, ISP: 中国移动, Date: None, Delay: -1 ms, Speed: 0.00 M/s, Resolution: None
Name: 湖南卫视, URL: https://t.freetv.fun/live/hu-nan-wei-shi.m3u8, IPv_Type: ipv6, Location: 美国, ISP: CloudFlare Inc., Date: None, Delay: -1 ms, Speed: 0.00 M/s, Resolution: None
Name: 湖南卫视, URL: https://t.freetv.fun/live/hu-nan-wei-shi-15.m3u8, IPv_Type: ipv6, Location: 美国, ISP: CloudFlare Inc., Date: None, Delay: -1 ms, Speed: 0.00 M/s, Resolution: None
Name: 湖南卫视, URL: https://t.freetv.fun/live/hu-nan-wei-shi-6.php, IPv_Type: ipv6, Location: 美国, ISP: CloudFlare Inc., Date: None, Delay: -1 ms, Speed: 0.00 M/s, Resolution: None
Name: 湖南卫视, URL: https://t.freetv.fun/live/hu-nan-wei-shi-1.m3u8, IPv_Type: ipv6, Location: 美国, ISP: CloudFlare Inc., Date: None, Delay: -1 ms, Speed: 0.00 M/s, Resolution: None
Name: 湖南卫视, URL: https://t.freetv.fun/live/hu-nan-wei-shi-9.m3u8, IPv_Type: ipv6, Location: 美国, ISP: CloudFlare Inc., Date: None, Delay: -1 ms, Speed: 0.00 M/s, Resolution: None
Name: 湖南卫视, URL: https://t.freetv.fun/live/hu-nan-wei-shi-13.m3u8, IPv_Type: ipv6, Location: 美国, ISP: CloudFlare Inc., Date: None, Delay: -1 ms, Speed: 0.00 M/s, Resolution: None
Name: 湖南卫视, URL: http://satellitepull.cnr.cn/live/wx32hunws/playlist.m3u8, IPv_Type: ipv4, Location: 美国, ISP: , Date: None, Delay: 38 ms, Speed: 2.64 M/s, Resolution: None
Name: 湖南卫视, URL: http://38.75.136.137:98/gslb/dsdqbv/hnwshd.m3u8?auth=test20251009, IPv_Type: ipv4, Location: 美国-哥伦比亚特区-哥伦比亚特区, ISP: Cogent, Date: None, Delay: 1949 ms, Speed: 2.31 M/s, Resolution: 1920x1080
Name: 湖南卫视, URL: http://69.30.246.194/live/hnws.m3u8, IPv_Type: ipv4, Location: 美国-密苏里州-杰克逊县, ISP: WholeSale互联网股份有限公司, Date: None, Delay: 6106 ms, Speed: 0.72 M/s, Resolution: 1920x1080
Name: 湖南卫视, URL: http://drive.mxmy.net:8888/udp/239.3.1.132:8012, IPv_Type: ipv4, Location: 中国-北京-北京, ISP: 联通, Date: None, Delay: 504 ms, Speed: 0.08 M/s, Resolution: 1920x1080
Name: 湖南卫视4K, URL: https://migu.188766.xyz/?migutoken=cf1f9e5bb122ca0411dc42e0c09fd99d&id=%E6%B9%96%E5%8D%97%E5%8D%AB%E8%A7%864K&pp=1, IPv_Type: ipv6, Location: 美国, ISP: CloudFlare Inc., Date: None, Delay: -1 ms, Speed: 0.00 M/s, Resolution: None
Name: 湖南卫视4K, URL: https://migu.188766.xyz/?migutoken=c710d282c030c9c3eb98ae9c6387fdcf&id=%E6%B9%96%E5%8D%97%E5%8D%AB%E8%A7%864K&pp=1, IPv_Type: ipv6, Location: 美国, ISP: CloudFlare Inc., Date: None, Delay: -1 ms, Speed: 0.00 M/s, Resolution: None
Name: 吉林卫视, URL: http://api.kkitv.itv888.cn:8080/hls/b6dl8yuvu/index.m3u, IPv_Type: ipv6, Location: 美国, ISP: CloudFlare Inc., Date: None, Delay: -1 ms, Speed: 0.00 M/s, Resolution: None
Name: 吉林卫视, URL: https://iptv.catvod.com/catvod.php?id=jlws, IPv_Type: ipv6, Location: 美国, ISP: CloudFlare Inc., Date: None, Delay: -1 ms, Speed: 0.00 M/s, Resolution: None
Name: 吉林卫视, URL: https://migu.188766.xyz/?migutoken=846ac6f8aede64bf461f8946cbee4e84&id=%E5%90%89%E6%9E%97%E5%8D%AB%E8%A7%86&type=yy, IPv_Type: ipv6, Location: 美国, ISP: CloudFlare Inc., Date: None, Delay: -1 ms, Speed: 0.00 M/s, Resolution: None
Name: 吉林卫视, URL: https://iptv.catvod.com/live.php?id=%E5%90%89%E6%9E%97%E5%8D%AB%E8%A7%86&line=5, IPv_Type: ipv6, Location: 美国, ISP: CloudFlare Inc., Date: None, Delay: -1 ms, Speed: 0.00 M/s, Resolution: None
Name: 吉林卫视, URL: https://iptv.catvod.com/live.php?id=%E5%90%89%E6%9E%97%E5%8D%AB%E8%A7%86&line=1, IPv_Type: ipv6, Location: 美国, ISP: CloudFlare Inc., Date: None, Delay: -1 ms, Speed: 0.00 M/s, Resolution: None
Name: 吉林卫视, URL: https://iptv.catvod.com/live.php?id=%E5%90%89%E6%9E%97%E5%8D%AB%E8%A7%86&line=2, IPv_Type: ipv6, Location: 美国, ISP: CloudFlare Inc., Date: None, Delay: -1 ms, Speed: 0.00 M/s, Resolution: None
Name: 吉林卫视, URL: https://iptv.catvod.com/live.php?id=%E5%90%89%E6%9E%97%E5%8D%AB%E8%A7%86&line=4, IPv_Type: ipv6, Location: 美国, ISP: CloudFlare Inc., Date: None, Delay: -1 ms, Speed: 0.00 M/s, Resolution: None
Name: 吉林卫视, URL: https://iptv.catvod.com/live.php?id=%E5%90%89%E6%9E%97%E5%8D%AB%E8%A7%86&line=6, IPv_Type: ipv6, Location: 美国, ISP: CloudFlare Inc., Date: None, Delay: -1 ms, Speed: 0.00 M/s, Resolution: None
Name: 吉林卫视, URL: https://hlsbkmgsplive.miguvideo.com/envivo_v/2018/SD/jilin/1000/01.m3u8?&HlsSubType=&encrypt=, IPv_Type: ipv6, Location: 中国, ISP: 中国移动, Date: None, Delay: -1 ms, Speed: 0.00 M/s, Resolution: None
Name: 吉林卫视, URL: https://mgtv.ottiptv.cc/mg/947472500.m3u8?userid=5559462299&sign=4cf0c158ffa7984fdce5397a3e689b48f8a4c30f940a3b107c82a050f7fc0e3e3cec2783636ae316157759aa2d735378adf16efa16cdea3f6ddee9635663b80c8477367b753e0a421188aa602e37215b49&auth_token=1b99577efa5a3442ca4c7820d6e0b4e8, IPv_Type: ipv6, Location: 美国, ISP: Oracle Corporation, Date: None, Delay: -1 ms, Speed: 0.00 M/s, Resolution: None
Name: 吉林卫视, URL: http://[2409:8087:1a15:10d1::36]/ottrrs.hl.chinamobile.com/PLTV/88888888/224/3221226397/index.m3u8, IPv_Type: ipv6, Location: 中国, ISP: 中国移动, Date: None, Delay: -1 ms, Speed: 0.00 M/s, Resolution: None
Name: 吉林卫视, URL: https://hls-gateway.vpstv.net/streams/708844.m3u8, IPv_Type: ipv6, Location: 美国, ISP: CloudFlare Inc., Date: None, Delay: -1 ms, Speed: 0.00 M/s, Resolution: None
Name: 吉林卫视, URL: http://[2409:8087:8:21::18]:6610/otttv.bj.chinamobile.com/PLTV/88888888/224/3221227015/1.m3u8?GuardEncType=2&accountinfo=%7E%7EV2.0%7EW5-3AVdwD5KlUpuA4mz7Cg%7EtP4-l0lmSfjwLWEfK_el1vH_mv-s1zo4AQJwdedaVwG9xkuFTDg8J26cwOrNJzn20BErrHdLhuZ9EzLUCD3PMW-OMx4MGteHV2vLeW6BqoY%2CEND, IPv_Type: ipv6, Location: 中国, ISP: 中国移动, Date: None, Delay: -1 ms, Speed: 0.00 M/s, Resolution: None
Name: 吉林卫视, URL: http://wouu.net:9977/udp/239.93.0.248:5140, IPv_Type: ipv6, Location: 保留地址, ISP: 主机之间的链路本地地址, Date: None, Delay: -1 ms, Speed: 0.00 M/s, Resolution: None
Name: 吉林卫视, URL: http://[2409:8087:1a01:df::4077]:80/ottrrs.hl.chinamobile.com/yinhe/88888888/8/3221226397/index.m3u8, IPv_Type: ipv6, Location: 中国, ISP: 中国移动, Date: None, Delay: -1 ms, Speed: 0.00 M/s, Resolution: None
Name: 吉林卫视, URL: http://[2409:8087:1a01:df::4077]/ottrrs.hl.chinamobile.com/PLTV/88888888/8/3221226397/index.m3u8, IPv_Type: ipv6, Location: 中国, ISP: 中国移动, Date: None, Delay: -1 ms, Speed: 0.00 M/s, Resolution: None
Name: 吉林卫视, URL: http://[2409:8087:1a01:df::4077]:80/ottrrs.hl.chinamobile.com/PLTV/88888888/8/3221226397/index.m3u8, IPv_Type: ipv6, Location: 中国, ISP: 中国移动, Date: None, Delay: -1 ms, Speed: 0.00 M/s, Resolution: None
Name: 吉林卫视, URL: https://www.freetv.top/migu/947472500.m3u8?migutoken=18d6d17bc9f6d0621b56e251449da66bb58876d41330b568d80f5262c9496615d17187c2eb3404fcf6c7110bd098cb97ef096ba5ee0db8bc36853d5e90104624843156a3bbce9cd841e94e3b54, IPv_Type: ipv6, Location: 美国, ISP: Oracle Corporation, Date: None, Delay: -1 ms, Speed: 0.00 M/s, Resolution: None
Name: 吉林卫视, URL: https://www.freetv.top/migu/947472500.m3u8?migutoken=a292c218f577586de197c309c2802e2876a0c4d88876e3c12af01684483503dd1c1a3e2137ff3bfffa8d3dc6b0d8e5b95ad98934693c2ffcc05ef7f5b37e8237aa9691b4fcb6ce0268d42fde1d, IPv_Type: ipv6, Location: 美国, ISP: Oracle Corporation, Date: None, Delay: -1 ms, Speed: 0.00 M/s, Resolution: None
Name: 吉林卫视, URL: https://www.freetv.top/migu/947472500.m3u8?migutoken=250e0383e8b670fa08b2f4aa78646ab4e9e4735bed1322cea2c819836d2dadd00594d11d905be0e507f1b6ad9c856bff9f88ecb37c73574cc468f3487c6f0a09e3d08567a7abfc02dad5cf14b7, IPv_Type: ipv6, Location: 美国, ISP: Oracle Corporation, Date: None, Delay: -1 ms, Speed: 0.00 M/s, Resolution: None
Name: 吉林卫视, URL: https://stream1.freetv.fun/c8a8b8a24ab802c58f26f0520dc40cf341fbd5811ce1ae9327f2c63e26e8fc28.m3u8, IPv_Type: ipv6, Location: 美国, ISP: CloudFlare Inc., Date: None, Delay: -1 ms, Speed: 0.00 M/s, Resolution: None
Name: 吉林卫视, URL: https://www.freetv.top/migu/947472500.m3u8?migutoken=3ea6f853b75f0ffefb45361abd4f4afde99a41c67eb1d480a3e4e1d7fb1a0dd6f93e6011475330b929d27f5b3fed5ab892298676a54c05a9741d9a11dc442899f4101d60bec353f2a25c1c2c78, IPv_Type: ipv6, Location: 美国, ISP: Oracle Corporation, Date: None, Delay: -1 ms, Speed: 0.00 M/s, Resolution: None
Name: 吉林卫视, URL: http://[2409:8087:74f0:22::5]:6410/270000001128/9900000030/index.m3u8, IPv_Type: ipv6, Location: 中国, ISP: 中国移动, Date: None, Delay: -1 ms, Speed: 0.00 M/s, Resolution: None
Name: 吉林卫视, URL: http://[2409:8087:1a01:df::7005]/ottrrs.hl.chinamobile.com/PLTV/88888888/224/3221226397/index.m3u8, IPv_Type: ipv6, Location: 中国, ISP: 中国移动, Date: None, Delay: -1 ms, Speed: 0.00 M/s, Resolution: None
Name: 吉林卫视, URL: https://t.freetv.fun/live/ji-lin-wei-shi.m3u8, IPv_Type: ipv6, Location: 美国, ISP: CloudFlare Inc., Date: None, Delay: -1 ms, Speed: 0.00 M/s, Resolution: None
Name: 吉林卫视, URL: https://t.freetv.fun/live/ji-lin-wei-shi-6.m3u8, IPv_Type: ipv6, Location: 美国, ISP: CloudFlare Inc., Date: None, Delay: -1 ms, Speed: 0.00 M/s, Resolution: None
Name: 吉林卫视, URL: https://t.freetv.fun/live/ji-lin-wei-shi-1.m3u8, IPv_Type: ipv6, Location: 美国, ISP: CloudFlare Inc., Date: None, Delay: -1 ms, Speed: 0.00 M/s, Resolution: None
Name: 吉林卫视, URL: https://t.freetv.fun/live/ji-lin-wei-shi-4.m3u8, IPv_Type: ipv6, Location: 美国, ISP: CloudFlare Inc., Date: None, Delay: -1 ms, Speed: 0.00 M/s, Resolution: None
Name: 吉林卫视, URL: https://t.freetv.fun/live/ji-lin-wei-shi-2.php, IPv_Type: ipv6, Location: 美国, ISP: CloudFlare Inc., Date: None, Delay: -1 ms, Speed: 0.00 M/s, Resolution: None
Name: 吉林卫视, URL: http://[2409:8087:1a01:df::4077]/ottrrs.hl.chinamobile.com/yinhe/88888888/8/3221226397/index.m3u8, IPv_Type: ipv6, Location: 中国, ISP: 中国移动, Date: None, Delay: -1 ms, Speed: 0.00 M/s, Resolution: None
Name: 吉林卫视, URL: http://[2409:8087:1a01:df::7005]:80/ottrrs.hl.chinamobile.com/PLTV/88888888/224/3221226397/index.m3u8, IPv_Type: ipv6, Location: 中国, ISP: 中国移动, Date: None, Delay: -1 ms, Speed: 0.00 M/s, Resolution: None
Name: 吉林卫视, URL: http://38.75.136.137:98/gslb/dsdqpub/jlwshd.m3u8?auth=testpub, IPv_Type: ipv4, Location: 美国-哥伦比亚特区-哥伦比亚特区, ISP: Cogent, Date: None, Delay: 506 ms, Speed: 7.92 M/s, Resolution: 1920x1080
Name: 江苏卫视, URL: https://hlsbkmgsplive.miguvideo.com/migu/kailu/jswshd265/55/20200407/01.m3u8?&HlsSubType=&encrypt=, IPv_Type: ipv6, Location: 中国, ISP: 中国移动, Date: None, Delay: -1 ms, Speed: 0.00 M/s, Resolution: None
Name: 江苏卫视, URL: http://api.kkitv.itv888.cn:8080/hls/g1upm1u239/index.m3u8, IPv_Type: ipv6, Location: 美国, ISP: CloudFlare Inc., Date: None, Delay: -1 ms, Speed: 0.00 M/s, Resolution: None
Name: 江苏卫视, URL: http://iptv.huuc.edu.cn/hls/jshd.m3u8, IPv_Type: ipv6, Location: 中国, ISP: 教育网, Date: None, Delay: -1 ms, Speed: 0.00 M/s, Resolution: None
Name: 江苏卫视, URL: https://migu.188766.xyz/?migutoken=b1054fe548729c27f80f09dc8e84c26c&id=%E6%B1%9F%E8%8B%8F%E5%8D%AB%E8%A7%86&type=yy, IPv_Type: ipv6, Location: 美国, ISP: CloudFlare Inc., Date: None, Delay: -1 ms, Speed: 0.00 M/s, Resolution: None
Name: 江苏卫视, URL: https://iptv.catvod.com/live.php?id=%E6%B1%9F%E8%8B%8F%E5%8D%AB%E8%A7%86&line=2, IPv_Type: ipv6, Location: 美国, ISP: CloudFlare Inc., Date: None, Delay: -1 ms, Speed: 0.00 M/s, Resolution: None
Name: 江苏卫视, URL: https://iptv.catvod.com/live.php?id=%E6%B1%9F%E8%8B%8F%E5%8D%AB%E8%A7%86&line=3, IPv_Type: ipv6, Location: 美国, ISP: CloudFlare Inc., Date: None, Delay: -1 ms, Speed: 0.00 M/s, Resolution: None
Name: 江苏卫视, URL: https://iptv.catvod.com/live.php?id=%E6%B1%9F%E8%8B%8F%E5%8D%AB%E8%A7%86&line=1, IPv_Type: ipv6, Location: 美国, ISP: CloudFlare Inc., Date: None, Delay: -1 ms, Speed: 0.00 M/s, Resolution: None
Name: 江苏卫视, URL: https://iptv.catvod.com/live.php?id=%E6%B1%9F%E8%8B%8F%E5%8D%AB%E8%A7%86&line=7, IPv_Type: ipv6, Location: 美国, ISP: CloudFlare Inc., Date: None, Delay: -1 ms, Speed: 0.00 M/s, Resolution: None
Name: 江苏卫视, URL: https://iptv.catvod.com/live.php?id=%E6%B1%9F%E8%8B%8F%E5%8D%AB%E8%A7%86&line=4, IPv_Type: ipv6, Location: 美国, ISP: CloudFlare Inc., Date: None, Delay: -1 ms, Speed: 0.00 M/s, Resolution: None
Name: 江苏卫视, URL: https://mgtv.ottiptv.cc/mg/623899368.m3u8?userid=5559462299&sign=5b4fb581f836ab0346794deb85813a62f801e5998e2c385fac2f6d3047aed45c06a8b032f9cb24edccb74a72a654adaaa298f11f6bf5b66ca82d0c8dbee16de77bccd3a530dd993e795fcb87207325f9dc&auth_token=1b99577efa5a3442ca4c7820d6e0b4e8, IPv_Type: ipv6, Location: 美国, ISP: Oracle Corporation, Date: None, Delay: -1 ms, Speed: 0.00 M/s, Resolution: None
Name: 江苏卫视, URL: http://[2409:8087:1a15:10d1::33]/ottrrs.hl.chinamobile.com/PLTV/88888888/224/3221226310/index.m3u8, IPv_Type: ipv6, Location: 中国, ISP: 中国移动, Date: None, Delay: -1 ms, Speed: 0.00 M/s, Resolution: None
Name: 江苏卫视, URL: https://hls-gateway.vpstv.net/streams/476906.m3u8, IPv_Type: ipv6, Location: 美国, ISP: CloudFlare Inc., Date: None, Delay: -1 ms, Speed: 0.00 M/s, Resolution: None
Name: 江苏卫视, URL: http://[2409:8087:8:21::18]:6610/otttv.bj.chinamobile.com/PLTV/88888888/224/3221226897/1.m3u8?GuardEncType=2&accountinfo=%7E%7EV2.0%7E0BmO6uHF7WFoTed__Xr3NQ%7EtP4-l0lmSfjwLWEfK_el1vH_mv-s1zo4AQJwdedaVwG9xkuFTDg8J26cwOrNJzn20BErrHdLhuZ9EzLUCD3PMW-OMx4MGteHV2vLeW6BqoY%2CEND, IPv_Type: ipv6, Location: 中国, ISP: 中国移动, Date: None, Delay: -1 ms, Speed: 0.00 M/s, Resolution: None
Name: 江苏卫视, URL: https://migu.188766.xyz/?migutoken=b04108956dbbcbb435f41d0293747be2&id=%E6%B1%9F%E8%8B%8F%E5%8D%AB%E8%A7%86&type=yy, IPv_Type: ipv6, Location: 美国, ISP: CloudFlare Inc., Date: None, Delay: -1 ms, Speed: 0.00 M/s, Resolution: None
Name: 江苏卫视, URL: http://wouu.net:9977/udp/239.93.0.89:5140, IPv_Type: ipv6, Location: 保留地址, ISP: 主机之间的链路本地地址, Date: None, Delay: -1 ms, Speed: 0.00 M/s, Resolution: None
Name: 江苏卫视, URL: http://[2409:8087:1a01:df::4077]/ottrrs.hl.chinamobile.com/PLTV/88888888/8/3221226310/index.m3u8, IPv_Type: ipv6, Location: 中国, ISP: 中国移动, Date: None, Delay: -1 ms, Speed: 0.00 M/s, Resolution: None
Name: 江苏卫视, URL: http://[2409:8087:1a01:df::4077]:80/ottrrs.hl.chinamobile.com/PLTV/88888888/224/3221226310/index.m3u8, IPv_Type: ipv6, Location: 中国, ISP: 中国移动, Date: None, Delay: -1 ms, Speed: 0.00 M/s, Resolution: None
Name: 江苏卫视, URL: http://[2409:8087:1a01:df::4077]/ottrrs.hl.chinamobile.com/PLTV/88888888/224/3221226310/index.m3u8, IPv_Type: ipv6, Location: 中国, ISP: 中国移动, Date: None, Delay: -1 ms, Speed: 0.00 M/s, Resolution: None
Name: 江苏卫视, URL: http://[2409:8087:1a01:df::4077]:80/ottrrs.hl.chinamobile.com/PLTV/88888888/8/3221226310/index.m3u8, IPv_Type: ipv6, Location: 中国, ISP: 中国移动, Date: None, Delay: -1 ms, Speed: 0.00 M/s, Resolution: None
Name: 江苏卫视, URL: http://[2409:8087:1a01:df::4077]:80/ottrrs.hl.chinamobile.com/yinhe/88888888/224/3221226310/index.m3u8, IPv_Type: ipv6, Location: 中国, ISP: 中国移动, Date: None, Delay: -1 ms, Speed: 0.00 M/s, Resolution: None
Name: 江苏卫视, URL: https://www.freetv.top/migu/623899368.m3u8?migutoken=49a45b3ba8201aca65a6b8be298982e4b5c80abded17ae9a45d43f576e0fabc24f849a21fff1e9653aace2fa93b5a1b13bb115f1ea22af88d87707910500a29b49881a6a8a76610a5c7c479903, IPv_Type: ipv6, Location: 美国, ISP: Oracle Corporation, Date: None, Delay: -1 ms, Speed: 0.00 M/s, Resolution: None
Name: 江苏卫视, URL: http://3501776.xyz:35455/itv/1000000005000265030.m3u8?cdn=ystenlive, IPv_Type: ipv6, Location: 中国, ISP: 中国电信, Date: None, Delay: -1 ms, Speed: 0.00 M/s, Resolution: None
Name: 江苏卫视, URL: https://www.freetv.top/migu/623899368.m3u8?migutoken=89adf8885d4f1f9dee34a4e8d60f187e5b071ac9b79001260a0b66da9027070e0b861510da93cb5190da002ca87645e63e57bada2c65f959e8ef81f693c239f194d683ba2083252bbb0caeab96, IPv_Type: ipv6, Location: 美国, ISP: Oracle Corporation, Date: None, Delay: -1 ms, Speed: 0.00 M/s, Resolution: None
Name: 江苏卫视, URL: https://www.freetv.top/migu/623899368.m3u8?migutoken=eeab3d17b63b4c7e121ca8b24be0708254418f2e6cf6a24e94e18f79f97719fcea9930b4df2add6349f47b4bbb429f376c6d63c64916f5c43cdc2c87c201be1688d9db3211827c78605443a1f0, IPv_Type: ipv6, Location: 美国, ISP: Oracle Corporation, Date: None, Delay: -1 ms, Speed: 0.00 M/s, Resolution: None
Name: 江苏卫视, URL: https://www.freetv.top/migu/623899368.m3u8?migutoken=a05a40d6e6ed59e05b38b4ebfaa76f08e8b1477802d7e984802aa4997af44caac8ccf440496662d885f70a6d35fa54f4aa876e2a834e7f5026b626fb250dcc5d14ae02fa6247c3e070d256ea39, IPv_Type: ipv6, Location: 美国, ISP: Oracle Corporation, Date: None, Delay: -1 ms, Speed: 0.00 M/s, Resolution: None
Name: 江苏卫视, URL: https://www.freetv.top/migu/623899368.m3u8?migutoken=3ec7add32f2108ed670e526f58207033f492fc81ffe6044df4e04bf88bca3cfbe3f1af7bd4fa10e5a6663f276475985da275dfa9a568feed08fbc90f40838156a2167089cb6b35aaaf231e8ae8, IPv_Type: ipv6, Location: 美国, ISP: Oracle Corporation, Date: None, Delay: -1 ms, Speed: 0.00 M/s, Resolution: None
Name: 江苏卫视, URL: https://www.freetv.top/migu/623899368.m3u8?migutoken=97c7334488eebe10f8c7b70518971ba643de7407f32f3bb9fa0a6ece2bce6efb9942dee16dfb87de86df53f96ada93dc655f3c7535b19ffce4a9f67172ff587bbab11924238b04bf91959f0cc5, IPv_Type: ipv6, Location: 美国, ISP: Oracle Corporation, Date: None, Delay: -1 ms, Speed: 0.00 M/s, Resolution: None
Name: 江苏卫视, URL: https://www.freetv.top/migu/623899368.m3u8?migutoken=ca66e6b352790e26cafbf18eb7d18109977a8f44afcc9fafcfd79a7a68f6edd137bb91043c772fd9a42724999781eff4c9ccb62eb6457e260348f7b8f07926845ccf51ebc2fc10b4fecea8272d, IPv_Type: ipv6, Location: 美国, ISP: Oracle Corporation, Date: None, Delay: -1 ms, Speed: 0.00 M/s, Resolution: None
Name: 江苏卫视, URL: https://www.freetv.top/migu/623899368.m3u8?migutoken=f1cd269b0915b27f2f0df129140c45e31211c441e8ec295cf566305c2c1d9f490e8e306f275eb4c59d97f3f033a2c75d35acaee85d3c81095ef1399e7c55e0351c61f40a24aaa0a52ccffa9041, IPv_Type: ipv6, Location: 美国, ISP: Oracle Corporation, Date: None, Delay: -1 ms, Speed: 0.00 M/s, Resolution: None
Name: 江苏卫视, URL: http://[2409:8087:74f0:22::6]:6410/270000001128/9900000524/index.m3u8, IPv_Type: ipv6, Location: 中国, ISP: 中国移动, Date: None, Delay: -1 ms, Speed: 0.00 M/s, Resolution: None
Name: 江苏卫视, URL: http://[2409:8087:1a01:df::7005]/ottrrs.hl.chinamobile.com/PLTV/88888888/224/3221226310/index.m3u8, IPv_Type: ipv6, Location: 中国, ISP: 中国移动, Date: None, Delay: -1 ms, Speed: 0.00 M/s, Resolution: None
Name: 江苏卫视, URL: http://[2409:8087:1a01:df::7005]:80/ottrrs.hl.chinamobile.com/PLTV/88888888/224/3221226310/index.m3u8, IPv_Type: ipv6, Location: 中国, ISP: 中国移动, Date: None, Delay: -1 ms, Speed: 0.00 M/s, Resolution: None
Name: 江苏卫视, URL: http://[2409:8087:5e00:24::1e]:6060/200000001898/460000089800010059/1.m3u8, IPv_Type: ipv6, Location: 中国, ISP: 中国移动, Date: None, Delay: -1 ms, Speed: 0.00 M/s, Resolution: None
Name: 江苏卫视, URL: https://t.freetv.fun/live/jiang-su-wei-shi.php, IPv_Type: ipv6, Location: 美国, ISP: CloudFlare Inc., Date: None, Delay: -1 ms, Speed: 0.00 M/s, Resolution: None
Name: 江苏卫视, URL: https://t.freetv.fun/live/jiang-su-wei-shi-5.m3u8, IPv_Type: ipv6, Location: 美国, ISP: CloudFlare Inc., Date: None, Delay: -1 ms, Speed: 0.00 M/s, Resolution: None
Name: 江苏卫视, URL: https://t.freetv.fun/live/jiang-su-wei-shi-2.m3u8, IPv_Type: ipv6, Location: 美国, ISP: CloudFlare Inc., Date: None, Delay: -1 ms, Speed: 0.00 M/s, Resolution: None
Name: 江苏卫视, URL: https://t.freetv.fun/live/jiang-su-wei-shi-7.m3u8, IPv_Type: ipv6, Location: 美国, ISP: CloudFlare Inc., Date: None, Delay: -1 ms, Speed: 0.00 M/s, Resolution: None
Name: 江苏卫视, URL: https://t.freetv.fun/live/jiang-su-wei-shi-1.m3u8, IPv_Type: ipv6, Location: 美国, ISP: CloudFlare Inc., Date: None, Delay: -1 ms, Speed: 0.00 M/s, Resolution: None
Name: 江苏卫视, URL: https://t.freetv.fun/live/jiang-su-wei-shi-3.php, IPv_Type: ipv6, Location: 美国, ISP: CloudFlare Inc., Date: None, Delay: -1 ms, Speed: 0.00 M/s, Resolution: None
Name: 江苏卫视, URL: http://[2409:8087:1a01:df::4077]/ottrrs.hl.chinamobile.com/yinhe/88888888/224/3221226310/index.m3u8, IPv_Type: ipv6, Location: 中国, ISP: 中国移动, Date: None, Delay: -1 ms, Speed: 0.00 M/s, Resolution: None
Name: 江苏卫视, URL: http://drive.mxmy.net:8888/udp/239.3.1.135:8028, IPv_Type: ipv4, Location: 中国-北京-北京, ISP: 联通, Date: None, Delay: 491 ms, Speed: 0.07 M/s, Resolution: 1920x1080
Name: 江西卫视, URL: http://api.kkitv.itv888.cn:8080/hls/pv0np60bpin/index.m3u8, IPv_Type: ipv6, Location: 美国, ISP: CloudFlare Inc., Date: None, Delay: -1 ms, Speed: 0.00 M/s, Resolution: None
Name: 江西卫视, URL: https://iptv.catvod.com/catvod.php?id=jxws, IPv_Type: ipv6, Location: 美国, ISP: CloudFlare Inc., Date: None, Delay: -1 ms, Speed: 0.00 M/s, Resolution: None
Name: 江西卫视, URL: http://iptv.huuc.edu.cn/hls/jxhd.m3u8, IPv_Type: ipv6, Location: 中国, ISP: 教育网, Date: None, Delay: -1 ms, Speed: 0.00 M/s, Resolution: None
Name: 江西卫视, URL: https://migu.188766.xyz/?migutoken=6d02f115eb56a2f0604c4c29c71e1442&id=%E6%B1%9F%E8%A5%BF%E5%8D%AB%E8%A7%86&type=yy, IPv_Type: ipv6, Location: 美国, ISP: CloudFlare Inc., Date: None, Delay: -1 ms, Speed: 0.00 M/s, Resolution: None
Name: 江西卫视, URL: https://iptv.catvod.com/live.php?id=%E6%B1%9F%E8%A5%BF%E5%8D%AB%E8%A7%86&line=3, IPv_Type: ipv6, Location: 美国, ISP: CloudFlare Inc., Date: None, Delay: -1 ms, Speed: 0.00 M/s, Resolution: None
Name: 江西卫视, URL: https://iptv.catvod.com/live.php?id=%E6%B1%9F%E8%A5%BF%E5%8D%AB%E8%A7%86&line=2, IPv_Type: ipv6, Location: 美国, ISP: CloudFlare Inc., Date: None, Delay: -1 ms, Speed: 0.00 M/s, Resolution: None
Name: 江西卫视, URL: https://iptv.catvod.com/live.php?id=%E6%B1%9F%E8%A5%BF%E5%8D%AB%E8%A7%86&line=5, IPv_Type: ipv6, Location: 美国, ISP: CloudFlare Inc., Date: None, Delay: -1 ms, Speed: 0.00 M/s, Resolution: None
Name: 江西卫视, URL: https://iptv.catvod.com/live.php?id=%E6%B1%9F%E8%A5%BF%E5%8D%AB%E8%A7%86&line=1, IPv_Type: ipv6, Location: 美国, ISP: CloudFlare Inc., Date: None, Delay: -1 ms, Speed: 0.00 M/s, Resolution: None
Name: 江西卫视, URL: https://mgtv.ottiptv.cc/mg/783847495.m3u8?userid=5559462299&sign=1cf38264c27711bd1b83f09b47dbae66a6709478f077b69d58118b21142e7b88e56f0ea3a84824a80a3e34e83319bbe48b8a98266573740c5a05f45aa243019aea1e91ca14eae25be69e036b12baae7421&auth_token=1b99577efa5a3442ca4c7820d6e0b4e8, IPv_Type: ipv6, Location: 美国, ISP: Oracle Corporation, Date: None, Delay: -1 ms, Speed: 0.00 M/s, Resolution: None
Name: 江西卫视, URL: http://[2409:8087:1a15:10d1::34]/ottrrs.hl.chinamobile.com/PLTV/88888888/224/3221226344/index.m3u8, IPv_Type: ipv6, Location: 中国, ISP: 中国移动, Date: None, Delay: -1 ms, Speed: 0.00 M/s, Resolution: None
Name: 江西卫视, URL: https://hls-gateway.vpstv.net/streams/708831.m3u8, IPv_Type: ipv6, Location: 美国, ISP: CloudFlare Inc., Date: None, Delay: -1 ms, Speed: 0.00 M/s, Resolution: None
Name: 江西卫视, URL: http://[2409:8087:8:21::18]:6610/otttv.bj.chinamobile.com/PLTV/88888888/224/3221226956/1.m3u8?GuardEncType=2&accountinfo=%7E%7EV2.0%7Ei6ZIpVizXlewg-YfGvH8dA%7EtP4-l0lmSfjwLWEfK_el1vH_mv-s1zo4AQJwdedaVwG9xkuFTDg8J26cwOrNJzn20BErrHdLhuZ9EzLUCD3PMW-OMx4MGteHV2vLeW6BqoY%2CEND, IPv_Type: ipv6, Location: 中国, ISP: 中国移动, Date: None, Delay: -1 ms, Speed: 0.00 M/s, Resolution: None
Name: 江西卫视, URL: http://wouu.net:9977/udp/239.93.0.134:5140, IPv_Type: ipv6, Location: 保留地址, ISP: 主机之间的链路本地地址, Date: None, Delay: -1 ms, Speed: 0.00 M/s, Resolution: None
Name: 江西卫视, URL: http://[2409:8087:1a01:df::4077]/ottrrs.hl.chinamobile.com/PLTV/88888888/8/3221226504/index.m3u8, IPv_Type: ipv6, Location: 中国, ISP: 中国移动, Date: None, Delay: -1 ms, Speed: 0.00 M/s, Resolution: None
Name: 江西卫视, URL: http://[2409:8087:1a01:df::4077]:80/ottrrs.hl.chinamobile.com/PLTV/88888888/8/3221226504/index.m3u8, IPv_Type: ipv6, Location: 中国, ISP: 中国移动, Date: None, Delay: -1 ms, Speed: 0.00 M/s, Resolution: None
Name: 江西卫视, URL: http://[2409:8087:1a01:df::4077]:80/ottrrs.hl.chinamobile.com/PLTV/88888888/224/3221226344/index.m3u8, IPv_Type: ipv6, Location: 中国, ISP: 中国移动, Date: None, Delay: -1 ms, Speed: 0.00 M/s, Resolution: None
Name: 江西卫视, URL: http://[2409:8087:1a01:df::4077]/ottrrs.hl.chinamobile.com/PLTV/88888888/224/3221226344/index.m3u8, IPv_Type: ipv6, Location: 中国, ISP: 中国移动, Date: None, Delay: -1 ms, Speed: 0.00 M/s, Resolution: None
Name: 江西卫视, URL: http://[2409:8087:1a01:df::4077]:80/ottrrs.hl.chinamobile.com/yinhe/88888888/224/3221226344/index.m3u8, IPv_Type: ipv6, Location: 中国, ISP: 中国移动, Date: None, Delay: -1 ms, Speed: 0.00 M/s, Resolution: None
Name: 江西卫视, URL: http://[2409:8087:1a01:df::4027]:80/TVOD/88888888/224/3221225935/main.m3u8, IPv_Type: ipv6, Location: 中国, ISP: 中国移动, Date: None, Delay: -1 ms, Speed: 0.00 M/s, Resolution: None
Name: 江西卫视, URL: http://[2409:8087:1a01:df::4077]/ottrrs.hl.chinamobile.com/yinhe/88888888/224/3221226344/index.m3u8, IPv_Type: ipv6, Location: 中国, ISP: 中国移动, Date: None, Delay: -1 ms, Speed: 0.00 M/s, Resolution: None
Name: 江西卫视, URL: http://[2409:8087:1a01:df::4077]/ottrrs.hl.chinamobile.com/PLTV/88888888/8/3221226344/index.m3u8, IPv_Type: ipv6, Location: 中国, ISP: 中国移动, Date: None, Delay: -1 ms, Speed: 0.00 M/s, Resolution: None
Name: 江西卫视, URL: https://www.freetv.top/migu/783847495.m3u8?migutoken=b9ba9e2f06ddd219a9e3fb45641a0ba5c0b22ab5904c1b10ab603b4fe2eb30b2e40fdeba589cef7e7c40db7c4a0e66c90c48110a078a361a0975dd6ca0fd0a5de4c13b2c7699d4b0013a868ab6, IPv_Type: ipv6, Location: 美国, ISP: Oracle Corporation, Date: None, Delay: -1 ms, Speed: 0.00 M/s, Resolution: None
Name: 江西卫视, URL: https://www.freetv.top/migu/783847495.m3u8?migutoken=38b42decc187cc22bb6309841b51df21f3267227cda2e6b190e60e89845ff5fc5218e399e58130d340f3843cc52bc7332faab30e83454d30c4bcd929a0f847f12972351c12fcdccb0b5bc6bd54, IPv_Type: ipv6, Location: 美国, ISP: Oracle Corporation, Date: None, Delay: -1 ms, Speed: 0.00 M/s, Resolution: None
Name: 江西卫视, URL: https://www.freetv.top/migu/783847495.m3u8?migutoken=3744a9c270a0b16bfdbf60ff4b047f6f1a0c1bbaabca5b2a5c4d2e07cd1775ea609a33d44e2e957bd52e4f42fc5000b0207a705e26b45251cc247c2c1b18d9e8b7980b7b2dc160cbfb0953f211, IPv_Type: ipv6, Location: 美国, ISP: Oracle Corporation, Date: None, Delay: -1 ms, Speed: 0.00 M/s, Resolution: None
Name: 江西卫视, URL: https://www.freetv.top/migu/783847495.m3u8?migutoken=19c37a09e888f77999095afe8ca20e57a19a0440f688dadb58c1983f9c69d28a775232128771b0ac3aa7705f3da38a91ae7aadab4019cdbf668c75eb1e31c40d081b960b979564dab3c421d3f7, IPv_Type: ipv6, Location: 美国, ISP: Oracle Corporation, Date: None, Delay: -1 ms, Speed: 0.00 M/s, Resolution: None
Name: 江西卫视, URL: https://www.freetv.top/migu/783847495.m3u8?migutoken=a3e8d180650039495772db9c034f0598699bcd1a8f5dc386eaa2c7d88903420abcbfaf48d69a26351e436e9c23fb61b8acd6b9690d2aa41f2283d57f444c9c3f1be3e8af5c2aa87d7060804394, IPv_Type: ipv6, Location: 美国, ISP: Oracle Corporation, Date: None, Delay: -1 ms, Speed: 0.00 M/s, Resolution: None
Name: 江西卫视, URL: https://www.freetv.top/migu/783847495.m3u8?migutoken=1396615ba32d01d6e6392c1f7673e2f7fa104cab1eb91ddb1891f3e3f0f0278d0391e4de3696a19b8c865d4e2187f070eb215e9aa50bd155530fa7af15a33ede7b50d2021e40f91a75835e73c6, IPv_Type: ipv6, Location: 美国, ISP: Oracle Corporation, Date: None, Delay: -1 ms, Speed: 0.00 M/s, Resolution: None
Name: 江西卫视, URL: https://www.freetv.top/migu/783847495.m3u8?migutoken=9eed7f0bec5b296058f4a9a7f44f9d5eedc6bffe7c64bc47808571ddfa75d617964a3f0bda631c7909d74535a8eaf0c94af1c4bd1b23411584a243b787c98a912c20f1bc402f28a2dc0643ff42, IPv_Type: ipv6, Location: 美国, ISP: Oracle Corporation, Date: None, Delay: -1 ms, Speed: 0.00 M/s, Resolution: None
Name: 江西卫视, URL: http://3501776.xyz:35455/itv/1000000005000265032.m3u8?cdn=ystenlive, IPv_Type: ipv6, Location: 中国, ISP: 中国电信, Date: None, Delay: -1 ms, Speed: 0.00 M/s, Resolution: None
Name: 江西卫视, URL: https://www.freetv.top/migu/783847495.m3u8?migutoken=e68adbe9de75b7e99dc3afe5aa965084775127e61b76140d0760b54c646a00fb202501f7efbf1cacd66da45725dac5db44885e0bc19831a43d79de05ef08a25bb2a4dc2d09810eb44a95952d05, IPv_Type: ipv6, Location: 美国, ISP: Oracle Corporation, Date: None, Delay: -1 ms, Speed: 0.00 M/s, Resolution: None
Name: 江西卫视, URL: https://www.freetv.top/migu/783847495.m3u8?migutoken=fddcc05dc0245329d3208607a5b1f5a1980bc31a7ced510e345af6cc68f5b86d2d9178b45706a0b6a0ceddc82ce06e53375cfedbc96fd0b00c12195c7d77b6f23811a67970bcfeb47629aa5aa6, IPv_Type: ipv6, Location: 美国, ISP: Oracle Corporation, Date: None, Delay: -1 ms, Speed: 0.00 M/s, Resolution: None
Name: 江西卫视, URL: http://[2409:8087:74f0:22::4]:6610/270000001128/9900000525/index.m3u8, IPv_Type: ipv6, Location: 中国, ISP: 中国移动, Date: None, Delay: -1 ms, Speed: 0.00 M/s, Resolution: None
Name: 江西卫视, URL: http://[2409:8087:1a01:df::7005]/ottrrs.hl.chinamobile.com/PLTV/88888888/224/3221226344/index.m3u8, IPv_Type: ipv6, Location: 中国, ISP: 中国移动, Date: None, Delay: -1 ms, Speed: 0.00 M/s, Resolution: None
Name: 江西卫视, URL: http://[2409:8087:5e00:24::1e]:6060/200000001898/460000089800010060/1.m3u8, IPv_Type: ipv6, Location: 中国, ISP: 中国移动, Date: None, Delay: -1 ms, Speed: 0.00 M/s, Resolution: None
Name: 江西卫视, URL: https://t.freetv.fun/live/jiang-xi-wei-shi-2.php, IPv_Type: ipv6, Location: 美国, ISP: CloudFlare Inc., Date: None, Delay: -1 ms, Speed: 0.00 M/s, Resolution: None
Name: 江西卫视, URL: https://t.freetv.fun/live/jiang-xi-wei-shi-4.php, IPv_Type: ipv6, Location: 美国, ISP: CloudFlare Inc., Date: None, Delay: -1 ms, Speed: 0.00 M/s, Resolution: None
Name: 江西卫视, URL: https://t.freetv.fun/live/jiang-xi-wei-shi-1.m3u8, IPv_Type: ipv6, Location: 美国, ISP: CloudFlare Inc., Date: None, Delay: -1 ms, Speed: 0.00 M/s, Resolution: None
Name: 江西卫视, URL: https://t.freetv.fun/live/jiang-xi-wei-shi-7.php, IPv_Type: ipv6, Location: 美国, ISP: CloudFlare Inc., Date: None, Delay: -1 ms, Speed: 0.00 M/s, Resolution: None
Name: 江西卫视, URL: https://t.freetv.fun/live/jiang-xi-wei-shi-3.m3u8, IPv_Type: ipv6, Location: 美国, ISP: CloudFlare Inc., Date: None, Delay: -1 ms, Speed: 0.00 M/s, Resolution: None
Name: 江西卫视, URL: https://t.freetv.fun/live/jiang-xi-wei-shi.m3u8, IPv_Type: ipv6, Location: 美国, ISP: CloudFlare Inc., Date: None, Delay: -1 ms, Speed: 0.00 M/s, Resolution: None
Name: 江西卫视, URL: http://[2409:8087:1a01:df::4077]:80/ottrrs.hl.chinamobile.com/PLTV/88888888/8/3221226344/index.m3u8, IPv_Type: ipv6, Location: 中国, ISP: 中国移动, Date: None, Delay: -1 ms, Speed: 0.00 M/s, Resolution: None
Name: 江西卫视, URL: http://[2409:8087:1a01:df::7005]:80/ottrrs.hl.chinamobile.com/PLTV/88888888/224/3221226344/index.m3u8, IPv_Type: ipv6, Location: 中国, ISP: 中国移动, Date: None, Delay: -1 ms, Speed: 0.00 M/s, Resolution: None
Name: 江西卫视, URL: http://drive.mxmy.net:8888/udp/239.3.1.123:8164, IPv_Type: ipv4, Location: 中国-北京-北京, ISP: 联通, Date: None, Delay: 499 ms, Speed: 0.01 M/s, Resolution: 1920x1080
Name: 辽宁卫视, URL: https://hlsbkmgsplive.miguvideo.com/migu/kailu/lnwshd265/54/20200407/01.m3u8?&HlsSubType=&encrypt=, IPv_Type: ipv6, Location: 中国, ISP: 中国移动, Date: None, Delay: -1 ms, Speed: 0.00 M/s, Resolution: None
Name: 辽宁卫视, URL: http://api.kkitv.itv888.cn:8080/hls/iibq0absdjr/index.m3u8, IPv_Type: ipv6, Location: 美国, ISP: CloudFlare Inc., Date: None, Delay: -1 ms, Speed: 0.00 M/s, Resolution: None
Name: 辽宁卫视, URL: https://iptv.catvod.com/catvod.php?id=lnws, IPv_Type: ipv6, Location: 美国, ISP: CloudFlare Inc., Date: None, Delay: -1 ms, Speed: 0.00 M/s, Resolution: None
Name: 辽宁卫视, URL: http://iptv.huuc.edu.cn/hls/lnhd.m3u8, IPv_Type: ipv6, Location: 中国, ISP: 教育网, Date: None, Delay: -1 ms, Speed: 0.00 M/s, Resolution: None
Name: 辽宁卫视, URL: https://migu.188766.xyz/?migutoken=f649e9998c5fe98cc7907c0fe2f28e96&id=%E8%BE%BD%E5%AE%81%E5%8D%AB%E8%A7%86&type=yy, IPv_Type: ipv6, Location: 美国, ISP: CloudFlare Inc., Date: None, Delay: -1 ms, Speed: 0.00 M/s, Resolution: None
Name: 辽宁卫视, URL: https://iptv.catvod.com/live.php?id=%E8%BE%BD%E5%AE%81%E5%8D%AB%E8%A7%86&line=1, IPv_Type: ipv6, Location: 美国, ISP: CloudFlare Inc., Date: None, Delay: -1 ms, Speed: 0.00 M/s, Resolution: None
Name: 辽宁卫视, URL: https://iptv.catvod.com/live.php?id=%E8%BE%BD%E5%AE%81%E5%8D%AB%E8%A7%86, IPv_Type: ipv6, Location: 美国, ISP: CloudFlare Inc., Date: None, Delay: -1 ms, Speed: 0.00 M/s, Resolution: None
Name: 辽宁卫视, URL: https://iptv.catvod.com/live.php?id=%E8%BE%BD%E5%AE%81%E5%8D%AB%E8%A7%86&line=2, IPv_Type: ipv6, Location: 美国, ISP: CloudFlare Inc., Date: None, Delay: -1 ms, Speed: 0.00 M/s, Resolution: None
Name: 辽宁卫视, URL: https://iptv.catvod.com/live.php?id=%E8%BE%BD%E5%AE%81%E5%8D%AB%E8%A7%86&line=3, IPv_Type: ipv6, Location: 美国, ISP: CloudFlare Inc., Date: None, Delay: -1 ms, Speed: 0.00 M/s, Resolution: None
Name: 辽宁卫视, URL: https://mgtv.ottiptv.cc/mg/630291707.m3u8?userid=5559462299&sign=00c76ad4b5c416bde971418371ef8bbe2a6d3f1743d704986102624bb42d8feb3a83c3d04b6c8b29ba8c97c491c07d3038c132b2b34334a44afbb9c5a18cf0a0c3b59039d2c77770153c0808d619ad7c84&auth_token=1b99577efa5a3442ca4c7820d6e0b4e8, IPv_Type: ipv6, Location: 美国, ISP: Oracle Corporation, Date: None, Delay: -1 ms, Speed: 0.00 M/s, Resolution: None
Name: 辽宁卫视, URL: http://[2409:8087:1a15:10d1::37]/ottrrs.hl.chinamobile.com/PLTV/88888888/224/3221226546/index.m3u8, IPv_Type: ipv6, Location: 中国, ISP: 中国移动, Date: None, Delay: -1 ms, Speed: 0.00 M/s, Resolution: None
Name: 辽宁卫视, URL: https://hls-gateway.vpstv.net/streams/708828.m3u8, IPv_Type: ipv6, Location: 美国, ISP: CloudFlare Inc., Date: None, Delay: -1 ms, Speed: 0.00 M/s, Resolution: None
Name: 辽宁卫视, URL: http://[2409:8087:8:21::18]:6610/otttv.bj.chinamobile.com/PLTV/88888888/224/3221226966/1.m3u8?GuardEncType=2&accountinfo=%7E%7EV2.0%7E6qJH8Fd-zgCGx3P-Ce86cA%7EtP4-l0lmSfjwLWEfK_el1vH_mv-s1zo4AQJwdedaVwG9xkuFTDg8J26cwOrNJzn20BErrHdLhuZ9EzLUCD3PMW-OMx4MGteHV2vLeW6BqoY%2CEND, IPv_Type: ipv6, Location: 中国, ISP: 中国移动, Date: None, Delay: -1 ms, Speed: 0.00 M/s, Resolution: None
Name: 辽宁卫视, URL: http://wouu.net:9977/udp/239.93.1.108:5140, IPv_Type: ipv6, Location: 保留地址, ISP: 主机之间的链路本地地址, Date: None, Delay: -1 ms, Speed: 0.00 M/s, Resolution: None
Name: 辽宁卫视, URL: http://[2409:8087:1a01:df::4077]/ottrrs.hl.chinamobile.com/PLTV/88888888/8/3221226254/index.m3u8, IPv_Type: ipv6, Location: 中国, ISP: 中国移动, Date: None, Delay: -1 ms, Speed: 0.00 M/s, Resolution: None
Name: 辽宁卫视, URL: https://stream1.freetv.fun/liao-zhu-wei-shi-44.m3u8, IPv_Type: ipv6, Location: 美国, ISP: CloudFlare Inc., Date: None, Delay: -1 ms, Speed: 0.00 M/s, Resolution: None
Name: 辽宁卫视, URL: https://stream1.freetv.fun/liao-zhu-wei-shi-gao-qing-2.ctv, IPv_Type: ipv6, Location: 美国, ISP: CloudFlare Inc., Date: None, Delay: -1 ms, Speed: 0.00 M/s, Resolution: None
Name: 辽宁卫视, URL: https://stream1.freetv.fun/liao-zhu-wei-shi-gao-qing-5.ctv, IPv_Type: ipv6, Location: 美国, ISP: CloudFlare Inc., Date: None, Delay: -1 ms, Speed: 0.00 M/s, Resolution: None
Name: 辽宁卫视, URL: https://stream1.freetv.fun/liao-zhu-wei-shi-gao-qing-1.m3u8, IPv_Type: ipv6, Location: 美国, ISP: CloudFlare Inc., Date: None, Delay: -1 ms, Speed: 0.00 M/s, Resolution: None
Name: 辽宁卫视, URL: https://stream1.freetv.fun/4fa75925fb00aa051c6819346628eb0cd8bafd14f8231c9166b8a5209111db07.m3u8, IPv_Type: ipv6, Location: 美国, ISP: CloudFlare Inc., Date: None, Delay: -1 ms, Speed: 0.00 M/s, Resolution: None
Name: 辽宁卫视, URL: http://[2409:8087:74f0:22::7]:6410/270000001128/9900000526/index.m3u8, IPv_Type: ipv6, Location: 中国, ISP: 中国移动, Date: None, Delay: -1 ms, Speed: 0.00 M/s, Resolution: None
Name: 辽宁卫视, URL: http://[2409:8087:1a01:df::7005]/ottrrs.hl.chinamobile.com/PLTV/88888888/224/3221226546/index.m3u8, IPv_Type: ipv6, Location: 中国, ISP: 中国移动, Date: None, Delay: -1 ms, Speed: 0.00 M/s, Resolution: None
Name: 辽宁卫视, URL: http://[2409:8087:1a01:df::7005]:80/ottrrs.hl.chinamobile.com/PLTV/88888888/224/3221226546/index.m3u8, IPv_Type: ipv6, Location: 中国, ISP: 中国移动, Date: None, Delay: -1 ms, Speed: 0.00 M/s, Resolution: None
Name: 辽宁卫视, URL: http://[2409:8087:5e00:24::1e]:6060/200000001898/460000089800010061/1.m3u8, IPv_Type: ipv6, Location: 中国, ISP: 中国移动, Date: None, Delay: -1 ms, Speed: 0.00 M/s, Resolution: None
Name: 辽宁卫视, URL: https://t.freetv.fun/live/liao-zhu-wei-shi.m3u8, IPv_Type: ipv6, Location: 美国, ISP: CloudFlare Inc., Date: None, Delay: -1 ms, Speed: 0.00 M/s, Resolution: None
Name: 辽宁卫视, URL: https://t.freetv.fun/live/liao-zhu-wei-shi-1.php, IPv_Type: ipv6, Location: 美国, ISP: CloudFlare Inc., Date: None, Delay: -1 ms, Speed: 0.00 M/s, Resolution: None
Name: 辽宁卫视, URL: https://t.freetv.fun/live/liao-zhu-wei-shi-5.m3u8, IPv_Type: ipv6, Location: 美国, ISP: CloudFlare Inc., Date: None, Delay: -1 ms, Speed: 0.00 M/s, Resolution: None
Name: 辽宁卫视, URL: http://[2409:8087:1a01:df::4077]:80/ottrrs.hl.chinamobile.com/PLTV/88888888/8/3221226254/index.m3u8, IPv_Type: ipv6, Location: 中国, ISP: 中国移动, Date: None, Delay: -1 ms, Speed: 0.00 M/s, Resolution: None
Name: 辽宁卫视, URL: http://38.75.136.137:98/gslb/dsdqpub/lnwshd.m3u8?auth=testpub, IPv_Type: ipv4, Location: 美国-哥伦比亚特区-哥伦比亚特区, ISP: Cogent, Date: None, Delay: 550 ms, Speed: 4.26 M/s, Resolution: 1920x1080
Name: 辽宁卫视, URL: http://drive.mxmy.net:8888/udp/239.3.1.210:8056, IPv_Type: ipv4, Location: 中国-北京-北京, ISP: 联通, Date: None, Delay: 499 ms, Speed: 0.08 M/s, Resolution: 1920x1080
Name: 内蒙古卫视, URL: https://iptv.catvod.com/catvod.php?id=nmws, IPv_Type: ipv6, Location: 美国, ISP: CloudFlare Inc., Date: None, Delay: -1 ms, Speed: 0.00 M/s, Resolution: None
Name: 内蒙古卫视, URL: https://migu.188766.xyz/?migutoken=f1b2895872f1e160f9ca40a13e634cd5&id=%E5%86%85%E8%92%99%E5%8F%A4%E5%8D%AB%E8%A7%86&pp=1, IPv_Type: ipv6, Location: 美国, ISP: CloudFlare Inc., Date: None, Delay: -1 ms, Speed: 0.00 M/s, Resolution: None
Name: 内蒙古卫视, URL: https://iptv.catvod.com/live.php?id=%E5%86%85%E8%92%99%E5%8F%A4%E5%8D%AB%E8%A7%86&line=3, IPv_Type: ipv6, Location: 美国, ISP: CloudFlare Inc., Date: None, Delay: -1 ms, Speed: 0.00 M/s, Resolution: None
Name: 内蒙古卫视, URL: https://iptv.catvod.com/live.php?id=%E5%86%85%E8%92%99%E5%8F%A4%E5%8D%AB%E8%A7%86, IPv_Type: ipv6, Location: 美国, ISP: CloudFlare Inc., Date: None, Delay: -1 ms, Speed: 0.00 M/s, Resolution: None
Name: 内蒙古卫视, URL: https://iptv.catvod.com/live.php?id=%E5%86%85%E8%92%99%E5%8F%A4%E5%8D%AB%E8%A7%86&line=2, IPv_Type: ipv6, Location: 美国, ISP: CloudFlare Inc., Date: None, Delay: -1 ms, Speed: 0.00 M/s, Resolution: None
Name: 内蒙古卫视, URL: https://iptv.catvod.com/live.php?id=%E5%86%85%E8%92%99%E5%8F%A4%E5%8D%AB%E8%A7%86&line=1, IPv_Type: ipv6, Location: 美国, ISP: CloudFlare Inc., Date: None, Delay: -1 ms, Speed: 0.00 M/s, Resolution: None
Name: 内蒙古卫视, URL: https://migu.188766.xyz/?migutoken=9b2b2ea7b65eb1fb01d9e2e487ed454f&id=%E5%86%85%E8%92%99%E5%8F%A4%E5%8D%AB%E8%A7%86&pp=1, IPv_Type: ipv6, Location: 美国, ISP: CloudFlare Inc., Date: None, Delay: -1 ms, Speed: 0.00 M/s, Resolution: None
Name: 内蒙古卫视, URL: http://[2409:8087:1a15:10d1::35]/ottrrs.hl.chinamobile.com/PLTV/88888888/224/3221226389/index.m3u8, IPv_Type: ipv6, Location: 中国, ISP: 中国移动, Date: None, Delay: -1 ms, Speed: 0.00 M/s, Resolution: None
Name: 内蒙古卫视, URL: https://hls-gateway.vpstv.net/streams/708827.m3u8, IPv_Type: ipv6, Location: 美国, ISP: CloudFlare Inc., Date: None, Delay: -1 ms, Speed: 0.00 M/s, Resolution: None
Name: 内蒙古卫视, URL: http://ottrrs.hl.chinamobile.com/PLTV/88888888/224/3221225634/index.m3u8, IPv_Type: ipv6, Location: 中国, ISP: 中国移动, Date: None, Delay: -1 ms, Speed: 0.00 M/s, Resolution: None
Name: 内蒙古卫视, URL: http://[2409:8087:8:21::18]:6610/otttv.bj.chinamobile.com/PLTV/88888888/224/3221227018/1.m3u8?GuardEncType=2&accountinfo=%7E%7EV2.0%7ErN_hoRDwApMKnJqiNHvn9w%7EtP4-l0lmSfjwLWEfK_el1vH_mv-s1zo4AQJwdedaVwG9xkuFTDg8J26cwOrNJzn20BErrHdLhuZ9EzLUCD3PMW-OMx4MGteHV2vLeW6BqoY%2CEND, IPv_Type: ipv6, Location: 中国, ISP: 中国移动, Date: None, Delay: -1 ms, Speed: 0.00 M/s, Resolution: None
Name: 内蒙古卫视, URL: https://migu.188766.xyz/?migutoken=cb1566b5be7c1124ed639fa748993625&id=%E5%86%85%E8%92%99%E5%8F%A4%E5%8D%AB%E8%A7%86&pp=1, IPv_Type: ipv6, Location: 美国, ISP: CloudFlare Inc., Date: None, Delay: -1 ms, Speed: 0.00 M/s, Resolution: None
Name: 内蒙古卫视, URL: https://migu.188766.xyz/?migutoken=2d07a412d9a1a4c67a2c292699d290a3&id=%E5%86%85%E8%92%99%E5%8F%A4%E5%8D%AB%E8%A7%86&pp=1, IPv_Type: ipv6, Location: 美国, ISP: CloudFlare Inc., Date: None, Delay: -1 ms, Speed: 0.00 M/s, Resolution: None
Name: 内蒙古卫视, URL: http://[2409:8087:1a01:df::401a]:80/wh7f454c46tw3029083262_-802204014/ottrrs.hl.chinamobile.com/PLTV/88888888/224/3221225634/index.m3u8?icpid=88888888&RTS=1713969858&from=4&hms_devid=128&prioritypopid=4&online=1713969858&vqe=3, IPv_Type: ipv6, Location: 中国, ISP: 中国移动, Date: None, Delay: -1 ms, Speed: 0.00 M/s, Resolution: None
Name: 内蒙古卫视, URL: http://[2409:8087:1a01:df::4077]/ottrrs.hl.chinamobile.com/PLTV/88888888/8/3221226389/index.m3u8, IPv_Type: ipv6, Location: 中国, ISP: 中国移动, Date: None, Delay: -1 ms, Speed: 0.00 M/s, Resolution: None
Name: 内蒙古卫视, URL: http://[2409:8087:1a01:df::4077]:80/ottrrs.hl.chinamobile.com/PLTV/88888888/8/3221226389/index.m3u8, IPv_Type: ipv6, Location: 中国, ISP: 中国移动, Date: None, Delay: -1 ms, Speed: 0.00 M/s, Resolution: None
Name: 内蒙古卫视, URL: https://stream1.freetv.fun/325ee158a9026a625e36ada7cab8bf4606657903a9312e1c19a2af5e7a73d1b7.m3u8, IPv_Type: ipv6, Location: 美国, ISP: CloudFlare Inc., Date: None, Delay: -1 ms, Speed: 0.00 M/s, Resolution: None
Name: 内蒙古卫视, URL: http://[2409:8087:1a01:df::7005]:80/ottrrs.hl.chinamobile.com/PLTV/88888888/224/3221225634/index.m3u8, IPv_Type: ipv6, Location: 中国, ISP: 中国移动, Date: None, Delay: -1 ms, Speed: 0.00 M/s, Resolution: None
Name: 内蒙古卫视, URL: http://satellitepull.cnr.cn/live/wx32nmgws/playlist.m3u8, IPv_Type: ipv4, Location: 美国-伊利诺伊州-库克, ISP: 网宿CDN节点, Date: None, Delay: 38 ms, Speed: 2.70 M/s, Resolution: None
Name: 内蒙古卫视, URL: https://ali-m-l.cztv.com/channels/lantian/channel007/1080p.m3u8, IPv_Type: ipv4, Location: 中国-陕西, ISP: 移动, Date: None, Delay: 1869 ms, Speed: 0.95 M/s, Resolution: 1920x1080
Name: 宁夏卫视, URL: https://iptv.catvod.com/catvod.php?id=nxws, IPv_Type: ipv6, Location: 美国, ISP: CloudFlare Inc., Date: None, Delay: -1 ms, Speed: 0.00 M/s, Resolution: None
Name: 宁夏卫视, URL: https://migu.188766.xyz/?migutoken=fc3bf1bbccab16f7c62fc0926babfa0c&id=%E5%AE%81%E5%A4%8F%E5%8D%AB%E8%A7%86&type=yy, IPv_Type: ipv6, Location: 美国, ISP: CloudFlare Inc., Date: None, Delay: -1 ms, Speed: 0.00 M/s, Resolution: None
Name: 宁夏卫视, URL: https://iptv.catvod.com/live.php?id=%E5%AE%81%E5%A4%8F%E5%8D%AB%E8%A7%86&line=2, IPv_Type: ipv6, Location: 美国, ISP: CloudFlare Inc., Date: None, Delay: -1 ms, Speed: 0.00 M/s, Resolution: None
Name: 宁夏卫视, URL: https://migu.188766.xyz/?migutoken=e5ebdb498beb06d150da05595a961cbb&id=%E5%AE%81%E5%A4%8F%E5%8D%AB%E8%A7%86&type=yy, IPv_Type: ipv6, Location: 美国, ISP: CloudFlare Inc., Date: None, Delay: -1 ms, Speed: 0.00 M/s, Resolution: None
Name: 宁夏卫视, URL: http://[2409:8087:1a01:df::4077]:80/ottrrs.hl.chinamobile.com/TVOD/88888888/8/3221226454/index.m3u8, IPv_Type: ipv6, Location: 中国, ISP: 中国移动, Date: None, Delay: -1 ms, Speed: 0.00 M/s, Resolution: None
Name: 宁夏卫视, URL: http://[2409:8087:8:21::18]:6610/otttv.bj.chinamobile.com/PLTV/88888888/224/3221227003/1.m3u8?GuardEncType=2&accountinfo=%7E%7EV2.0%7ESco1zinvdUYzleEkXYhIvA%7EtP4-l0lmSfjwLWEfK_el1vH_mv-s1zo4AQJwdedaVwG9xkuFTDg8J26cwOrNJzn20BErrHdLhuZ9EzLUCD3PMW-OMx4MGteHV2vLeW6BqoY%2CEND, IPv_Type: ipv6, Location: 中国, ISP: 中国移动, Date: None, Delay: -1 ms, Speed: 0.00 M/s, Resolution: None
Name: 宁夏卫视, URL: https://mgtv.ottiptv.cc/mg/738910535.m3u8?userid=5559462299&sign=107630a1e4bfdf3bcb3f6cb2f3a2b3baf236c5301804646e59fc37c1f1165382aec21e5b25ee36b9cfa54c4f4de4c8c34576659277e7337605da23b9d466b663835b6b046ef7e7f4f5b04a4f83b50a7144&auth_token=1b99577efa5a3442ca4c7820d6e0b4e8, IPv_Type: ipv6, Location: 美国, ISP: Oracle Corporation, Date: None, Delay: -1 ms, Speed: 0.00 M/s, Resolution: None
Name: 宁夏卫视, URL: https://hls-gateway.vpstv.net/streams/709093.m3u8, IPv_Type: ipv6, Location: 美国, ISP: CloudFlare Inc., Date: None, Delay: -1 ms, Speed: 0.00 M/s, Resolution: None
Name: 宁夏卫视, URL: http://wouu.net:9977/udp/239.93.0.247:5140, IPv_Type: ipv6, Location: 保留地址, ISP: 主机之间的链路本地地址, Date: None, Delay: -1 ms, Speed: 0.00 M/s, Resolution: None
Name: 宁夏卫视, URL: http://[2409:8087:1a01:df::4077]:80/ottrrs.hl.chinamobile.com/PLTV/88888888/8/3221226454/index.m3u8, IPv_Type: ipv6, Location: 中国, ISP: 中国移动, Date: None, Delay: -1 ms, Speed: 0.00 M/s, Resolution: None
Name: 宁夏卫视, URL: https://stream1.freetv.fun/zhu-xia-wei-shi-75.m3u8, IPv_Type: ipv6, Location: 美国, ISP: CloudFlare Inc., Date: None, Delay: -1 ms, Speed: 0.00 M/s, Resolution: None
Name: 宁夏卫视, URL: https://stream1.freetv.fun/7c97987fabe18f3ac68fed41bc53ceffb58399ae248785798ba08e384728f027.m3u8, IPv_Type: ipv6, Location: 美国, ISP: CloudFlare Inc., Date: None, Delay: -1 ms, Speed: 0.00 M/s, Resolution: None
Name: 宁夏卫视, URL: https://stream1.freetv.fun/a5ab17e7871146d4e69d46060f01078914a3c8f468ea3264a143c0e08b515b50.m3u8, IPv_Type: ipv6, Location: 美国, ISP: CloudFlare Inc., Date: None, Delay: -1 ms, Speed: 0.00 M/s, Resolution: None
Name: 宁夏卫视, URL: http://[2409:8087:1a01:df::7005]:80/ottrrs.hl.chinamobile.com/PLTV/88888888/224/3221225632/index.m3u8, IPv_Type: ipv6, Location: 中国, ISP: 中国移动, Date: None, Delay: -1 ms, Speed: 0.00 M/s, Resolution: None
Name: 宁夏卫视, URL: http://38.75.136.137:98/gslb/dsdqpub/nxws.m3u8?auth=testpub, IPv_Type: ipv4, Location: 美国-哥伦比亚特区-哥伦比亚特区, ISP: Cogent, Date: None, Delay: 2683 ms, Speed: 0.43 M/s, Resolution: 1920x1080
Name: 青海卫视, URL: https://iptv.catvod.com/catvod.php?id=qhws, IPv_Type: ipv6, Location: 美国, ISP: CloudFlare Inc., Date: None, Delay: -1 ms, Speed: 0.00 M/s, Resolution: None
Name: 青海卫视, URL: https://migu.188766.xyz/?migutoken=7e4a7334f8896fba04766544d4d4626a&id=%E9%9D%92%E6%B5%B7%E5%8D%AB%E8%A7%86&type=yy, IPv_Type: ipv6, Location: 美国, ISP: CloudFlare Inc., Date: None, Delay: -1 ms, Speed: 0.00 M/s, Resolution: None
Name: 青海卫视, URL: https://iptv.catvod.com/live.php?id=%E9%9D%92%E6%B5%B7%E5%8D%AB%E8%A7%86&line=4, IPv_Type: ipv6, Location: 美国, ISP: CloudFlare Inc., Date: None, Delay: -1 ms, Speed: 0.00 M/s, Resolution: None
Name: 青海卫视, URL: https://iptv.catvod.com/live.php?id=%E9%9D%92%E6%B5%B7%E5%8D%AB%E8%A7%86&line=2, IPv_Type: ipv6, Location: 美国, ISP: CloudFlare Inc., Date: None, Delay: -1 ms, Speed: 0.00 M/s, Resolution: None
Name: 青海卫视, URL: https://iptv.catvod.com/live.php?id=%E9%9D%92%E6%B5%B7%E5%8D%AB%E8%A7%86&line=3, IPv_Type: ipv6, Location: 美国, ISP: CloudFlare Inc., Date: None, Delay: -1 ms, Speed: 0.00 M/s, Resolution: None
Name: 青海卫视, URL: https://iptv.catvod.com/live.php?id=%E9%9D%92%E6%B5%B7%E5%8D%AB%E8%A7%86&line=1, IPv_Type: ipv6, Location: 美国, ISP: CloudFlare Inc., Date: None, Delay: -1 ms, Speed: 0.00 M/s, Resolution: None
Name: 青海卫视, URL: https://mgtv.ottiptv.cc/mg/947472506.m3u8?userid=5559462299&sign=49cfa3702df0d6b091529af6600ee61a5f9535038c01a71499e76cc7c938be8159f54bc4bc4b6d505c6fd3c4692ade74c86c50ff0f2263af362d0fe4eb564a2b678b6b86d2a9cc2a3983660b6b32346307&auth_token=1b99577efa5a3442ca4c7820d6e0b4e8, IPv_Type: ipv6, Location: 美国, ISP: Oracle Corporation, Date: None, Delay: -1 ms, Speed: 0.00 M/s, Resolution: None
Name: 青海卫视, URL: http://lu.wqwqwq.sbs/itv/1000000002000013359.m3u8?cdn=ystenlive, IPv_Type: ipv6, Location: 美国, ISP: CloudFlare Inc., Date: None, Delay: -1 ms, Speed: 0.00 M/s, Resolution: None
Name: 青海卫视, URL: http://[2409:8087:1a15:10d1::39]/ottrrs.hl.chinamobile.com/PLTV/88888888/224/3221226323/index.m3u8, IPv_Type: ipv6, Location: 中国, ISP: 中国移动, Date: None, Delay: -1 ms, Speed: 0.00 M/s, Resolution: None
Name: 青海卫视, URL: https://hls-gateway.vpstv.net/streams/708825.m3u8, IPv_Type: ipv6, Location: 美国, ISP: CloudFlare Inc., Date: None, Delay: -1 ms, Speed: 0.00 M/s, Resolution: None
Name: 青海卫视, URL: http://[2409:8087:8:21::18]:6610/otttv.bj.chinamobile.com/PLTV/88888888/224/3221227017/1.m3u8?GuardEncType=2&accountinfo=%7E%7EV2.0%7EacviHy_ucMT27Ymf2iLtZA%7EtP4-l0lmSfjwLWEfK_el1vH_mv-s1zo4AQJwdedaVwG9xkuFTDg8J26cwOrNJzn20BErrHdLhuZ9EzLUCD3PMW-OMx4MGteHV2vLeW6BqoY%2CEND, IPv_Type: ipv6, Location: 中国, ISP: 中国移动, Date: None, Delay: -1 ms, Speed: 0.00 M/s, Resolution: None
Name: 青海卫视, URL: https://migu.188766.xyz/?migutoken=cb57898cc7b2ea590166e79ced70fe5d&id=%E9%9D%92%E6%B5%B7%E5%8D%AB%E8%A7%86&type=yy, IPv_Type: ipv6, Location: 美国, ISP: CloudFlare Inc., Date: None, Delay: -1 ms, Speed: 0.00 M/s, Resolution: None
Name: 青海卫视, URL: https://t.freetv.fun/live/qing-hai-wei-shi-1.m3u8, IPv_Type: ipv6, Location: 美国, ISP: CloudFlare Inc., Date: None, Delay: -1 ms, Speed: 0.00 M/s, Resolution: None
Name: 青海卫视, URL: http://wouu.net:9977/udp/239.93.0.192:5140, IPv_Type: ipv6, Location: 保留地址, ISP: 主机之间的链路本地地址, Date: None, Delay: -1 ms, Speed: 0.00 M/s, Resolution: None
Name: 青海卫视, URL: https://stream1.freetv.fun/qing-hai-wei-shi-121.m3u8, IPv_Type: ipv6, Location: 美国, ISP: CloudFlare Inc., Date: None, Delay: -1 ms, Speed: 0.00 M/s, Resolution: None
Name: 青海卫视, URL: https://stream1.freetv.fun/b6326e0b6756fb48fe4f9d486290138c0f6ff88c1dbeec97255267e2fd451f53.m3u8, IPv_Type: ipv6, Location: 美国, ISP: CloudFlare Inc., Date: None, Delay: -1 ms, Speed: 0.00 M/s, Resolution: None
Name: 青海卫视, URL: https://www.freetv.top/migu/947472506.m3u8?migutoken=c740fc58e518a315b254873398c630ca506a9de327397b5e27a668d9c1e170b6512a1834dab3229ddc39b5a61c2ea42fae6d196a11c6d0e5e212522e6edf197f65ad9addf0b540aa6c9d4fcd3e, IPv_Type: ipv6, Location: 美国, ISP: Oracle Corporation, Date: None, Delay: -1 ms, Speed: 0.00 M/s, Resolution: None
Name: 青海卫视, URL: https://stream1.freetv.fun/08634ae79ac958d456b3a36629c9f5c7a90eb67044c3c672a6b5442c413821aa.m3u8, IPv_Type: ipv6, Location: 美国, ISP: CloudFlare Inc., Date: None, Delay: -1 ms, Speed: 0.00 M/s, Resolution: None
Name: 青海卫视, URL: https://stream1.freetv.fun/qing-hai-wei-shi-27.m3u8, IPv_Type: ipv6, Location: 美国, ISP: CloudFlare Inc., Date: None, Delay: -1 ms, Speed: 0.00 M/s, Resolution: None
Name: 青海卫视, URL: https://stream1.freetv.fun/f8a6313467d8243dc5d3723c9143f7bab8ca7f5f027352fb7b17dab45bc83643.m3u8, IPv_Type: ipv6, Location: 美国, ISP: CloudFlare Inc., Date: None, Delay: -1 ms, Speed: 0.00 M/s, Resolution: None
Name: 青海卫视, URL: https://stream1.freetv.fun/700b3e5f41166e13fcf63757cb786ff68c7d8fd7289d72c8b36dc7c9fe9a8e82.m3u8, IPv_Type: ipv6, Location: 美国, ISP: CloudFlare Inc., Date: None, Delay: -1 ms, Speed: 0.00 M/s, Resolution: None
Name: 青海卫视, URL: https://stream1.freetv.fun/d6cb8a9b2d3d4f555418141ecb008cc61e84a6278690a855241eb57bf43fdf75.m3u8, IPv_Type: ipv6, Location: 美国, ISP: CloudFlare Inc., Date: None, Delay: -1 ms, Speed: 0.00 M/s, Resolution: None
Name: 青海卫视, URL: https://stream1.freetv.fun/7e3962f35a8b86e1396f1ac3a1a18a0fa6965b348b567281c7b6725f4753fdc1.m3u8, IPv_Type: ipv6, Location: 美国, ISP: CloudFlare Inc., Date: None, Delay: -1 ms, Speed: 0.00 M/s, Resolution: None
Name: 青海卫视, URL: https://stream1.freetv.fun/b5b07b167df730b58cf9a86c7cbfc510ed48a60dae25a97c9713a86d0f8076f7.m3u8, IPv_Type: ipv6, Location: 美国, ISP: CloudFlare Inc., Date: None, Delay: -1 ms, Speed: 0.00 M/s, Resolution: None
Name: 青海卫视, URL: https://stream1.freetv.fun/0e4579bf98e3869e73e674507f4257736227ec9c830d0fe0d2fc77008c50f220.m3u8, IPv_Type: ipv6, Location: 美国, ISP: CloudFlare Inc., Date: None, Delay: -1 ms, Speed: 0.00 M/s, Resolution: None
Name: 青海卫视, URL: https://stream1.freetv.fun/a4027c54f2c3b0e3ba6b7f3ac30c3b0484c92403303c0eb3b404b4bf93055b5f.m3u8, IPv_Type: ipv6, Location: 美国, ISP: CloudFlare Inc., Date: None, Delay: -1 ms, Speed: 0.00 M/s, Resolution: None
Name: 青海卫视, URL: https://stream1.freetv.fun/qing-hai-wei-shi-22.m3u8, IPv_Type: ipv6, Location: 美国, ISP: CloudFlare Inc., Date: None, Delay: -1 ms, Speed: 0.00 M/s, Resolution: None
Name: 青海卫视, URL: https://stream1.freetv.fun/6e10a4a54db3f7f59614ab6de9f66a2a0b678e551e77ef9040af1d5fc2ceae2e.m3u8, IPv_Type: ipv6, Location: 美国, ISP: CloudFlare Inc., Date: None, Delay: -1 ms, Speed: 0.00 M/s, Resolution: None
Name: 青海卫视, URL: https://stream1.freetv.fun/qing-hai-wei-shi-95.m3u8, IPv_Type: ipv6, Location: 美国, ISP: CloudFlare Inc., Date: None, Delay: -1 ms, Speed: 0.00 M/s, Resolution: None
Name: 青海卫视, URL: https://stream1.freetv.fun/cb4ff9a4049239fb65c050d7dbd333d9d83b7021661c4861e5e58b9cfb523641.m3u8, IPv_Type: ipv6, Location: 美国, ISP: CloudFlare Inc., Date: None, Delay: -1 ms, Speed: 0.00 M/s, Resolution: None
Name: 青海卫视, URL: https://stream1.freetv.fun/1372e179a485ae97bd73883d9c82e6bd11eb85a5f24161242c23aca1d24a2612.m3u8, IPv_Type: ipv6, Location: 美国, ISP: CloudFlare Inc., Date: None, Delay: -1 ms, Speed: 0.00 M/s, Resolution: None
Name: 青海卫视, URL: https://stream1.freetv.fun/a046ae7d7d283d2ed24ee4d82ddbb7a9169814a362862f2e340909c8be3bfab7.m3u8, IPv_Type: ipv6, Location: 美国, ISP: CloudFlare Inc., Date: None, Delay: -1 ms, Speed: 0.00 M/s, Resolution: None
Name: 青海卫视, URL: https://stream1.freetv.fun/d6e32c6ed01121487159b5b2fc12698d5551739ef7911c9fbb25e830e31456d2.m3u8, IPv_Type: ipv6, Location: 美国, ISP: CloudFlare Inc., Date: None, Delay: -1 ms, Speed: 0.00 M/s, Resolution: None
Name: 青海卫视, URL: https://stream1.freetv.fun/f664f33ce54eb11de1f25dd5cd89fe19b8de206730dc3a8c8d4884e0e4039c07.m3u8, IPv_Type: ipv6, Location: 美国, ISP: CloudFlare Inc., Date: None, Delay: -1 ms, Speed: 0.00 M/s, Resolution: None
Name: 青海卫视, URL: https://stream1.freetv.fun/deaa20e0dee0586cff9865553a834a8c953550e0536954e6e150c89839aefab8.m3u8, IPv_Type: ipv6, Location: 美国, ISP: CloudFlare Inc., Date: None, Delay: -1 ms, Speed: 0.00 M/s, Resolution: None
Name: 青海卫视, URL: https://stream1.freetv.fun/9a53c90ec51b8f0c2be4dc03b71d82431e9806e8a7ecc9ec91acaf8c8251157c.m3u8, IPv_Type: ipv6, Location: 美国, ISP: CloudFlare Inc., Date: None, Delay: -1 ms, Speed: 0.00 M/s, Resolution: None
Name: 青海卫视, URL: https://stream1.freetv.fun/e0551db6bc9512b248a2da5f2455dee2c1d3164fb9ece82daa77b0c1b7ffb8a4.m3u8, IPv_Type: ipv6, Location: 美国, ISP: CloudFlare Inc., Date: None, Delay: -1 ms, Speed: 0.00 M/s, Resolution: None
Name: 青海卫视, URL: https://stream1.freetv.fun/b385eeb4f5b0cbe78017fa0559927c57f602034b282b97424dec2aa199615dfb.m3u8, IPv_Type: ipv6, Location: 美国, ISP: CloudFlare Inc., Date: None, Delay: -1 ms, Speed: 0.00 M/s, Resolution: None
Name: 青海卫视, URL: https://stream1.freetv.fun/qing-hai-wei-shi-10.m3u8, IPv_Type: ipv6, Location: 美国, ISP: CloudFlare Inc., Date: None, Delay: -1 ms, Speed: 0.00 M/s, Resolution: None
Name: 青海卫视, URL: https://stream1.freetv.fun/a77365f4c8dc7e2fe937bd9e8ce1bd28a0f2128be9cd95d07e9b49efbf193757.m3u8, IPv_Type: ipv6, Location: 美国, ISP: CloudFlare Inc., Date: None, Delay: -1 ms, Speed: 0.00 M/s, Resolution: None
Name: 青海卫视, URL: https://stream1.freetv.fun/d07c5ec4397fbc7f5e7cc384b2ea73f4109d928e2b68474fc1ef6041cb976744.m3u8, IPv_Type: ipv6, Location: 美国, ISP: CloudFlare Inc., Date: None, Delay: -1 ms, Speed: 0.00 M/s, Resolution: None
Name: 青海卫视, URL: https://stream1.freetv.fun/e428d38e12d7120d524e078b6fcf7ea6e16481925fca496bf8043600337e2a47.m3u8, IPv_Type: ipv6, Location: 美国, ISP: CloudFlare Inc., Date: None, Delay: -1 ms, Speed: 0.00 M/s, Resolution: None
Name: 青海卫视, URL: https://stream1.freetv.fun/qing-hai-wei-shi-3.m3u8, IPv_Type: ipv6, Location: 美国, ISP: CloudFlare Inc., Date: None, Delay: -1 ms, Speed: 0.00 M/s, Resolution: None
Name: 青海卫视, URL: https://stream1.freetv.fun/qing-hai-wei-shi-114.m3u8, IPv_Type: ipv6, Location: 美国, ISP: CloudFlare Inc., Date: None, Delay: -1 ms, Speed: 0.00 M/s, Resolution: None
Name: 青海卫视, URL: https://stream1.freetv.fun/fad5348a9b285c835736b9f812f4785acff0120fc543ca59063b87dca13e7229.m3u8, IPv_Type: ipv6, Location: 美国, ISP: CloudFlare Inc., Date: None, Delay: -1 ms, Speed: 0.00 M/s, Resolution: None
Name: 青海卫视, URL: https://stream1.freetv.fun/qing-hai-wei-shi-64.m3u8, IPv_Type: ipv6, Location: 美国, ISP: CloudFlare Inc., Date: None, Delay: -1 ms, Speed: 0.00 M/s, Resolution: None
Name: 青海卫视, URL: https://stream1.freetv.fun/b42c62bf8970943cef5224e2caf19a6b25d549373552d1170daeb4b100a110a1.m3u8, IPv_Type: ipv6, Location: 美国, ISP: CloudFlare Inc., Date: None, Delay: -1 ms, Speed: 0.00 M/s, Resolution: None
Name: 青海卫视, URL: https://stream1.freetv.fun/qing-hai-wei-shi-31.m3u8, IPv_Type: ipv6, Location: 美国, ISP: CloudFlare Inc., Date: None, Delay: -1 ms, Speed: 0.00 M/s, Resolution: None
Name: 青海卫视, URL: https://www.freetv.top/migu/947472506.m3u8?migutoken=7bfff5cd40297ac2c258f598f97f36a47e8d0d19763d61ff6f62aff98021e7fcafa9b64df934c1ca76302e804fb60ce17856d30a33b7965613665d25cce09f43302170684a7e39c85290af3bd3, IPv_Type: ipv6, Location: 美国, ISP: Oracle Corporation, Date: None, Delay: -1 ms, Speed: 0.00 M/s, Resolution: None
Name: 青海卫视, URL: http://[2409:8087:74f0:22::5]:6410/270000001128/9900000042/index.m3u8, IPv_Type: ipv6, Location: 中国, ISP: 中国移动, Date: None, Delay: -1 ms, Speed: 0.00 M/s, Resolution: None
Name: 青海卫视, URL: http://[2409:8087:1a01:df::7005]:80/ottrrs.hl.chinamobile.com/PLTV/88888888/224/3221225628/index.m3u8, IPv_Type: ipv6, Location: 中国, ISP: 中国移动, Date: None, Delay: -1 ms, Speed: 0.00 M/s, Resolution: None
Name: 青海卫视, URL: http://[2409:8087:5e00:24::1e]:6060/200000001898/460000089800010111/1.m3u8, IPv_Type: ipv6, Location: 中国, ISP: 中国移动, Date: None, Delay: -1 ms, Speed: 0.00 M/s, Resolution: None
Name: 青海卫视, URL: https://t.freetv.fun/live/qing-hai-wei-shi-5.m3u8, IPv_Type: ipv6, Location: 美国, ISP: CloudFlare Inc., Date: None, Delay: -1 ms, Speed: 0.00 M/s, Resolution: None
Name: 青海卫视, URL: https://t.freetv.fun/live/qing-hai-wei-shi-9.m3u8, IPv_Type: ipv6, Location: 美国, ISP: CloudFlare Inc., Date: None, Delay: -1 ms, Speed: 0.00 M/s, Resolution: None
Name: 青海卫视, URL: https://t.freetv.fun/live/qing-hai-wei-shi-2.m3u8, IPv_Type: ipv6, Location: 美国, ISP: CloudFlare Inc., Date: None, Delay: -1 ms, Speed: 0.00 M/s, Resolution: None
Name: 青海卫视, URL: http://mgsp-zy2.live.miguvideo.com:8088/envivo_w/2018/SD/qinghai/1000/index.m3u8?msisdn=2be6b2ec9fcf10d2c2457e2c710e172c&mdspid=&spid=600633&netType=0&sid=5910022166&pid=2028597139&timestamp=20260225080208&Channel_ID=0116_2600034600-99000-201600010010028&ProgramID=947472506&ParentNodeID=-99&assertID=5910022166&client_ip=218.28.233.106&SecurityKey=20260225080208&promotionId=&mvid=5900004353&mcid=500020&playurlVersion=WX-A1-9.2.1-RELEASE&userid=&jmhm=&videocodec=h264&appCode=miguvideo_android&bean=mgspad&tid=android&conFee=0&encrypt=3c7db17417bca13e751c4be12de396d5&sv=10004&ct=android, IPv_Type: ipv6, Location: 中国, ISP: 中国电信, Date: None, Delay: -1 ms, Speed: 0.00 M/s, Resolution: None
Name: 青海卫视, URL: https://stream1.freetv.fun/d80dbd44304e92ebbad7fd55f71bf9a308c53fcc29593eae8aefbed892ab2a6b.m3u8, IPv_Type: ipv6, Location: 美国, ISP: CloudFlare Inc., Date: None, Delay: -1 ms, Speed: 0.00 M/s, Resolution: None
Name: 青海卫视, URL: http://38.75.136.137:98/gslb/dsdqpub/qhws.m3u8?auth=testpub, IPv_Type: ipv4, Location: 美国-哥伦比亚特区-哥伦比亚特区, ISP: Cogent, Date: None, Delay: 624 ms, Speed: 6.98 M/s, Resolution: 1920x1080
Name: 三沙卫视, URL: https://iptv.catvod.com/catvod.php?id=ssws, IPv_Type: ipv6, Location: 美国, ISP: CloudFlare Inc., Date: None, Delay: -1 ms, Speed: 0.00 M/s, Resolution: None
Name: 三沙卫视, URL: https://migu.188766.xyz/?migutoken=4075059d5a29a94166e171f3b2892715&id=hn_ssws&type=sz, IPv_Type: ipv6, Location: 美国, ISP: CloudFlare Inc., Date: None, Delay: -1 ms, Speed: 0.00 M/s, Resolution: None
Name: 三沙卫视, URL: https://iptv.catvod.com/live.php?id=%E4%B8%89%E6%B2%99%E5%8D%AB%E8%A7%86&line=2, IPv_Type: ipv6, Location: 美国, ISP: CloudFlare Inc., Date: None, Delay: -1 ms, Speed: 0.00 M/s, Resolution: None
Name: 三沙卫视, URL: https://iptv.catvod.com/live.php?id=%E4%B8%89%E6%B2%99%E5%8D%AB%E8%A7%86&line=1, IPv_Type: ipv6, Location: 美国, ISP: CloudFlare Inc., Date: None, Delay: -1 ms, Speed: 0.00 M/s, Resolution: None
Name: 三沙卫视, URL: https://iptv.catvod.com/live.php?id=%E4%B8%89%E6%B2%99%E5%8D%AB%E8%A7%86&line=3, IPv_Type: ipv6, Location: 美国, ISP: CloudFlare Inc., Date: None, Delay: -1 ms, Speed: 0.00 M/s, Resolution: None
Name: 三沙卫视, URL: https://mgtv.ottiptv.cc/mg/961023778.m3u8?userid=5559462299&sign=6777d458fab5a2ae99c436b5c00ce31c639fb8c3b4cb850ac9358fbbb0dbc52c84aede0d21db080ac78ae9fe9b90c497f81bc87c358995d303b693e262138bd70e7ca0b1ddc36313efbb8f70e982c3812a&auth_token=1b99577efa5a3442ca4c7820d6e0b4e8, IPv_Type: ipv6, Location: 美国, ISP: Oracle Corporation, Date: None, Delay: -1 ms, Speed: 0.00 M/s, Resolution: None
Name: 三沙卫视, URL: https://migu.188766.xyz/?migutoken=69f7740dd13800e3341c82850d43e59b&id=hn_ssws&type=sz, IPv_Type: ipv6, Location: 美国, ISP: CloudFlare Inc., Date: None, Delay: -1 ms, Speed: 0.00 M/s, Resolution: None
Name: 三沙卫视, URL: https://migu.188766.xyz/?migutoken=8827ae5b1045abeb0824fd154f68d68c&id=hn_ssws&type=sz, IPv_Type: ipv6, Location: 美国, ISP: CloudFlare Inc., Date: None, Delay: -1 ms, Speed: 0.00 M/s, Resolution: None
Name: 三沙卫视, URL: http://wouu.net:9977/udp/239.93.42.58:5140, IPv_Type: ipv6, Location: 保留地址, ISP: 主机之间的链路本地地址, Date: None, Delay: -1 ms, Speed: 0.00 M/s, Resolution: None
Name: 三沙卫视, URL: https://stream1.freetv.fun/8bd6b69c423ac31e71c2311ad33f4f291e1314c69005ffb7b3b7defc2944adb2.m3u8, IPv_Type: ipv6, Location: 美国, ISP: CloudFlare Inc., Date: None, Delay: -1 ms, Speed: 0.00 M/s, Resolution: None
Name: 三沙卫视, URL: https://stream1.freetv.fun/san-sha-wei-shi-5.m3u8, IPv_Type: ipv6, Location: 美国, ISP: CloudFlare Inc., Date: None, Delay: -1 ms, Speed: 0.00 M/s, Resolution: None
Name: 三沙卫视, URL: https://stream1.freetv.fun/86de5eb5b500cf647f47c89a1d78102c2570d00c7e1365ce36fac6d311cbf0e9.m3u8, IPv_Type: ipv6, Location: 美国, ISP: CloudFlare Inc., Date: None, Delay: -1 ms, Speed: 0.00 M/s, Resolution: None
Name: 三沙卫视, URL: https://stream1.freetv.fun/fd1abacd02d10bf9e60b98fdc292704eefa30cff9e4eb0816eec3156e687c991.m3u8, IPv_Type: ipv6, Location: 美国, ISP: CloudFlare Inc., Date: None, Delay: -1 ms, Speed: 0.00 M/s, Resolution: None
Name: 三沙卫视, URL: https://stream1.freetv.fun/san-sha-wei-shi-17.m3u8, IPv_Type: ipv6, Location: 美国, ISP: CloudFlare Inc., Date: None, Delay: -1 ms, Speed: 0.00 M/s, Resolution: None
Name: 三沙卫视, URL: https://stream1.freetv.fun/739e01ea36ce64b23d330982e442caa57c06c2a44cafaff6c1b6d13b31e01d75.m3u8, IPv_Type: ipv6, Location: 美国, ISP: CloudFlare Inc., Date: None, Delay: -1 ms, Speed: 0.00 M/s, Resolution: None
Name: 三沙卫视, URL: https://stream1.freetv.fun/san-sha-wei-shi-37.m3u8, IPv_Type: ipv6, Location: 美国, ISP: CloudFlare Inc., Date: None, Delay: -1 ms, Speed: 0.00 M/s, Resolution: None
Name: 三沙卫视, URL: https://stream1.freetv.fun/san-sha-wei-shi-47.m3u8, IPv_Type: ipv6, Location: 美国, ISP: CloudFlare Inc., Date: None, Delay: -1 ms, Speed: 0.00 M/s, Resolution: None
Name: 三沙卫视, URL: https://stream1.freetv.fun/san-sha-wei-shi-9.m3u8, IPv_Type: ipv6, Location: 美国, ISP: CloudFlare Inc., Date: None, Delay: -1 ms, Speed: 0.00 M/s, Resolution: None
Name: 三沙卫视, URL: http://[2409:8087:5e00:24::1e]:6060/000000001000/4600001000000000117/1.m3u8, IPv_Type: ipv6, Location: 中国, ISP: 中国移动, Date: None, Delay: -1 ms, Speed: 0.00 M/s, Resolution: None
Name: 三沙卫视, URL: https://t.freetv.fun/live/san-sha-wei-shi-1.m3u8, IPv_Type: ipv6, Location: 美国, ISP: CloudFlare Inc., Date: None, Delay: -1 ms, Speed: 0.00 M/s, Resolution: None
Name: 三沙卫视, URL: https://stream1.freetv.fun/2476872184d56573ae915237d8e3c990ded214446351f568b57889cbf63da2e8.m3u8, IPv_Type: ipv6, Location: 美国, ISP: CloudFlare Inc., Date: None, Delay: -1 ms, Speed: 0.00 M/s, Resolution: None
Name: 山东卫视, URL: https://hlsbkmgsplive.miguvideo.com/wd-shandonghd-1200/01.m3u8?&HlsSubType=&encrypt=, IPv_Type: ipv6, Location: 中国, ISP: 中国移动, Date: None, Delay: -1 ms, Speed: 0.00 M/s, Resolution: None
Name: 山东卫视, URL: http://api.kkitv.itv888.cn:8080/hls/6gcdai13om5/index.m3u8, IPv_Type: ipv6, Location: 美国, ISP: CloudFlare Inc., Date: None, Delay: -1 ms, Speed: 0.00 M/s, Resolution: None
Name: 山东卫视, URL: https://iptv.catvod.com/catvod.php?id=sdws, IPv_Type: ipv6, Location: 美国, ISP: CloudFlare Inc., Date: None, Delay: -1 ms, Speed: 0.00 M/s, Resolution: None
Name: 山东卫视, URL: http://iptv.huuc.edu.cn/hls/sdhd.m3u8, IPv_Type: ipv6, Location: 中国, ISP: 教育网, Date: None, Delay: -1 ms, Speed: 0.00 M/s, Resolution: None
Name: 山东卫视, URL: https://iptv.catvod.com/live.php?id=%E5%B1%B1%E4%B8%9C%E5%8D%AB%E8%A7%86, IPv_Type: ipv6, Location: 美国, ISP: CloudFlare Inc., Date: None, Delay: -1 ms, Speed: 0.00 M/s, Resolution: None
Name: 山东卫视, URL: https://iptv.catvod.com/live.php?id=%E5%B1%B1%E4%B8%9C%E5%8D%AB%E8%A7%86&line=5, IPv_Type: ipv6, Location: 美国, ISP: CloudFlare Inc., Date: None, Delay: -1 ms, Speed: 0.00 M/s, Resolution: None
Name: 山东卫视, URL: https://iptv.catvod.com/live.php?id=%E5%B1%B1%E4%B8%9C%E5%8D%AB%E8%A7%86&line=1, IPv_Type: ipv6, Location: 美国, ISP: CloudFlare Inc., Date: None, Delay: -1 ms, Speed: 0.00 M/s, Resolution: None
Name: 山东卫视, URL: https://iptv.catvod.com/live.php?id=%E5%B1%B1%E4%B8%9C%E5%8D%AB%E8%A7%86&line=3, IPv_Type: ipv6, Location: 美国, ISP: CloudFlare Inc., Date: None, Delay: -1 ms, Speed: 0.00 M/s, Resolution: None
Name: 山东卫视, URL: https://iptv.catvod.com/live.php?id=%E5%B1%B1%E4%B8%9C%E5%8D%AB%E8%A7%86&line=2, IPv_Type: ipv6, Location: 美国, ISP: CloudFlare Inc., Date: None, Delay: -1 ms, Speed: 0.00 M/s, Resolution: None
Name: 山东卫视, URL: http://l.cztvcloud.com/channels/lantian/SXshengzhou1/720p.m3u8, IPv_Type: ipv6, Location: 中国, ISP: 中国电信, Date: None, Delay: -1 ms, Speed: 0.00 M/s, Resolution: None
Name: 山东卫视, URL: http://[2409:8087:1a15:10d1::33]/ottrrs.hl.chinamobile.com/PLTV/88888888/224/3221226456/index.m3u8, IPv_Type: ipv6, Location: 中国, ISP: 中国移动, Date: None, Delay: -1 ms, Speed: 0.00 M/s, Resolution: None
Name: 山东卫视, URL: https://hls-gateway.vpstv.net/streams/708860.m3u8, IPv_Type: ipv6, Location: 美国, ISP: CloudFlare Inc., Date: None, Delay: -1 ms, Speed: 0.00 M/s, Resolution: None
Name: 山东卫视, URL: http://[2409:8087:8:21::18]:6610/otttv.bj.chinamobile.com/PLTV/88888888/224/3221226957/1.m3u8?GuardEncType=2&accountinfo=%7E%7EV2.0%7EjW26v5VaHGy1jQuIA-4EbA%7EtP4-l0lmSfjwLWEfK_el1vH_mv-s1zo4AQJwdedaVwG9xkuFTDg8J26cwOrNJzn20BErrHdLhuZ9EzLUCD3PMW-OMx4MGteHV2vLeW6BqoY%2CEND, IPv_Type: ipv6, Location: 中国, ISP: 中国移动, Date: None, Delay: -1 ms, Speed: 0.00 M/s, Resolution: None
Name: 山东卫视, URL: http://wouu.net:9977/udp/239.93.0.168:5140, IPv_Type: ipv6, Location: 保留地址, ISP: 主机之间的链路本地地址, Date: None, Delay: -1 ms, Speed: 0.00 M/s, Resolution: None
Name: 山东卫视, URL: http://[2409:8087:1a01:df::4077]/ottrrs.hl.chinamobile.com/yinhe/88888888/224/3221226456/index.m3u8, IPv_Type: ipv6, Location: 中国, ISP: 中国移动, Date: None, Delay: -1 ms, Speed: 0.00 M/s, Resolution: None
Name: 山东卫视, URL: http://[2409:8087:1a01:df::4077]:80/ottrrs.hl.chinamobile.com/PLTV/88888888/224/3221226456/index.m3u8, IPv_Type: ipv6, Location: 中国, ISP: 中国移动, Date: None, Delay: -1 ms, Speed: 0.00 M/s, Resolution: None
Name: 山东卫视, URL: http://[2409:8087:1a01:df::4077]:80/ottrrs.hl.chinamobile.com/yinhe/88888888/224/3221226456/index.m3u8, IPv_Type: ipv6, Location: 中国, ISP: 中国移动, Date: None, Delay: -1 ms, Speed: 0.00 M/s, Resolution: None
Name: 山东卫视, URL: http://[2409:8087:1a01:df::4077]/ottrrs.hl.chinamobile.com/PLTV/88888888/8/3221226456/index.m3u8, IPv_Type: ipv6, Location: 中国, ISP: 中国移动, Date: None, Delay: -1 ms, Speed: 0.00 M/s, Resolution: None
Name: 山东卫视, URL: http://[2409:8087:1a01:df::4077]:80/ottrrs.hl.chinamobile.com/PLTV/88888888/8/3221226456/index.m3u8, IPv_Type: ipv6, Location: 中国, ISP: 中国移动, Date: None, Delay: -1 ms, Speed: 0.00 M/s, Resolution: None
Name: 山东卫视, URL: http://[2409:8087:74f0:22::5]:6410/270000001128/9900000527/index.m3u8, IPv_Type: ipv6, Location: 中国, ISP: 中国移动, Date: None, Delay: -1 ms, Speed: 0.00 M/s, Resolution: None
Name: 山东卫视, URL: http://[2409:8087:1a01:df::7005]/ottrrs.hl.chinamobile.com/PLTV/88888888/224/3221226456/index.m3u8, IPv_Type: ipv6, Location: 中国, ISP: 中国移动, Date: None, Delay: -1 ms, Speed: 0.00 M/s, Resolution: None
Name: 山东卫视, URL: http://[2409:8087:1a01:df::7005]:80/ottrrs.hl.chinamobile.com/PLTV/88888888/224/3221226456/index.m3u8, IPv_Type: ipv6, Location: 中国, ISP: 中国移动, Date: None, Delay: -1 ms, Speed: 0.00 M/s, Resolution: None
Name: 山东卫视, URL: http://[2409:8087:5e00:24::1e]:6060/200000001898/460000089800010066/1.m3u8, IPv_Type: ipv6, Location: 中国, ISP: 中国移动, Date: None, Delay: -1 ms, Speed: 0.00 M/s, Resolution: None
Name: 山东卫视, URL: https://t.freetv.fun/live/shan-dong-wei-shi-4.php, IPv_Type: ipv6, Location: 美国, ISP: CloudFlare Inc., Date: None, Delay: -1 ms, Speed: 0.00 M/s, Resolution: None
Name: 山东卫视, URL: https://t.freetv.fun/live/shan-dong-wei-shi-1.php, IPv_Type: ipv6, Location: 美国, ISP: CloudFlare Inc., Date: None, Delay: -1 ms, Speed: 0.00 M/s, Resolution: None
Name: 山东卫视, URL: https://t.freetv.fun/live/shan-dong-wei-shi-8.m3u8, IPv_Type: ipv6, Location: 美国, ISP: CloudFlare Inc., Date: None, Delay: -1 ms, Speed: 0.00 M/s, Resolution: None
Name: 山东卫视, URL: https://t.freetv.fun/live/shan-dong-wei-shi-7.m3u8, IPv_Type: ipv6, Location: 美国, ISP: CloudFlare Inc., Date: None, Delay: -1 ms, Speed: 0.00 M/s, Resolution: None
Name: 山东卫视, URL: https://hlsbkmgsplive.miguvideo.com/wd_r4/yg/shandongwshd/3000/01.m3u8?&HlsSubType=&encrypt=, IPv_Type: ipv6, Location: 中国, ISP: 中国移动, Date: None, Delay: -1 ms, Speed: 0.00 M/s, Resolution: None
Name: 山东卫视, URL: https://t.freetv.fun/live/shan-dong-wei-shi-16.php, IPv_Type: ipv6, Location: 美国, ISP: CloudFlare Inc., Date: None, Delay: -1 ms, Speed: 0.00 M/s, Resolution: None
Name: 山东卫视, URL: https://t.freetv.fun/live/shan-dong-wei-shi-19.m3u8, IPv_Type: ipv6, Location: 美国, ISP: CloudFlare Inc., Date: None, Delay: -1 ms, Speed: 0.00 M/s, Resolution: None
Name: 山东卫视, URL: https://t.freetv.fun/live/shan-dong-wei-shi-5.m3u8, IPv_Type: ipv6, Location: 美国, ISP: CloudFlare Inc., Date: None, Delay: -1 ms, Speed: 0.00 M/s, Resolution: None
Name: 山东卫视, URL: http://[2409:8087:1a01:df::4077]/ottrrs.hl.chinamobile.com/PLTV/88888888/224/3221226456/index.m3u8, IPv_Type: ipv6, Location: 中国, ISP: 中国移动, Date: None, Delay: -1 ms, Speed: 0.00 M/s, Resolution: None
Name: 山东卫视, URL: http://38.75.136.137:98/gslb/dsdqpub/sdwshd.m3u8?auth=testpub, IPv_Type: ipv4, Location: 美国-哥伦比亚特区-哥伦比亚特区, ISP: Cogent, Date: None, Delay: 415 ms, Speed: 7.96 M/s, Resolution: 1920x1080
Name: 山西卫视, URL: https://iptv.catvod.com/catvod.php?id=sxiws, IPv_Type: ipv6, Location: 美国, ISP: CloudFlare Inc., Date: None, Delay: -1 ms, Speed: 0.00 M/s, Resolution: None
Name: 山西卫视, URL: https://iptv.catvod.com/live.php?id=%E5%B1%B1%E8%A5%BF%E5%8D%AB%E8%A7%86, IPv_Type: ipv6, Location: 美国, ISP: CloudFlare Inc., Date: None, Delay: -1 ms, Speed: 0.00 M/s, Resolution: None
Name: 山西卫视, URL: https://iptv.catvod.com/live.php?id=%E5%B1%B1%E8%A5%BF%E5%8D%AB%E8%A7%86&line=1, IPv_Type: ipv6, Location: 美国, ISP: CloudFlare Inc., Date: None, Delay: -1 ms, Speed: 0.00 M/s, Resolution: None
Name: 山西卫视, URL: https://iptv.catvod.com/live.php?id=%E5%B1%B1%E8%A5%BF%E5%8D%AB%E8%A7%86&line=4, IPv_Type: ipv6, Location: 美国, ISP: CloudFlare Inc., Date: None, Delay: -1 ms, Speed: 0.00 M/s, Resolution: None
Name: 山西卫视, URL: https://iptv.catvod.com/live.php?id=%E5%B1%B1%E8%A5%BF%E5%8D%AB%E8%A7%86&line=2, IPv_Type: ipv6, Location: 美国, ISP: CloudFlare Inc., Date: None, Delay: -1 ms, Speed: 0.00 M/s, Resolution: None
Name: 山西卫视, URL: https://iptv.catvod.com/live.php?id=%E5%B1%B1%E8%A5%BF%E5%8D%AB%E8%A7%86&line=3, IPv_Type: ipv6, Location: 美国, ISP: CloudFlare Inc., Date: None, Delay: -1 ms, Speed: 0.00 M/s, Resolution: None
Name: 山西卫视, URL: http://m3u8.channel.wsrtv.com.cn/cms/videos/nmip-media/channellive/channel7/playlist.m3u8, IPv_Type: ipv6, Location: 中国, ISP: 中国电信, Date: None, Delay: -1 ms, Speed: 0.00 M/s, Resolution: None
Name: 山西卫视, URL: http://[2409:8087:1a15:10d1::38]/ottrrs.hl.chinamobile.com/PLTV/88888888/224/3221226392/index.m3u8, IPv_Type: ipv6, Location: 中国, ISP: 中国移动, Date: None, Delay: -1 ms, Speed: 0.00 M/s, Resolution: None
Name: 山西卫视, URL: https://hls-gateway.vpstv.net/streams/708874.m3u8, IPv_Type: ipv6, Location: 美国, ISP: CloudFlare Inc., Date: None, Delay: -1 ms, Speed: 0.00 M/s, Resolution: None
Name: 山西卫视, URL: http://[2409:8087:8:21::18]:6610/otttv.bj.chinamobile.com/PLTV/88888888/224/3221227016/1.m3u8?GuardEncType=2&accountinfo=%7E%7EV2.0%7ESb5Qr3NTpE2ZugIroKoyTw%7EtP4-l0lmSfjwLWEfK_el1vH_mv-s1zo4AQJwdedaVwG9xkuFTDg8J26cwOrNJzn20BErrHdLhuZ9EzLUCD3PMW-OMx4MGteHV2vLeW6BqoY%2CEND, IPv_Type: ipv6, Location: 中国, ISP: 中国移动, Date: None, Delay: -1 ms, Speed: 0.00 M/s, Resolution: None
Name: 山西卫视, URL: https://t.freetv.fun/live/shan-xi-wei-shi-3-2.m3u8, IPv_Type: ipv6, Location: 美国, ISP: CloudFlare Inc., Date: None, Delay: -1 ms, Speed: 0.00 M/s, Resolution: None
Name: 山西卫视, URL: http://wouu.net:9977/udp/239.93.0.6:5140, IPv_Type: ipv6, Location: 保留地址, ISP: 主机之间的链路本地地址, Date: None, Delay: -1 ms, Speed: 0.00 M/s, Resolution: None
Name: 山西卫视, URL: http://[2409:8087:1a01:df::4077]/ottrrs.hl.chinamobile.com/PLTV/88888888/8/3221226392/index.m3u8, IPv_Type: ipv6, Location: 中国, ISP: 中国移动, Date: None, Delay: -1 ms, Speed: 0.00 M/s, Resolution: None
Name: 山西卫视, URL: http://[2409:8087:1a01:df::4077]:80/ottrrs.hl.chinamobile.com/PLTV/88888888/8/3221226392/index.m3u8, IPv_Type: ipv6, Location: 中国, ISP: 中国移动, Date: None, Delay: -1 ms, Speed: 0.00 M/s, Resolution: None
Name: 山西卫视, URL: https://stream1.freetv.fun/shan-xi-wei-shi-25.m3u8, IPv_Type: ipv6, Location: 美国, ISP: CloudFlare Inc., Date: None, Delay: -1 ms, Speed: 0.00 M/s, Resolution: None
Name: 山西卫视, URL: http://[2409:8087:1a01:df::7005]:80/ottrrs.hl.chinamobile.com/PLTV/88888888/224/3221225624/index.m3u8, IPv_Type: ipv6, Location: 中国, ISP: 中国移动, Date: None, Delay: -1 ms, Speed: 0.00 M/s, Resolution: None
Name: 陕西卫视, URL: https://iptv.catvod.com/catvod.php?id=sxws, IPv_Type: ipv6, Location: 美国, ISP: CloudFlare Inc., Date: None, Delay: -1 ms, Speed: 0.00 M/s, Resolution: None
Name: 陕西卫视, URL: https://migu.188766.xyz/?migutoken=ba1ea2a22e748718785476fe984177fc&id=%E9%99%95%E8%A5%BF%E5%8D%AB%E8%A7%86&type=yy, IPv_Type: ipv6, Location: 美国, ISP: CloudFlare Inc., Date: None, Delay: -1 ms, Speed: 0.00 M/s, Resolution: None
Name: 陕西卫视, URL: https://iptv.catvod.com/live.php?id=%E9%99%95%E8%A5%BF%E5%8D%AB%E8%A7%86&line=2, IPv_Type: ipv6, Location: 美国, ISP: CloudFlare Inc., Date: None, Delay: -1 ms, Speed: 0.00 M/s, Resolution: None
Name: 陕西卫视, URL: https://iptv.catvod.com/live.php?id=%E9%99%95%E8%A5%BF%E5%8D%AB%E8%A7%86&line=3, IPv_Type: ipv6, Location: 美国, ISP: CloudFlare Inc., Date: None, Delay: -1 ms, Speed: 0.00 M/s, Resolution: None
Name: 陕西卫视, URL: https://iptv.catvod.com/live.php?id=%E9%99%95%E8%A5%BF%E5%8D%AB%E8%A7%86, IPv_Type: ipv6, Location: 美国, ISP: CloudFlare Inc., Date: None, Delay: -1 ms, Speed: 0.00 M/s, Resolution: None
Name: 陕西卫视, URL: https://iptv.catvod.com/live.php?id=%E9%99%95%E8%A5%BF%E5%8D%AB%E8%A7%86&line=1, IPv_Type: ipv6, Location: 美国, ISP: CloudFlare Inc., Date: None, Delay: -1 ms, Speed: 0.00 M/s, Resolution: None
Name: 陕西卫视, URL: https://mgtv.ottiptv.cc/mg/738910838.m3u8?userid=5559462299&sign=d9b89b18cbd33c959e1b07c4d0fec1102527df065f6bd6b097b9a34ddac088fc0e939039f1db450a986334e0ca362fe3466b1d02712146a95086302469deec5faa0266d6c87cbf52de3eb4eb4983995ebb&auth_token=1b99577efa5a3442ca4c7820d6e0b4e8, IPv_Type: ipv6, Location: 美国, ISP: Oracle Corporation, Date: None, Delay: -1 ms, Speed: 0.00 M/s, Resolution: None
Name: 陕西卫视, URL: http://[2409:8087:1a15:10d1::37]/ottrrs.hl.chinamobile.com/PLTV/88888888/224/3221225625/index.m3u8, IPv_Type: ipv6, Location: 中国, ISP: 中国移动, Date: None, Delay: -1 ms, Speed: 0.00 M/s, Resolution: None
Name: 陕西卫视, URL: https://hls-gateway.vpstv.net/streams/708826.m3u8, IPv_Type: ipv6, Location: 美国, ISP: CloudFlare Inc., Date: None, Delay: -1 ms, Speed: 0.00 M/s, Resolution: None
Name: 陕西卫视, URL: http://[2409:8087:8:21::18]:6610/otttv.bj.chinamobile.com/PLTV/88888888/224/3221226999/1.m3u8?GuardEncType=2&accountinfo=%7E%7EV2.0%7EsGLKaSqf0wDZMbAjeQtfyw%7EtP4-l0lmSfjwLWEfK_el1vH_mv-s1zo4AQJwdedaVwG9xkuFTDg8J26cwOrNJzn20BErrHdLhuZ9EzLUCD3PMW-OMx4MGteHV2vLeW6BqoY%2CEND, IPv_Type: ipv6, Location: 中国, ISP: 中国移动, Date: None, Delay: -1 ms, Speed: 0.00 M/s, Resolution: None
Name: 陕西卫视, URL: https://t.freetv.fun/live/shan-xi-wei-shi-6.m3u8, IPv_Type: ipv6, Location: 美国, ISP: CloudFlare Inc., Date: None, Delay: -1 ms, Speed: 0.00 M/s, Resolution: None
Name: 陕西卫视, URL: https://migu.188766.xyz/?migutoken=36235712d95be7bd757be195ec2ff45f&id=%E9%99%95%E8%A5%BF%E5%8D%AB%E8%A7%86&type=yy, IPv_Type: ipv6, Location: 美国, ISP: CloudFlare Inc., Date: None, Delay: -1 ms, Speed: 0.00 M/s, Resolution: None
Name: 陕西卫视, URL: https://t.freetv.fun/live/shan-xi-wei-shi-3-1.m3u8, IPv_Type: ipv6, Location: 美国, ISP: CloudFlare Inc., Date: None, Delay: -1 ms, Speed: 0.00 M/s, Resolution: None
Name: 陕西卫视, URL: https://www.freetv.top/migu/738910838.m3u8?migutoken=ac84c97dd81618cf2a8e4a9d33f1d29961c35a2c55c03702427fbd5a28ba1a3e5436de3a0e7c53e40b4d8c68cfd0827a614fc40283c8d0e64a79e05eeeb3398317650d6eefe46b9c1f9e679c61, IPv_Type: ipv6, Location: 美国, ISP: Oracle Corporation, Date: None, Delay: -1 ms, Speed: 0.00 M/s, Resolution: None
Name: 陕西卫视, URL: https://www.freetv.top/migu/738910838.m3u8?migutoken=793510585612abf02280cb9e867718e1ffc1b2726bc7b7acf484b6920cda841f1a80ac5947c612dfdd9c2fca36fc223c12bc6866708b30f66c4d2a2fe3164ae493381d8a6579b0707f413bc819, IPv_Type: ipv6, Location: 美国, ISP: Oracle Corporation, Date: None, Delay: -1 ms, Speed: 0.00 M/s, Resolution: None
Name: 陕西卫视, URL: https://www.freetv.top/migu/738910838.m3u8?migutoken=79aa328d259730c69550d444c628a5ca440ea707bc0d50d47fee796a3c6976b06c8f90ab53b8059b3098b41c4471f2c8dd889fdcb6575e9e96ae871f060ecbe16267b37a5a16fa4d84812713af, IPv_Type: ipv6, Location: 美国, ISP: Oracle Corporation, Date: None, Delay: -1 ms, Speed: 0.00 M/s, Resolution: None
Name: 陕西卫视, URL: https://www.freetv.top/migu/738910838.m3u8?migutoken=3899cd1daaa04f812c6d4b13126e3c00ad177635abc5559f1b596e814ff8eb3d745e7bd40b881206a2852a5ed041ca424112cf1d9b385c72ea9de42c8d86f45227af0f51a8b4f4c18a038a8e6d, IPv_Type: ipv6, Location: 美国, ISP: Oracle Corporation, Date: None, Delay: -1 ms, Speed: 0.00 M/s, Resolution: None
Name: 陕西卫视, URL: https://www.freetv.top/migu/738910838.m3u8?migutoken=35df06ac83a8fe0b0d98f96b8dbf5821d2a57fbd279c10148f5eb543353c48d828c15e639a63919e023774c69fac3a6f5a2bbfd1ee773d77c0dc154b9acd0c77e84c99627dd15f852e56ab3281, IPv_Type: ipv6, Location: 美国, ISP: Oracle Corporation, Date: None, Delay: -1 ms, Speed: 0.00 M/s, Resolution: None
Name: 陕西卫视, URL: https://www.freetv.top/migu/738910838.m3u8?migutoken=3d2992ea78cf0d16e27303f2161b886b2f53f2772c9048d2cf024f810a7a6007aa15c432ba27023ed9ebdf2d93f5d4510ba233d9e8a9a429cc12bc2fb6a40c03bfa415dc27c8f998eec1905302, IPv_Type: ipv6, Location: 美国, ISP: Oracle Corporation, Date: None, Delay: -1 ms, Speed: 0.00 M/s, Resolution: None
Name: 陕西卫视, URL: https://www.freetv.top/migu/738910838.m3u8?migutoken=7a2ceb1f61adc2c6d6dd1c53cd296e5f6a0051a6d1feeca78950e85d307caa9edd71e4c150c3c44b3f5465612befd2294c38f49ce94c3a42b166683c48422cfecb24f5888d679c6511ca220f9e, IPv_Type: ipv6, Location: 美国, ISP: Oracle Corporation, Date: None, Delay: -1 ms, Speed: 0.00 M/s, Resolution: None
Name: 陕西卫视, URL: https://stream1.freetv.fun/shan-xi-wei-shi-117.m3u8, IPv_Type: ipv6, Location: 美国, ISP: CloudFlare Inc., Date: None, Delay: -1 ms, Speed: 0.00 M/s, Resolution: None
Name: 陕西卫视, URL: https://www.freetv.top/migu/738910838.m3u8?migutoken=1aef50c89c9468d94677a906c3332de851f93ccdc0dab306ff82f6cf8dc0185feb0e0bd07a3fe73460155d5559750dd6fbd183dbf1005cf1c795d2257e6e73dfa1833fa9dcd8b3ce51f46b94ac, IPv_Type: ipv6, Location: 美国, ISP: Oracle Corporation, Date: None, Delay: -1 ms, Speed: 0.00 M/s, Resolution: None
Name: 陕西卫视, URL: https://www.freetv.top/migu/738910838.m3u8?migutoken=09026016da7aaebfe2b5209620fc769e607da89e9872bcd4ce9a1aa613405ea811b20cce8e1b873dca65260651de86493b78c99585316805a4c193ef7565454d0b61da13cfee7568a580cd052a, IPv_Type: ipv6, Location: 美国, ISP: Oracle Corporation, Date: None, Delay: -1 ms, Speed: 0.00 M/s, Resolution: None
Name: 陕西卫视, URL: https://www.freetv.top/migu/738910838.m3u8?migutoken=2811d59f756bd877ff82baab357029babfd42a225de3fc15373dd44a1eebc8fbe99b4cb84744baa6a1a884e6234a5608467ca1188361e65f980ee6900e1e4d76728f01cb0b40114546b51af18f, IPv_Type: ipv6, Location: 美国, ISP: Oracle Corporation, Date: None, Delay: -1 ms, Speed: 0.00 M/s, Resolution: None
Name: 陕西卫视, URL: https://www.freetv.top/migu/738910838.m3u8?migutoken=1def8fc5a795051b6066c0acee3c9f7979e83db98566f531e84c3215698393c2ddfa1bd9dc18c26d1b9a3dcdbe9db0e27584cd02a931aea3a44523d5fb6a41c3607487fda0cb774e7ed5ada35f, IPv_Type: ipv6, Location: 美国, ISP: Oracle Corporation, Date: None, Delay: -1 ms, Speed: 0.00 M/s, Resolution: None
Name: 陕西卫视, URL: http://hlsbkmgsplive.miguvideo.com/migu/kailu/shan3xiws/57/20220809/index.m3u8, IPv_Type: ipv6, Location: 中国, ISP: 中国移动, Date: None, Delay: -1 ms, Speed: 0.00 M/s, Resolution: None
Name: 陕西卫视, URL: http://[2409:8087:1a01:df::7005]:80/ottrrs.hl.chinamobile.com/PLTV/88888888/224/3221225625/index.m3u8, IPv_Type: ipv6, Location: 中国, ISP: 中国移动, Date: None, Delay: -1 ms, Speed: 0.00 M/s, Resolution: None
Name: 陕西卫视, URL: https://t.freetv.fun/live/shan-xi-wei-shi-14.m3u8, IPv_Type: ipv6, Location: 美国, ISP: CloudFlare Inc., Date: None, Delay: -1 ms, Speed: 0.00 M/s, Resolution: None
Name: 陕西卫视, URL: https://t.freetv.fun/live/shan-xi-wei-shi-4.m3u8, IPv_Type: ipv6, Location: 美国, ISP: CloudFlare Inc., Date: None, Delay: -1 ms, Speed: 0.00 M/s, Resolution: None
Name: 陕西卫视, URL: http://mgsp-zy2.live.miguvideo.com:8088/migu/kailu/shan3xiws/51/20220809/index.m3u8?msisdn=2be6b2ec9fcf10d2c2457e2c710e172c&mdspid=&spid=600633&netType=0&sid=5910020475&pid=2028597139&timestamp=20260225060204&Channel_ID=0116_2600034600-99000-201600010010028&ProgramID=738910838&ParentNodeID=-99&assertID=5910020475&client_ip=218.28.233.106&SecurityKey=20260225060204&promotionId=&mvid=5900004331&mcid=500020&playurlVersion=WX-A1-9.2.1-RELEASE&userid=&jmhm=&videocodec=h264&appCode=miguvideo_android&bean=mgspad&tid=android&conFee=0&encrypt=54a24d3d066cd92bccecd52e39657d62&sv=10004&ct=android, IPv_Type: ipv6, Location: 中国, ISP: 中国电信, Date: None, Delay: -1 ms, Speed: 0.00 M/s, Resolution: None
Name: 陕西卫视, URL: http://hlsbkmgsplive.miguvideo.com/migu/kailu/shan3xiws/57/20220809/index.m3u8?msisdn=&mtv_session=&HlsSubType=1&HlsProfileId=1&nphaid=0&encrypt=, IPv_Type: ipv6, Location: 中国, ISP: 中国移动, Date: None, Delay: -1 ms, Speed: 0.00 M/s, Resolution: None
Name: 陕西卫视, URL: http://38.75.136.137:98/gslb/dsdqpub/snwshd.m3u8?auth=testpub, IPv_Type: ipv4, Location: 美国-哥伦比亚特区-哥伦比亚特区, ISP: Cogent, Date: None, Delay: 620 ms, Speed: 8.59 M/s, Resolution: 1920x1080
Name: 深圳卫视, URL: http://api.kkitv.itv888.cn:8080/hls/iftsd32ykm/index.m3u8, IPv_Type: ipv6, Location: 美国, ISP: CloudFlare Inc., Date: None, Delay: -1 ms, Speed: 0.00 M/s, Resolution: None
Name: 深圳卫视, URL: https://iptv.catvod.com/catvod.php?id=szws, IPv_Type: ipv6, Location: 美国, ISP: CloudFlare Inc., Date: None, Delay: -1 ms, Speed: 0.00 M/s, Resolution: None
Name: 深圳卫视, URL: http://iptv.huuc.edu.cn/hls/szhd.m3u8, IPv_Type: ipv6, Location: 中国, ISP: 教育网, Date: None, Delay: -1 ms, Speed: 0.00 M/s, Resolution: None
Name: 深圳卫视, URL: https://iptv.catvod.com/live.php?id=%E6%B7%B1%E5%9C%B3%E5%8D%AB%E8%A7%86, IPv_Type: ipv6, Location: 美国, ISP: CloudFlare Inc., Date: None, Delay: -1 ms, Speed: 0.00 M/s, Resolution: None
Name: 深圳卫视, URL: https://iptv.catvod.com/live.php?id=%E6%B7%B1%E5%9C%B3%E5%8D%AB%E8%A7%86&line=3, IPv_Type: ipv6, Location: 美国, ISP: CloudFlare Inc., Date: None, Delay: -1 ms, Speed: 0.00 M/s, Resolution: None
Name: 深圳卫视, URL: https://iptv.catvod.com/live.php?id=%E6%B7%B1%E5%9C%B3%E5%8D%AB%E8%A7%86&line=1, IPv_Type: ipv6, Location: 美国, ISP: CloudFlare Inc., Date: None, Delay: -1 ms, Speed: 0.00 M/s, Resolution: None
Name: 深圳卫视, URL: https://iptv.catvod.com/live.php?id=%E6%B7%B1%E5%9C%B3%E5%8D%AB%E8%A7%86&line=2, IPv_Type: ipv6, Location: 美国, ISP: CloudFlare Inc., Date: None, Delay: -1 ms, Speed: 0.00 M/s, Resolution: None
Name: 深圳卫视, URL: http://php.jdshipin.com/TVOD/hnyd.php?id=200000001898/460000089800010068, IPv_Type: ipv6, Location: 美国, ISP: CloudFlare Inc., Date: None, Delay: -1 ms, Speed: 0.00 M/s, Resolution: None
Name: 深圳卫视, URL: https://smart.pendy.dpdns.org/Smart.php?id=shenzhen, IPv_Type: ipv6, Location: 美国, ISP: CloudFlare Inc., Date: None, Delay: -1 ms, Speed: 0.00 M/s, Resolution: None
Name: 深圳卫视, URL: http://z.b.bkpcp.top/m.php?id=szws, IPv_Type: ipv6, Location: 美国, ISP: CloudFlare Inc., Date: None, Delay: -1 ms, Speed: 0.00 M/s, Resolution: None
Name: 深圳卫视, URL: http://[2409:8087:1a15:10d1::33]/ottrrs.hl.chinamobile.com/PLTV/88888888/224/3221226313/index.m3u8, IPv_Type: ipv6, Location: 中国, ISP: 中国移动, Date: None, Delay: -1 ms, Speed: 0.00 M/s, Resolution: None
Name: 深圳卫视, URL: https://hls-gateway.vpstv.net/streams/476913.m3u8, IPv_Type: ipv6, Location: 美国, ISP: CloudFlare Inc., Date: None, Delay: -1 ms, Speed: 0.00 M/s, Resolution: None
Name: 深圳卫视, URL: http://[2409:8087:8:21::18]:6610/otttv.bj.chinamobile.com/PLTV/88888888/224/3221226959/1.m3u8?GuardEncType=2&accountinfo=%7E%7EV2.0%7EGrVNEZREjuNVKiTJo2mtwg%7EtP4-l0lmSfjwLWEfK_el1vH_mv-s1zo4AQJwdedaVwG9xkuFTDg8J26cwOrNJzn20BErrHdLhuZ9EzLUCD3PMW-OMx4MGteHV2vLeW6BqoY%2CEND, IPv_Type: ipv6, Location: 中国, ISP: 中国移动, Date: None, Delay: -1 ms, Speed: 0.00 M/s, Resolution: None
Name: 深圳卫视, URL: http://wouu.net:9977/udp/239.93.0.182:5140, IPv_Type: ipv6, Location: 保留地址, ISP: 主机之间的链路本地地址, Date: None, Delay: -1 ms, Speed: 0.00 M/s, Resolution: None
Name: 深圳卫视, URL: http://[2409:8087:1a01:df::4077]:80/ottrrs.hl.chinamobile.com/yinhe/88888888/224/3221226313/index.m3u8, IPv_Type: ipv6, Location: 中国, ISP: 中国移动, Date: None, Delay: -1 ms, Speed: 0.00 M/s, Resolution: None
Name: 深圳卫视, URL: http://[2409:8087:1a01:df::4077]/ottrrs.hl.chinamobile.com/PLTV/88888888/8/3221226313/index.m3u8, IPv_Type: ipv6, Location: 中国, ISP: 中国移动, Date: None, Delay: -1 ms, Speed: 0.00 M/s, Resolution: None
Name: 深圳卫视, URL: http://[2409:8087:1a01:df::4077]/ottrrs.hl.chinamobile.com/PLTV/88888888/224/3221226313/index.m3u8, IPv_Type: ipv6, Location: 中国, ISP: 中国移动, Date: None, Delay: -1 ms, Speed: 0.00 M/s, Resolution: None
Name: 深圳卫视, URL: http://[2409:8087:1a01:df::4077]/ottrrs.hl.chinamobile.com/yinhe/88888888/224/3221226313/index.m3u8, IPv_Type: ipv6, Location: 中国, ISP: 中国移动, Date: None, Delay: -1 ms, Speed: 0.00 M/s, Resolution: None
Name: 深圳卫视, URL: http://[2409:8087:1a01:df::4077]:80/ottrrs.hl.chinamobile.com/PLTV/88888888/8/3221226313/index.m3u8, IPv_Type: ipv6, Location: 中国, ISP: 中国移动, Date: None, Delay: -1 ms, Speed: 0.00 M/s, Resolution: None
Name: 深圳卫视, URL: https://stream1.freetv.fun/b6f191d152cd68e82619bf81baa62725dd590bca499c810e11b4babbe75cf8d5.m3u8, IPv_Type: ipv6, Location: 美国, ISP: CloudFlare Inc., Date: None, Delay: -1 ms, Speed: 0.00 M/s, Resolution: None
Name: 深圳卫视, URL: http://[2409:8087:74f0:22::5]:6410/270000001128/9900000529/index.m3u8, IPv_Type: ipv6, Location: 中国, ISP: 中国移动, Date: None, Delay: -1 ms, Speed: 0.00 M/s, Resolution: None
Name: 深圳卫视, URL: http://[2409:8087:1a01:df::7005]/ottrrs.hl.chinamobile.com/PLTV/88888888/224/3221226313/index.m3u8, IPv_Type: ipv6, Location: 中国, ISP: 中国移动, Date: None, Delay: -1 ms, Speed: 0.00 M/s, Resolution: None
Name: 深圳卫视, URL: http://[2409:8087:1a01:df::7005]:80/ottrrs.hl.chinamobile.com/PLTV/88888888/224/3221226313/index.m3u8, IPv_Type: ipv6, Location: 中国, ISP: 中国移动, Date: None, Delay: -1 ms, Speed: 0.00 M/s, Resolution: None
Name: 深圳卫视, URL: http://[2409:8087:5e00:24::1e]:6060/200000001898/460000089800010068/1.m3u8, IPv_Type: ipv6, Location: 中国, ISP: 中国移动, Date: None, Delay: -1 ms, Speed: 0.00 M/s, Resolution: None
Name: 深圳卫视, URL: https://t.freetv.fun/live/shen-zhen-wei-shi.m3u8, IPv_Type: ipv6, Location: 美国, ISP: CloudFlare Inc., Date: None, Delay: -1 ms, Speed: 0.00 M/s, Resolution: None
Name: 深圳卫视, URL: https://t.freetv.fun/live/shen-zhen-wei-shi-7.m3u8, IPv_Type: ipv6, Location: 美国, ISP: CloudFlare Inc., Date: None, Delay: -1 ms, Speed: 0.00 M/s, Resolution: None
Name: 深圳卫视, URL: https://t.freetv.fun/live/shen-zhen-wei-shi-4.php, IPv_Type: ipv6, Location: 美国, ISP: CloudFlare Inc., Date: None, Delay: -1 ms, Speed: 0.00 M/s, Resolution: None
Name: 深圳卫视, URL: https://t.freetv.fun/live/shen-zhen-wei-shi-3.m3u8, IPv_Type: ipv6, Location: 美国, ISP: CloudFlare Inc., Date: None, Delay: -1 ms, Speed: 0.00 M/s, Resolution: None
Name: 深圳卫视, URL: https://t.freetv.fun/live/shen-zhen-wei-shi-6.m3u8, IPv_Type: ipv6, Location: 美国, ISP: CloudFlare Inc., Date: None, Delay: -1 ms, Speed: 0.00 M/s, Resolution: None
Name: 深圳卫视, URL: https://t.freetv.fun/live/shen-zhen-wei-shi-1.m3u8, IPv_Type: ipv6, Location: 美国, ISP: CloudFlare Inc., Date: None, Delay: -1 ms, Speed: 0.00 M/s, Resolution: None
Name: 深圳卫视, URL: https://t.freetv.fun/live/shen-zhen-wei-shi-2.m3u8, IPv_Type: ipv6, Location: 美国, ISP: CloudFlare Inc., Date: None, Delay: -1 ms, Speed: 0.00 M/s, Resolution: None
Name: 深圳卫视, URL: https://t.freetv.fun/live/shen-zhen-wei-shi-16.m3u8, IPv_Type: ipv6, Location: 美国, ISP: CloudFlare Inc., Date: None, Delay: -1 ms, Speed: 0.00 M/s, Resolution: None
Name: 深圳卫视, URL: http://[2409:8087:1a01:df::4077]:80/ottrrs.hl.chinamobile.com/PLTV/88888888/224/3221226313/index.m3u8, IPv_Type: ipv6, Location: 中国, ISP: 中国移动, Date: None, Delay: -1 ms, Speed: 0.00 M/s, Resolution: None
Name: 深圳卫视, URL: http://38.64.72.148:80/hls/modn/list/4007/playlist.m3u8, IPv_Type: ipv4, Location: 美国-加利福尼亚州-洛杉矶, ISP: Cogent, Date: None, Delay: 7340 ms, Speed: 0.33 M/s, Resolution: None
Name: 四川卫视, URL: http://api.kkitv.itv888.cn:8080/hls/p2npnppn96p/index.m3u8, IPv_Type: ipv6, Location: 美国, ISP: CloudFlare Inc., Date: None, Delay: -1 ms, Speed: 0.00 M/s, Resolution: None
Name: 四川卫视, URL: https://iptv.catvod.com/catvod.php?id=scws, IPv_Type: ipv6, Location: 美国, ISP: CloudFlare Inc., Date: None, Delay: -1 ms, Speed: 0.00 M/s, Resolution: None
Name: 四川卫视, URL: http://iptv.huuc.edu.cn/hls/schd.m3u8, IPv_Type: ipv6, Location: 中国, ISP: 教育网, Date: None, Delay: -1 ms, Speed: 0.00 M/s, Resolution: None
Name: 四川卫视, URL: https://iptv.catvod.com/live.php?id=%E5%9B%9B%E5%B7%9D%E5%8D%AB%E8%A7%86, IPv_Type: ipv6, Location: 美国, ISP: CloudFlare Inc., Date: None, Delay: -1 ms, Speed: 0.00 M/s, Resolution: None
Name: 四川卫视, URL: https://iptv.catvod.com/live.php?id=%E5%9B%9B%E5%B7%9D%E5%8D%AB%E8%A7%86&line=2, IPv_Type: ipv6, Location: 美国, ISP: CloudFlare Inc., Date: None, Delay: -1 ms, Speed: 0.00 M/s, Resolution: None
Name: 四川卫视, URL: https://iptv.catvod.com/live.php?id=%E5%9B%9B%E5%B7%9D%E5%8D%AB%E8%A7%86&line=3, IPv_Type: ipv6, Location: 美国, ISP: CloudFlare Inc., Date: None, Delay: -1 ms, Speed: 0.00 M/s, Resolution: None
Name: 四川卫视, URL: https://iptv.catvod.com/live.php?id=%E5%9B%9B%E5%B7%9D%E5%8D%AB%E8%A7%86&line=1, IPv_Type: ipv6, Location: 美国, ISP: CloudFlare Inc., Date: None, Delay: -1 ms, Speed: 0.00 M/s, Resolution: None
Name: 四川卫视, URL: http://[2409:8087:1a15:10d1::34]/ottrrs.hl.chinamobile.com/PLTV/88888888/224/3221226338/index.m3u8, IPv_Type: ipv6, Location: 中国, ISP: 中国移动, Date: None, Delay: -1 ms, Speed: 0.00 M/s, Resolution: None
Name: 四川卫视, URL: https://hls-gateway.vpstv.net/streams/476917.m3u8, IPv_Type: ipv6, Location: 美国, ISP: CloudFlare Inc., Date: None, Delay: -1 ms, Speed: 0.00 M/s, Resolution: None
Name: 四川卫视, URL: http://[2409:8087:8:21::18]:6610/otttv.bj.chinamobile.com/PLTV/88888888/224/3221226995/1.m3u8?GuardEncType=2&accountinfo=%7E%7EV2.0%7EBQiz3wrGrpG0CUSRIJ-7Jg%7EtP4-l0lmSfjwLWEfK_el1vH_mv-s1zo4AQJwdedaVwG9xkuFTDg8J26cwOrNJzn20BErrHdLhuZ9EzLUCD3PMW-OMx4MGteHV2vLeW6BqoY%2CEND, IPv_Type: ipv6, Location: 中国, ISP: 中国移动, Date: None, Delay: -1 ms, Speed: 0.00 M/s, Resolution: None
Name: 四川卫视, URL: http://wouu.net:9977/udp/239.93.0.20:1235, IPv_Type: ipv6, Location: 保留地址, ISP: 主机之间的链路本地地址, Date: None, Delay: -1 ms, Speed: 0.00 M/s, Resolution: None
Name: 四川卫视, URL: http://[2409:8087:1a01:df::4077]:80/ottrrs.hl.chinamobile.com/PLTV/88888888/8/3221226338/index.m3u8, IPv_Type: ipv6, Location: 中国, ISP: 中国移动, Date: None, Delay: -1 ms, Speed: 0.00 M/s, Resolution: None
Name: 四川卫视, URL: http://[2409:8087:1a01:df::4077]/ottrrs.hl.chinamobile.com/PLTV/88888888/8/3221226338/index.m3u8, IPv_Type: ipv6, Location: 中国, ISP: 中国移动, Date: None, Delay: -1 ms, Speed: 0.00 M/s, Resolution: None
Name: 四川卫视, URL: http://[2409:8087:1a01:df::4077]/ottrrs.hl.chinamobile.com/yinhe/88888888/224/3221226338/index.m3u8, IPv_Type: ipv6, Location: 中国, ISP: 中国移动, Date: None, Delay: -1 ms, Speed: 0.00 M/s, Resolution: None
Name: 四川卫视, URL: http://[2409:8087:1a01:df::4077]:80/ottrrs.hl.chinamobile.com/yinhe/88888888/224/3221226338/index.m3u8, IPv_Type: ipv6, Location: 中国, ISP: 中国移动, Date: None, Delay: -1 ms, Speed: 0.00 M/s, Resolution: None
Name: 四川卫视, URL: http://[2409:8087:1a01:df::4077]/ottrrs.hl.chinamobile.com/PLTV/88888888/224/3221226338/index.m3u8, IPv_Type: ipv6, Location: 中国, ISP: 中国移动, Date: None, Delay: -1 ms, Speed: 0.00 M/s, Resolution: None
Name: 四川卫视, URL: http://wouu.net:9977/udp/239.93.1.188:5140, IPv_Type: ipv6, Location: 保留地址, ISP: 主机之间的链路本地地址, Date: None, Delay: -1 ms, Speed: 0.00 M/s, Resolution: None
Name: 四川卫视, URL: https://stream1.freetv.fun/si-chuan-wei-shi-gao-qing-1.ctv, IPv_Type: ipv6, Location: 美国, ISP: CloudFlare Inc., Date: None, Delay: -1 ms, Speed: 0.00 M/s, Resolution: None
Name: 四川卫视, URL: https://stream1.freetv.fun/si-chuan-wei-shi-gao-qing-7.ctv, IPv_Type: ipv6, Location: 美国, ISP: CloudFlare Inc., Date: None, Delay: -1 ms, Speed: 0.00 M/s, Resolution: None
Name: 四川卫视, URL: https://stream1.freetv.fun/9bb3a53b6db62ecb53c69b99d4b342269873b573e1132398147a869414a76978.m3u8, IPv_Type: ipv6, Location: 美国, ISP: CloudFlare Inc., Date: None, Delay: -1 ms, Speed: 0.00 M/s, Resolution: None
Name: 四川卫视, URL: https://stream1.freetv.fun/si-chuan-wei-shi-gao-qing-2.m3u8, IPv_Type: ipv6, Location: 美国, ISP: CloudFlare Inc., Date: None, Delay: -1 ms, Speed: 0.00 M/s, Resolution: None
Name: 四川卫视, URL: https://stream1.freetv.fun/si-chuan-wei-shi-gao-qing-6.ctv, IPv_Type: ipv6, Location: 美国, ISP: CloudFlare Inc., Date: None, Delay: -1 ms, Speed: 0.00 M/s, Resolution: None
Name: 四川卫视, URL: http://[2409:8087:74f0:22::6]:6410/270000001128/9900000025/index.m3u8, IPv_Type: ipv6, Location: 中国, ISP: 中国移动, Date: None, Delay: -1 ms, Speed: 0.00 M/s, Resolution: None
Name: 四川卫视, URL: http://[2409:8087:1a01:df::7005]/ottrrs.hl.chinamobile.com/PLTV/88888888/224/3221226338/index.m3u8, IPv_Type: ipv6, Location: 中国, ISP: 中国移动, Date: None, Delay: -1 ms, Speed: 0.00 M/s, Resolution: None
Name: 四川卫视, URL: http://[2409:8087:5e00:24::1e]:6060/200000001898/460000089800010115/1.m3u8, IPv_Type: ipv6, Location: 中国, ISP: 中国移动, Date: None, Delay: -1 ms, Speed: 0.00 M/s, Resolution: None
Name: 四川卫视, URL: https://t.freetv.fun/live/si-chuan-wei-shi-3.php, IPv_Type: ipv6, Location: 美国, ISP: CloudFlare Inc., Date: None, Delay: -1 ms, Speed: 0.00 M/s, Resolution: None
Name: 四川卫视, URL: https://t.freetv.fun/live/si-chuan-wei-shi-2.php, IPv_Type: ipv6, Location: 美国, ISP: CloudFlare Inc., Date: None, Delay: -1 ms, Speed: 0.00 M/s, Resolution: None
Name: 四川卫视, URL: https://t.freetv.fun/live/si-chuan-wei-shi-9.php, IPv_Type: ipv6, Location: 美国, ISP: CloudFlare Inc., Date: None, Delay: -1 ms, Speed: 0.00 M/s, Resolution: None
Name: 四川卫视, URL: https://t.freetv.fun/live/si-chuan-wei-shi-5.m3u8, IPv_Type: ipv6, Location: 美国, ISP: CloudFlare Inc., Date: None, Delay: -1 ms, Speed: 0.00 M/s, Resolution: None
Name: 四川卫视, URL: https://t.freetv.fun/live/si-chuan-wei-shi-1.m3u8, IPv_Type: ipv6, Location: 美国, ISP: CloudFlare Inc., Date: None, Delay: -1 ms, Speed: 0.00 M/s, Resolution: None
Name: 四川卫视, URL: https://t.freetv.fun/live/si-chuan-wei-shi-4.m3u8, IPv_Type: ipv6, Location: 美国, ISP: CloudFlare Inc., Date: None, Delay: -1 ms, Speed: 0.00 M/s, Resolution: None
Name: 四川卫视, URL: https://t.freetv.fun/live/si-chuan-wei-shi-7.m3u8, IPv_Type: ipv6, Location: 美国, ISP: CloudFlare Inc., Date: None, Delay: -1 ms, Speed: 0.00 M/s, Resolution: None
Name: 四川卫视, URL: https://t.freetv.fun/live/si-chuan-wei-shi-11.php, IPv_Type: ipv6, Location: 美国, ISP: CloudFlare Inc., Date: None, Delay: -1 ms, Speed: 0.00 M/s, Resolution: None
Name: 四川卫视, URL: https://t.freetv.fun/live/si-chuan-wei-shi-6.m3u8, IPv_Type: ipv6, Location: 美国, ISP: CloudFlare Inc., Date: None, Delay: -1 ms, Speed: 0.00 M/s, Resolution: None
Name: 四川卫视, URL: http://wouu.net:9977/udp/239.93.0.169:5140, IPv_Type: ipv6, Location: 保留地址, ISP: 主机之间的链路本地地址, Date: None, Delay: -1 ms, Speed: 0.00 M/s, Resolution: None
Name: 四川卫视, URL: http://[2409:8087:1a01:df::4077]:80/ottrrs.hl.chinamobile.com/PLTV/88888888/224/3221226338/index.m3u8, IPv_Type: ipv6, Location: 中国, ISP: 中国移动, Date: None, Delay: -1 ms, Speed: 0.00 M/s, Resolution: None
Name: 四川卫视, URL: http://[2409:8087:1a01:df::7005]:80/ottrrs.hl.chinamobile.com/PLTV/88888888/224/3221226338/index.m3u8, IPv_Type: ipv6, Location: 中国, ISP: 中国移动, Date: None, Delay: -1 ms, Speed: 0.00 M/s, Resolution: None
Name: 四川卫视, URL: http://38.75.136.137:98/gslb/dsdqpub/scwshd.m3u8?auth=testpub, IPv_Type: ipv4, Location: 美国-哥伦比亚特区-哥伦比亚特区, ISP: Cogent, Date: None, Delay: 495 ms, Speed: 4.37 M/s, Resolution: 1920x1080
Name: 天津卫视, URL: http://api.kkitv.itv888.cn:8080/hls/z2lkdkrb4w/index.m3u8, IPv_Type: ipv6, Location: 美国, ISP: CloudFlare Inc., Date: None, Delay: -1 ms, Speed: 0.00 M/s, Resolution: None
Name: 天津卫视, URL: https://iptv.catvod.com/catvod.php?id=tjws, IPv_Type: ipv6, Location: 美国, ISP: CloudFlare Inc., Date: None, Delay: -1 ms, Speed: 0.00 M/s, Resolution: None
Name: 天津卫视, URL: http://iptv.huuc.edu.cn/hls/tjhd.m3u8, IPv_Type: ipv6, Location: 中国, ISP: 教育网, Date: None, Delay: -1 ms, Speed: 0.00 M/s, Resolution: None
Name: 天津卫视, URL: https://iptv.catvod.com/live.php?id=%E5%A4%A9%E6%B4%A5%E5%8D%AB%E8%A7%86&line=1, IPv_Type: ipv6, Location: 美国, ISP: CloudFlare Inc., Date: None, Delay: -1 ms, Speed: 0.00 M/s, Resolution: None
Name: 天津卫视, URL: https://iptv.catvod.com/live.php?id=%E5%A4%A9%E6%B4%A5%E5%8D%AB%E8%A7%86&line=4, IPv_Type: ipv6, Location: 美国, ISP: CloudFlare Inc., Date: None, Delay: -1 ms, Speed: 0.00 M/s, Resolution: None
Name: 天津卫视, URL: https://iptv.catvod.com/live.php?id=%E5%A4%A9%E6%B4%A5%E5%8D%AB%E8%A7%86&line=2, IPv_Type: ipv6, Location: 美国, ISP: CloudFlare Inc., Date: None, Delay: -1 ms, Speed: 0.00 M/s, Resolution: None
Name: 天津卫视, URL: https://iptv.catvod.com/live.php?id=%E5%A4%A9%E6%B4%A5%E5%8D%AB%E8%A7%86, IPv_Type: ipv6, Location: 美国, ISP: CloudFlare Inc., Date: None, Delay: -1 ms, Speed: 0.00 M/s, Resolution: None
Name: 天津卫视, URL: https://iptv.catvod.com/live.php?id=%E5%A4%A9%E6%B4%A5%E5%8D%AB%E8%A7%86&line=3, IPv_Type: ipv6, Location: 美国, ISP: CloudFlare Inc., Date: None, Delay: -1 ms, Speed: 0.00 M/s, Resolution: None
Name: 天津卫视, URL: http://[2409:8087:1a01:df::4030]:80/TVOD/88888888/224/3221225972/main.m3u8, IPv_Type: ipv6, Location: 中国, ISP: 中国移动, Date: None, Delay: -1 ms, Speed: 0.00 M/s, Resolution: None
Name: 天津卫视, URL: http://[2409:8087:1a0a:df::404b]/ottrrs.hl.chinamobile.com/TVOD/88888888/224/3221226459/index.m3u8, IPv_Type: ipv6, Location: 中国, ISP: 中国移动, Date: None, Delay: -1 ms, Speed: 0.00 M/s, Resolution: None
Name: 天津卫视, URL: http://[2409:8087:1a01:df::4077]/ottrrs.hl.chinamobile.com/PLTV/88888888/8/3221226459/index.m3u8, IPv_Type: ipv6, Location: 中国, ISP: 中国移动, Date: None, Delay: -1 ms, Speed: 0.00 M/s, Resolution: None
Name: 天津卫视, URL: http://[2409:8087:1a15:10d1::36]/ottrrs.hl.chinamobile.com/PLTV/88888888/224/3221225740/index.m3u8, IPv_Type: ipv6, Location: 中国, ISP: 中国移动, Date: None, Delay: -1 ms, Speed: 0.00 M/s, Resolution: None
Name: 天津卫视, URL: https://hls-gateway.vpstv.net/streams/708872.m3u8, IPv_Type: ipv6, Location: 美国, ISP: CloudFlare Inc., Date: None, Delay: -1 ms, Speed: 0.00 M/s, Resolution: None
Name: 天津卫视, URL: http://[2409:8087:8:21::18]:6610/otttv.bj.chinamobile.com/PLTV/88888888/224/3221226954/1.m3u8?GuardEncType=2&accountinfo=%7E%7EV2.0%7Eaf3wyULP1h575eM_4ByMDg%7EtP4-l0lmSfjwLWEfK_el1vH_mv-s1zo4AQJwdedaVwG9xkuFTDg8J26cwOrNJzn20BErrHdLhuZ9EzLUCD3PMW-OMx4MGteHV2vLeW6BqoY%2CEND, IPv_Type: ipv6, Location: 中国, ISP: 中国移动, Date: None, Delay: -1 ms, Speed: 0.00 M/s, Resolution: None
Name: 天津卫视, URL: http://[2409:8087:1a01:df::4077]/ottrrs.hl.chinamobile.com/PLTV/88888888/224/3221226459/index.m3u8, IPv_Type: ipv6, Location: 中国, ISP: 中国移动, Date: None, Delay: -1 ms, Speed: 0.00 M/s, Resolution: None
Name: 天津卫视, URL: http://[2409:8087:1a01:df::4077]:80/ottrrs.hl.chinamobile.com/yinhe/88888888/224/3221226459/index.m3u8, IPv_Type: ipv6, Location: 中国, ISP: 中国移动, Date: None, Delay: -1 ms, Speed: 0.00 M/s, Resolution: None
Name: 天津卫视, URL: http://[2409:8087:1a01:df::4077]/ottrrs.hl.chinamobile.com/yinhe/88888888/224/3221226459/index.m3u8, IPv_Type: ipv6, Location: 中国, ISP: 中国移动, Date: None, Delay: -1 ms, Speed: 0.00 M/s, Resolution: None
Name: 天津卫视, URL: http://[2409:8087:1a01:df::4077]:80/ottrrs.hl.chinamobile.com/PLTV/88888888/8/3221226459/index.m3u8, IPv_Type: ipv6, Location: 中国, ISP: 中国移动, Date: None, Delay: -1 ms, Speed: 0.00 M/s, Resolution: None
Name: 天津卫视, URL: http://[2409:8087:1a01:df::4077]:80/ottrrs.hl.chinamobile.com/PLTV/88888888/224/3221226459/index.m3u8, IPv_Type: ipv6, Location: 中国, ISP: 中国移动, Date: None, Delay: -1 ms, Speed: 0.00 M/s, Resolution: None
Name: 天津卫视, URL: https://stream1.freetv.fun/tian-jin-wei-shi-gao-qing-1.ctv, IPv_Type: ipv6, Location: 美国, ISP: CloudFlare Inc., Date: None, Delay: -1 ms, Speed: 0.00 M/s, Resolution: None
Name: 天津卫视, URL: http://wouu.net:9977/udp/239.93.0.167:5140, IPv_Type: ipv6, Location: 保留地址, ISP: 主机之间的链路本地地址, Date: None, Delay: -1 ms, Speed: 0.00 M/s, Resolution: None
Name: 天津卫视, URL: https://stream1.freetv.fun/tian-jin-wei-shi-gao-qing-2.m3u8, IPv_Type: ipv6, Location: 美国, ISP: CloudFlare Inc., Date: None, Delay: -1 ms, Speed: 0.00 M/s, Resolution: None
Name: 天津卫视, URL: http://[2409:8087:74f0:22::6]:6410/270000001128/9900000530/index.m3u8, IPv_Type: ipv6, Location: 中国, ISP: 中国移动, Date: None, Delay: -1 ms, Speed: 0.00 M/s, Resolution: None
Name: 天津卫视, URL: http://[2409:8087:1a01:df::7005]/ottrrs.hl.chinamobile.com/PLTV/88888888/224/3221226459/index.m3u8, IPv_Type: ipv6, Location: 中国, ISP: 中国移动, Date: None, Delay: -1 ms, Speed: 0.00 M/s, Resolution: None
Name: 天津卫视, URL: http://[2409:8087:1a01:df::7005]:80/ottrrs.hl.chinamobile.com/PLTV/88888888/224/3221226459/index.m3u8, IPv_Type: ipv6, Location: 中国, ISP: 中国移动, Date: None, Delay: -1 ms, Speed: 0.00 M/s, Resolution: None
Name: 天津卫视, URL: http://[2409:8087:5e00:24::1e]:6060/200000001898/460000089800010069/1.m3u8, IPv_Type: ipv6, Location: 中国, ISP: 中国移动, Date: None, Delay: -1 ms, Speed: 0.00 M/s, Resolution: None
Name: 天津卫视, URL: https://t.freetv.fun/live/tian-jin-wei-shi.m3u8, IPv_Type: ipv6, Location: 美国, ISP: CloudFlare Inc., Date: None, Delay: -1 ms, Speed: 0.00 M/s, Resolution: None
Name: 天津卫视, URL: https://t.freetv.fun/live/tian-jin-wei-shi-3.php, IPv_Type: ipv6, Location: 美国, ISP: CloudFlare Inc., Date: None, Delay: -1 ms, Speed: 0.00 M/s, Resolution: None
Name: 天津卫视, URL: https://t.freetv.fun/live/tian-jin-wei-shi-9.m3u8, IPv_Type: ipv6, Location: 美国, ISP: CloudFlare Inc., Date: None, Delay: -1 ms, Speed: 0.00 M/s, Resolution: None
Name: 天津卫视, URL: https://t.freetv.fun/live/tian-jin-wei-shi-4.m3u8, IPv_Type: ipv6, Location: 美国, ISP: CloudFlare Inc., Date: None, Delay: -1 ms, Speed: 0.00 M/s, Resolution: None
Name: 天津卫视, URL: https://t.freetv.fun/live/tian-jin-wei-shi-12.m3u8, IPv_Type: ipv6, Location: 美国, ISP: CloudFlare Inc., Date: None, Delay: -1 ms, Speed: 0.00 M/s, Resolution: None
Name: 天津卫视, URL: https://t.freetv.fun/live/tian-jin-wei-shi-6.m3u8, IPv_Type: ipv6, Location: 美国, ISP: CloudFlare Inc., Date: None, Delay: -1 ms, Speed: 0.00 M/s, Resolution: None
Name: 天津卫视, URL: http://38.75.136.137:98/gslb/dsdqpub/tjwshd.m3u8?auth=testpub, IPv_Type: ipv4, Location: 美国-哥伦比亚特区-哥伦比亚特区, ISP: Cogent, Date: None, Delay: 644 ms, Speed: 5.07 M/s, Resolution: 1920x1080
Name: 天津卫视, URL: http://drive.mxmy.net:8888/udp/239.3.1.141:1234, IPv_Type: ipv4, Location: 中国-北京-北京, ISP: 联通, Date: None, Delay: 512 ms, Speed: 0.07 M/s, Resolution: 1920x1080
Name: 西藏卫视, URL: https://iptv.catvod.com/catvod.php?id=xzws, IPv_Type: ipv6, Location: 美国, ISP: CloudFlare Inc., Date: None, Delay: -1 ms, Speed: 0.00 M/s, Resolution: None
Name: 西藏卫视, URL: https://iptv.catvod.com/live.php?id=%E8%A5%BF%E8%97%8F%E5%8D%AB%E8%A7%86&line=3, IPv_Type: ipv6, Location: 美国, ISP: CloudFlare Inc., Date: None, Delay: -1 ms, Speed: 0.00 M/s, Resolution: None
Name: 西藏卫视, URL: https://iptv.catvod.com/live.php?id=%E8%A5%BF%E8%97%8F%E5%8D%AB%E8%A7%86, IPv_Type: ipv6, Location: 美国, ISP: CloudFlare Inc., Date: None, Delay: -1 ms, Speed: 0.00 M/s, Resolution: None
Name: 西藏卫视, URL: https://iptv.catvod.com/live.php?id=%E8%A5%BF%E8%97%8F%E5%8D%AB%E8%A7%86&line=2, IPv_Type: ipv6, Location: 美国, ISP: CloudFlare Inc., Date: None, Delay: -1 ms, Speed: 0.00 M/s, Resolution: None
Name: 西藏卫视, URL: https://iptv.catvod.com/live.php?id=%E8%A5%BF%E8%97%8F%E5%8D%AB%E8%A7%86&line=1, IPv_Type: ipv6, Location: 美国, ISP: CloudFlare Inc., Date: None, Delay: -1 ms, Speed: 0.00 M/s, Resolution: None
Name: 西藏卫视, URL: http://[2409:8087:1a15:10d1::39]/ottrrs.hl.chinamobile.com/PLTV/88888888/224/3221226433/index.m3u8, IPv_Type: ipv6, Location: 中国, ISP: 中国移动, Date: None, Delay: -1 ms, Speed: 0.00 M/s, Resolution: None
Name: 西藏卫视, URL: http://[2409:8087:8:21::18]:6610/otttv.bj.chinamobile.com/PLTV/88888888/224/3221227033/1.m3u8?GuardEncType=2&accountinfo=%7E%7EV2.0%7EdeTB7OZ9G_VNJk5C3t96fQ%7EtP4-l0lmSfjwLWEfK_el1vH_mv-s1zo4AQJwdedaVwG9xkuFTDg8J26cwOrNJzn20BErrHdLhuZ9EzLUCD3PMW-OMx4MGteHV2vLeW6BqoY%2CEND, IPv_Type: ipv6, Location: 中国, ISP: 中国移动, Date: None, Delay: -1 ms, Speed: 0.00 M/s, Resolution: None
Name: 西藏卫视, URL: http://wouu.net:9977/udp/239.93.0.175:5140, IPv_Type: ipv6, Location: 保留地址, ISP: 主机之间的链路本地地址, Date: None, Delay: -1 ms, Speed: 0.00 M/s, Resolution: None
Name: 西藏卫视, URL: https://stream1.freetv.fun/a49e23e64df3f298107a73164d61744b12634287593fc849d504ba2918b3996d.m3u8, IPv_Type: ipv6, Location: 美国, ISP: CloudFlare Inc., Date: None, Delay: -1 ms, Speed: 0.00 M/s, Resolution: None
Name: 西藏卫视, URL: http://php.jdshipin.com/xztv.php?id=ws, IPv_Type: ipv6, Location: 美国, ISP: CloudFlare Inc., Date: None, Delay: -1 ms, Speed: 0.00 M/s, Resolution: None
Name: 西藏卫视, URL: https://t.freetv.fun/live/xi-cang-wei-shi-3.php, IPv_Type: ipv6, Location: 美国, ISP: CloudFlare Inc., Date: None, Delay: -1 ms, Speed: 0.00 M/s, Resolution: None
Name: 西藏卫视, URL: https://t.freetv.fun/live/xi-cang-wei-shi-2.m3u8, IPv_Type: ipv6, Location: 美国, ISP: CloudFlare Inc., Date: None, Delay: -1 ms, Speed: 0.00 M/s, Resolution: None
Name: 西藏卫视, URL: http://php.jdshipin.com:8880/xztv.php?id=ws, IPv_Type: ipv6, Location: 美国, ISP: CloudFlare Inc., Date: None, Delay: -1 ms, Speed: 0.00 M/s, Resolution: None
Name: 西藏卫视, URL: https://t.freetv.fun/live/xi-cang-wei-shi-7.php, IPv_Type: ipv6, Location: 美国, ISP: CloudFlare Inc., Date: None, Delay: -1 ms, Speed: 0.00 M/s, Resolution: None
Name: 西藏卫视, URL: https://t.freetv.fun/live/xi-cang-wei-shi-6.php, IPv_Type: ipv6, Location: 美国, ISP: CloudFlare Inc., Date: None, Delay: -1 ms, Speed: 0.00 M/s, Resolution: None
Name: 西藏卫视, URL: https://t.freetv.fun/live/xi-cang-wei-shi-1.m3u8, IPv_Type: ipv6, Location: 美国, ISP: CloudFlare Inc., Date: None, Delay: -1 ms, Speed: 0.00 M/s, Resolution: None
Name: 新疆卫视, URL: https://iptv.catvod.com/catvod.php?id=xjws, IPv_Type: ipv6, Location: 美国, ISP: CloudFlare Inc., Date: None, Delay: -1 ms, Speed: 0.00 M/s, Resolution: None
Name: 新疆卫视, URL: https://iptv.catvod.com/live.php?id=%E6%96%B0%E7%96%86%E5%8D%AB%E8%A7%86&line=2, IPv_Type: ipv6, Location: 美国, ISP: CloudFlare Inc., Date: None, Delay: -1 ms, Speed: 0.00 M/s, Resolution: None
Name: 新疆卫视, URL: https://iptv.catvod.com/live.php?id=%E6%96%B0%E7%96%86%E5%8D%AB%E8%A7%86&line=1, IPv_Type: ipv6, Location: 美国, ISP: CloudFlare Inc., Date: None, Delay: -1 ms, Speed: 0.00 M/s, Resolution: None
Name: 新疆卫视, URL: https://iptv.catvod.com/live.php?id=%E6%96%B0%E7%96%86%E5%8D%AB%E8%A7%86, IPv_Type: ipv6, Location: 美国, ISP: CloudFlare Inc., Date: None, Delay: -1 ms, Speed: 0.00 M/s, Resolution: None
Name: 新疆卫视, URL: https://iptv.catvod.com/live.php?id=%E6%96%B0%E7%96%86%E5%8D%AB%E8%A7%86&line=3, IPv_Type: ipv6, Location: 美国, ISP: CloudFlare Inc., Date: None, Delay: -1 ms, Speed: 0.00 M/s, Resolution: None
Name: 新疆卫视, URL: http://goo.bkpcp.top/mg/xjws, IPv_Type: ipv6, Location: 美国, ISP: CloudFlare Inc., Date: None, Delay: -1 ms, Speed: 0.00 M/s, Resolution: None
Name: 新疆卫视, URL: http://[2409:8087:1a0a:df::404b]/ottrrs.hl.chinamobile.com/TVOD/88888888/224/3221225635/index.m3u8, IPv_Type: ipv6, Location: 中国, ISP: 中国移动, Date: None, Delay: -1 ms, Speed: 0.00 M/s, Resolution: None
Name: 新疆卫视, URL: http://[2409:8087:2001:20:2800:0:df6e:eb0b]/wh7f454c46tw993550557_162751766/ott.mobaibox.com/PLTV/3/224/3221228290/index.m3u8?icpid=3&RTS=1668604377&from=40&popid=40&hms_devid=2038&prioritypopid=40&vqe=3, IPv_Type: ipv6, Location: 中国, ISP: 中国移动, Date: None, Delay: -1 ms, Speed: 0.00 M/s, Resolution: None
Name: 新疆卫视, URL: http://[2409:8087:1a01:df::4077]/ottrrs.hl.chinamobile.com/PLTV/88888888/8/3221226460/index.m3u8, IPv_Type: ipv6, Location: 中国, ISP: 中国移动, Date: None, Delay: -1 ms, Speed: 0.00 M/s, Resolution: None
Name: 新疆卫视, URL: http://[2409:8087:8:21::18]:6610/otttv.bj.chinamobile.com/PLTV/88888888/224/3221226546/1.m3u8, IPv_Type: ipv6, Location: 中国, ISP: 中国移动, Date: None, Delay: -1 ms, Speed: 0.00 M/s, Resolution: None
Name: 新疆卫视, URL: https://hls-gateway.vpstv.net/streams/709094.m3u8, IPv_Type: ipv6, Location: 美国, ISP: CloudFlare Inc., Date: None, Delay: -1 ms, Speed: 0.00 M/s, Resolution: None
Name: 新疆卫视, URL: http://[2409:8087:8:21::18]:6610/otttv.bj.chinamobile.com/PLTV/88888888/224/3221227011/1.m3u8?GuardEncType=2&accountinfo=%7E%7EV2.0%7ExAUu61iVvo_xYbANWJhgXw%7EtP4-l0lmSfjwLWEfK_el1vH_mv-s1zo4AQJwdedaVwG9xkuFTDg8J26cwOrNJzn20BErrHdLhuZ9EzLUCD3PMW-OMx4MGteHV2vLeW6BqoY%2CEND, IPv_Type: ipv6, Location: 中国, ISP: 中国移动, Date: None, Delay: -1 ms, Speed: 0.00 M/s, Resolution: None
Name: 新疆卫视, URL: http://wouu.net:9977/udp/239.93.0.194:5140, IPv_Type: ipv6, Location: 保留地址, ISP: 主机之间的链路本地地址, Date: None, Delay: -1 ms, Speed: 0.00 M/s, Resolution: None
Name: 新疆卫视, URL: http://[2409:8087:1a01:df::4077]:80/ottrrs.hl.chinamobile.com/PLTV/88888888/8/3221226460/index.m3u8, IPv_Type: ipv6, Location: 中国, ISP: 中国移动, Date: None, Delay: -1 ms, Speed: 0.00 M/s, Resolution: None
Name: 新疆卫视, URL: https://stream1.freetv.fun/xin-jiang-wei-shi-15.m3u8, IPv_Type: ipv6, Location: 美国, ISP: CloudFlare Inc., Date: None, Delay: -1 ms, Speed: 0.00 M/s, Resolution: None
Name: 新疆卫视, URL: http://[2409:8087:1a01:df::7005]:80/ottrrs.hl.chinamobile.com/PLTV/88888888/224/3221225635/index.m3u8, IPv_Type: ipv6, Location: 中国, ISP: 中国移动, Date: None, Delay: -1 ms, Speed: 0.00 M/s, Resolution: None
Name: 新疆卫视, URL: https://t.freetv.fun/live/xin-jiang-wei-shi.m3u8, IPv_Type: ipv6, Location: 美国, ISP: CloudFlare Inc., Date: None, Delay: -1 ms, Speed: 0.00 M/s, Resolution: None
Name: 新疆卫视, URL: https://t.freetv.fun/live/xin-jiang-wei-shi-2.m3u8, IPv_Type: ipv6, Location: 美国, ISP: CloudFlare Inc., Date: None, Delay: -1 ms, Speed: 0.00 M/s, Resolution: None
Name: 新疆卫视, URL: http://218.84.12.186:8001/hls/main/playlist.m3u8?zxinjd;http://218.84.12.186:8001/hls/main/playlist.m3u8zxinjd, IPv_Type: ipv4, Location: 中国-新疆-伊犁哈萨克自治州, ISP: 电信, Date: None, Delay: 3524 ms, Speed: 0.34 M/s, Resolution: 1920x1080
Name: 云南卫视, URL: https://iptv.catvod.com/catvod.php?id=ynws, IPv_Type: ipv6, Location: 美国, ISP: CloudFlare Inc., Date: None, Delay: -1 ms, Speed: 0.00 M/s, Resolution: None
Name: 云南卫视, URL: https://iptv.catvod.com/live.php?id=%E4%BA%91%E5%8D%97%E5%8D%AB%E8%A7%86&line=1, IPv_Type: ipv6, Location: 美国, ISP: CloudFlare Inc., Date: None, Delay: -1 ms, Speed: 0.00 M/s, Resolution: None
Name: 云南卫视, URL: https://iptv.catvod.com/live.php?id=%E4%BA%91%E5%8D%97%E5%8D%AB%E8%A7%86, IPv_Type: ipv6, Location: 美国, ISP: CloudFlare Inc., Date: None, Delay: -1 ms, Speed: 0.00 M/s, Resolution: None
Name: 云南卫视, URL: https://iptv.catvod.com/live.php?id=%E4%BA%91%E5%8D%97%E5%8D%AB%E8%A7%86&line=2, IPv_Type: ipv6, Location: 美国, ISP: CloudFlare Inc., Date: None, Delay: -1 ms, Speed: 0.00 M/s, Resolution: None
Name: 云南卫视, URL: https://iptv.catvod.com/live.php?id=%E4%BA%91%E5%8D%97%E5%8D%AB%E8%A7%86&line=3, IPv_Type: ipv6, Location: 美国, ISP: CloudFlare Inc., Date: None, Delay: -1 ms, Speed: 0.00 M/s, Resolution: None
Name: 云南卫视, URL: http://[2409:8087:1a15:10d1::39]/ottrrs.hl.chinamobile.com/PLTV/88888888/224/3221226444/index.m3u8, IPv_Type: ipv6, Location: 中国, ISP: 中国移动, Date: None, Delay: -1 ms, Speed: 0.00 M/s, Resolution: None
Name: 云南卫视, URL: https://hls-gateway.vpstv.net/streams/708863.m3u8, IPv_Type: ipv6, Location: 美国, ISP: CloudFlare Inc., Date: None, Delay: -1 ms, Speed: 0.00 M/s, Resolution: None
Name: 云南卫视, URL: http://[2409:8087:8:21::18]:6610/otttv.bj.chinamobile.com/PLTV/88888888/224/3221227028/1.m3u8?GuardEncType=2&accountinfo=%7E%7EV2.0%7EGfQPqRNVeBjTMsZ48qu0SA%7EtP4-l0lmSfjwLWEfK_el1vH_mv-s1zo4AQJwdedaVwG9xkuFTDg8J26cwOrNJzn20BErrHdLhuZ9EzLUCD3PMW-OMx4MGteHV2vLeW6BqoY%2CEND, IPv_Type: ipv6, Location: 中国, ISP: 中国移动, Date: None, Delay: -1 ms, Speed: 0.00 M/s, Resolution: None
Name: 云南卫视, URL: http://wouu.net:9977/udp/239.93.0.174:5140, IPv_Type: ipv6, Location: 保留地址, ISP: 主机之间的链路本地地址, Date: None, Delay: -1 ms, Speed: 0.00 M/s, Resolution: None
Name: 云南卫视, URL: http://[2409:8087:1a01:df::4077]/ottrrs.hl.chinamobile.com/PLTV/88888888/8/3221226444/index.m3u8, IPv_Type: ipv6, Location: 中国, ISP: 中国移动, Date: None, Delay: -1 ms, Speed: 0.00 M/s, Resolution: None
Name: 云南卫视, URL: http://[2409:8087:1a01:df::4077]:80/ottrrs.hl.chinamobile.com/PLTV/88888888/8/3221226444/index.m3u8, IPv_Type: ipv6, Location: 中国, ISP: 中国移动, Date: None, Delay: -1 ms, Speed: 0.00 M/s, Resolution: None
Name: 云南卫视, URL: http://3501776.xyz:35455/itv/5000000011000031120.m3u8?cdn=bestzb, IPv_Type: ipv6, Location: 中国, ISP: 中国电信, Date: None, Delay: -1 ms, Speed: 0.00 M/s, Resolution: None
Name: 云南卫视, URL: https://stream1.freetv.fun/chcying-mi-dian-ying-14.m3u8, IPv_Type: ipv6, Location: 美国, ISP: CloudFlare Inc., Date: None, Delay: -1 ms, Speed: 0.00 M/s, Resolution: None
Name: 云南卫视, URL: http://wouu.net:9977/udp/239.93.1.174:5140, IPv_Type: ipv6, Location: 保留地址, ISP: 主机之间的链路本地地址, Date: None, Delay: -1 ms, Speed: 0.00 M/s, Resolution: None
Name: 云南卫视, URL: http://[2409:8087:74f0:22::7]:6410/270000001128/9900000035/index.m3u8, IPv_Type: ipv6, Location: 中国, ISP: 中国移动, Date: None, Delay: -1 ms, Speed: 0.00 M/s, Resolution: None
Name: 云南卫视, URL: http://[2409:8087:1a01:df::7005]:80/ottrrs.hl.chinamobile.com/PLTV/88888888/224/3221226444/index.m3u8, IPv_Type: ipv6, Location: 中国, ISP: 中国移动, Date: None, Delay: -1 ms, Speed: 0.00 M/s, Resolution: None
Name: 云南卫视, URL: http://[2409:8087:5e00:24::1e]:6060/200000001898/460000089800010119/1.m3u8, IPv_Type: ipv6, Location: 中国, ISP: 中国移动, Date: None, Delay: -1 ms, Speed: 0.00 M/s, Resolution: None
Name: 云南卫视, URL: https://t.freetv.fun/live/yun-nan-wei-shi-6.php, IPv_Type: ipv6, Location: 美国, ISP: CloudFlare Inc., Date: None, Delay: -1 ms, Speed: 0.00 M/s, Resolution: None
Name: 云南卫视, URL: https://t.freetv.fun/live/yun-nan-wei-shi-8.php, IPv_Type: ipv6, Location: 美国, ISP: CloudFlare Inc., Date: None, Delay: -1 ms, Speed: 0.00 M/s, Resolution: None
Name: 云南卫视, URL: https://t.freetv.fun/live/yun-nan-wei-shi-3.m3u8, IPv_Type: ipv6, Location: 美国, ISP: CloudFlare Inc., Date: None, Delay: -1 ms, Speed: 0.00 M/s, Resolution: None
Name: 云南卫视, URL: https://t.freetv.fun/live/yun-nan-wei-shi-2.m3u8, IPv_Type: ipv6, Location: 美国, ISP: CloudFlare Inc., Date: None, Delay: -1 ms, Speed: 0.00 M/s, Resolution: None
Name: 云南卫视, URL: http://38.75.136.137:98/gslb/dsdqpub/ynwshd.m3u8?auth=testpub, IPv_Type: ipv4, Location: 美国-哥伦比亚特区-哥伦比亚特区, ISP: Cogent, Date: None, Delay: 537 ms, Speed: 6.06 M/s, Resolution: 1920x1080
Name: 浙江卫视, URL: http://api.kkitv.itv888.cn:8080/hls/urjqjvyf41q/index.m3u8, IPv_Type: ipv6, Location: 美国, ISP: CloudFlare Inc., Date: None, Delay: -1 ms, Speed: 0.00 M/s, Resolution: None
Name: 浙江卫视, URL: https://iptv.catvod.com/catvod.php?id=zjws, IPv_Type: ipv6, Location: 美国, ISP: CloudFlare Inc., Date: None, Delay: -1 ms, Speed: 0.00 M/s, Resolution: None
Name: 浙江卫视, URL: http://iptv.huuc.edu.cn/hls/zjhd.m3u8, IPv_Type: ipv6, Location: 中国, ISP: 教育网, Date: None, Delay: -1 ms, Speed: 0.00 M/s, Resolution: None
Name: 浙江卫视, URL: https://migu.188766.xyz/?migutoken=8eea428d180adbfa16869882c9720bb1&id=z_jws&type=sz, IPv_Type: ipv6, Location: 美国, ISP: CloudFlare Inc., Date: None, Delay: -1 ms, Speed: 0.00 M/s, Resolution: None
Name: 浙江卫视, URL: https://iptv.catvod.com/live.php?id=%E6%B5%99%E6%B1%9F%E5%8D%AB%E8%A7%86&line=9, IPv_Type: ipv6, Location: 美国, ISP: CloudFlare Inc., Date: None, Delay: -1 ms, Speed: 0.00 M/s, Resolution: None
Name: 浙江卫视, URL: https://iptv.catvod.com/live.php?id=%E6%B5%99%E6%B1%9F%E5%8D%AB%E8%A7%86&line=8, IPv_Type: ipv6, Location: 美国, ISP: CloudFlare Inc., Date: None, Delay: -1 ms, Speed: 0.00 M/s, Resolution: None
Name: 浙江卫视, URL: https://iptv.catvod.com/live.php?id=%E6%B5%99%E6%B1%9F%E5%8D%AB%E8%A7%86&line=2, IPv_Type: ipv6, Location: 美国, ISP: CloudFlare Inc., Date: None, Delay: -1 ms, Speed: 0.00 M/s, Resolution: None
Name: 浙江卫视, URL: http://[2409:8087:1a15:10d1::36]/ottrrs.hl.chinamobile.com/PLTV/88888888/224/3221225612/index.m3u8, IPv_Type: ipv6, Location: 中国, ISP: 中国移动, Date: None, Delay: -1 ms, Speed: 0.00 M/s, Resolution: None
Name: 浙江卫视, URL: https://hls-gateway.vpstv.net/streams/476909.m3u8, IPv_Type: ipv6, Location: 美国, ISP: CloudFlare Inc., Date: None, Delay: -1 ms, Speed: 0.00 M/s, Resolution: None
Name: 浙江卫视, URL: http://[2409:8087:8:21::18]:6610/otttv.bj.chinamobile.com/PLTV/88888888/224/3221226899/1.m3u8?GuardEncType=2&accountinfo=%7E%7EV2.0%7ETYfTgTra_pUx2cPrgZ_BDw%7EtP4-l0lmSfjwLWEfK_el1vH_mv-s1zo4AQJwdedaVwG9xkuFTDg8J26cwOrNJzn20BErrHdLhuZ9EzLUCD3PMW-OMx4MGteHV2vLeW6BqoY%2CEND, IPv_Type: ipv6, Location: 中国, ISP: 中国移动, Date: None, Delay: -1 ms, Speed: 0.00 M/s, Resolution: None
Name: 浙江卫视, URL: http://[2409:8087:1a01:df::4077]/ottrrs.hl.chinamobile.com/PLTV/88888888/8/3221226342/index.m3u8, IPv_Type: ipv6, Location: 中国, ISP: 中国移动, Date: None, Delay: -1 ms, Speed: 0.00 M/s, Resolution: None
Name: 浙江卫视, URL: http://[2409:8087:1a01:df::4077]:80/ottrrs.hl.chinamobile.com/PLTV/88888888/8/3221226339/index.m3u8, IPv_Type: ipv6, Location: 中国, ISP: 中国移动, Date: None, Delay: -1 ms, Speed: 0.00 M/s, Resolution: None
Name: 浙江卫视, URL: http://[2409:8087:1a01:df::4077]/ottrrs.hl.chinamobile.com/yinhe/88888888/224/3221226339/index.m3u8, IPv_Type: ipv6, Location: 中国, ISP: 中国移动, Date: None, Delay: -1 ms, Speed: 0.00 M/s, Resolution: None
Name: 浙江卫视, URL: http://wouu.net:9977/udp/239.93.0.124:5140, IPv_Type: ipv6, Location: 保留地址, ISP: 主机之间的链路本地地址, Date: None, Delay: -1 ms, Speed: 0.00 M/s, Resolution: None
Name: 浙江卫视, URL: http://[2409:8087:1a01:df::4077]:80/ottrrs.hl.chinamobile.com/yinhe/88888888/224/3221226339/index.m3u8, IPv_Type: ipv6, Location: 中国, ISP: 中国移动, Date: None, Delay: -1 ms, Speed: 0.00 M/s, Resolution: None
Name: 浙江卫视, URL: http://[2409:8087:1a01:df::4043]:80/TVOD/88888888/224/3221225959/main.m3u8, IPv_Type: ipv6, Location: 中国, ISP: 中国移动, Date: None, Delay: -1 ms, Speed: 0.00 M/s, Resolution: None
Name: 浙江卫视, URL: http://[2409:8087:1a01:df::4077]:80/ottrrs.hl.chinamobile.com/PLTV/88888888/224/3221226339/index.m3u8, IPv_Type: ipv6, Location: 中国, ISP: 中国移动, Date: None, Delay: -1 ms, Speed: 0.00 M/s, Resolution: None
Name: 浙江卫视, URL: http://[2409:8087:1a01:df::4077]:80/ottrrs.hl.chinamobile.com/PLTV/88888888/8/3221226342/index.m3u8, IPv_Type: ipv6, Location: 中国, ISP: 中国移动, Date: None, Delay: -1 ms, Speed: 0.00 M/s, Resolution: None
Name: 浙江卫视, URL: http://[2409:8087:1a01:df::4077]/ottrrs.hl.chinamobile.com/PLTV/88888888/224/3221226339/index.m3u8, IPv_Type: ipv6, Location: 中国, ISP: 中国移动, Date: None, Delay: -1 ms, Speed: 0.00 M/s, Resolution: None
Name: 浙江卫视, URL: http://[2409:8087:1a01:df::4077]/ottrrs.hl.chinamobile.com/PLTV/88888888/8/3221226339/index.m3u8, IPv_Type: ipv6, Location: 中国, ISP: 中国移动, Date: None, Delay: -1 ms, Speed: 0.00 M/s, Resolution: None
Name: 浙江卫视, URL: http://3501776.xyz:35455/itv/1000000005000265031.m3u8?cdn=ystenlive, IPv_Type: ipv6, Location: 中国, ISP: 中国电信, Date: None, Delay: -1 ms, Speed: 0.00 M/s, Resolution: None
Name: 浙江卫视, URL: https://stream1.freetv.fun/2e3a01b886780ceca10b44bb6cdb57413757275a6fdcb083800db996bc2f81e3.m3u8, IPv_Type: ipv6, Location: 美国, ISP: CloudFlare Inc., Date: None, Delay: -1 ms, Speed: 0.00 M/s, Resolution: None
Name: 浙江卫视, URL: http://[2409:8087:74f0:22::5]:6410/270000001128/9900000531/index.m3u8, IPv_Type: ipv6, Location: 中国, ISP: 中国移动, Date: None, Delay: -1 ms, Speed: 0.00 M/s, Resolution: None
Name: 浙江卫视, URL: http://[2409:8087:1a01:df::7005]/ottrrs.hl.chinamobile.com/PLTV/88888888/224/3221226339/index.m3u8, IPv_Type: ipv6, Location: 中国, ISP: 中国移动, Date: None, Delay: -1 ms, Speed: 0.00 M/s, Resolution: None
Name: 浙江卫视, URL: http://[2409:8087:1a01:df::7005]:80/ottrrs.hl.chinamobile.com/PLTV/88888888/224/3221226339/index.m3u8, IPv_Type: ipv6, Location: 中国, ISP: 中国移动, Date: None, Delay: -1 ms, Speed: 0.00 M/s, Resolution: None
Name: 浙江卫视, URL: http://[2409:8087:5e00:24::1e]:6060/200000001898/460000089800010070/1.m3u8, IPv_Type: ipv6, Location: 中国, ISP: 中国移动, Date: None, Delay: -1 ms, Speed: 0.00 M/s, Resolution: None
Name: 浙江卫视, URL: http://[2409:8087:74f0:22::4]:6410/270000001128/9900000531/index.m3u8, IPv_Type: ipv6, Location: 中国, ISP: 中国移动, Date: None, Delay: -1 ms, Speed: 0.00 M/s, Resolution: None
Name: 浙江卫视, URL: http://[2409:8087:5e08:24::12]:6610/200000001898/460000089800010070/1.m3u8, IPv_Type: ipv6, Location: 中国, ISP: 中国移动, Date: None, Delay: -1 ms, Speed: 0.00 M/s, Resolution: None
Name: 浙江卫视, URL: https://t.freetv.fun/live/zhe-jiang-wei-shi.m3u8, IPv_Type: ipv6, Location: 美国, ISP: CloudFlare Inc., Date: None, Delay: -1 ms, Speed: 0.00 M/s, Resolution: None
Name: 浙江卫视, URL: https://t.freetv.fun/live/zhe-jiang-wei-shi-1.m3u8, IPv_Type: ipv6, Location: 美国, ISP: CloudFlare Inc., Date: None, Delay: -1 ms, Speed: 0.00 M/s, Resolution: None
Name: 浙江卫视, URL: https://t.freetv.fun/live/zhe-jiang-wei-shi-8.m3u8, IPv_Type: ipv6, Location: 美国, ISP: CloudFlare Inc., Date: None, Delay: -1 ms, Speed: 0.00 M/s, Resolution: None
Name: 浙江卫视, URL: https://t.freetv.fun/live/zhe-jiang-wei-shi-18.m3u8, IPv_Type: ipv6, Location: 美国, ISP: CloudFlare Inc., Date: None, Delay: -1 ms, Speed: 0.00 M/s, Resolution: None
Name: 浙江卫视, URL: https://t.freetv.fun/live/zhe-jiang-wei-shi-2.m3u8, IPv_Type: ipv6, Location: 美国, ISP: CloudFlare Inc., Date: None, Delay: -1 ms, Speed: 0.00 M/s, Resolution: None
Name: 浙江卫视, URL: https://tv.iill.top/migu/zjws, IPv_Type: ipv6, Location: 美国, ISP: CloudFlare Inc., Date: None, Delay: -1 ms, Speed: 0.00 M/s, Resolution: None
Name: 浙江卫视, URL: http://3501776.xyz:35455/itv/1000000005000265031.m3u8?cdn=ystenlive️更新时间, IPv_Type: ipv6, Location: 中国, ISP: 中国电信, Date: None, Delay: -1 ms, Speed: 0.00 M/s, Resolution: None
Name: 浙江卫视, URL: http://ali-m-l.cztv.com:80/channels/lantian/channel001/1080p.m3u8, IPv_Type: ipv4, Location: 中国-陕西, ISP: 移动, Date: None, Delay: 1826 ms, Speed: 1.06 M/s, Resolution: 1920x1080
Name: 浙江卫视, URL: http://ali-m-l.cztv.com/channels/lantian/channel001/1080p.m3u8, IPv_Type: ipv4, Location: 中国-陕西, ISP: 移动, Date: None, Delay: 1835 ms, Speed: 1.05 M/s, Resolution: 1920x1080
Name: 浙江卫视, URL: https://ali-m-l.cztv.com/channels/lantian/channel001/1080p.m3u8, IPv_Type: ipv4, Location: 中国-陕西, ISP: 移动, Date: None, Delay: 1986 ms, Speed: 0.98 M/s, Resolution: 1920x1080
Name: 浙江卫视, URL: http://ali-m-l.cztv.com/channels/lantian/channel01/1080p.m3u8, IPv_Type: ipv4, Location: 中国-陕西, ISP: 移动, Date: None, Delay: 1404 ms, Speed: 0.49 M/s, Resolution: 1920x1080
Name: 浙江卫视, URL: http://69.30.246.194/live/zjws.m3u8, IPv_Type: ipv4, Location: 美国-密苏里州-杰克逊县, ISP: WholeSale互联网股份有限公司, Date: None, Delay: 9563 ms, Speed: 0.49 M/s, Resolution: 1920x1080
Name: 重庆汽摩, URL: http://183.230.184.51:65500/tntv1.m3u8?zzhongqd, IPv_Type: ipv4, Location: 中国-重庆-重庆, ISP: 移动, Date: None, Delay: 6916 ms, Speed: 0.26 M/s, Resolution: 1920x1080
Name: 重庆卫视, URL: http://api.kkitv.itv888.cn:8080/hls/ogh3s6tbw6/index.m3u8, IPv_Type: ipv6, Location: 美国, ISP: CloudFlare Inc., Date: None, Delay: -1 ms, Speed: 0.00 M/s, Resolution: None
Name: 重庆卫视, URL: https://iptv.catvod.com/catvod.php?id=cqws, IPv_Type: ipv6, Location: 美国, ISP: CloudFlare Inc., Date: None, Delay: -1 ms, Speed: 0.00 M/s, Resolution: None
Name: 重庆卫视, URL: http://iptv.huuc.edu.cn/hls/cqhd.m3u8, IPv_Type: ipv6, Location: 中国, ISP: 教育网, Date: None, Delay: -1 ms, Speed: 0.00 M/s, Resolution: None
Name: 重庆卫视, URL: https://iptv.catvod.com/live.php?id=%E9%87%8D%E5%BA%86%E5%8D%AB%E8%A7%86&line=2, IPv_Type: ipv6, Location: 美国, ISP: CloudFlare Inc., Date: None, Delay: -1 ms, Speed: 0.00 M/s, Resolution: None
Name: 重庆卫视, URL: https://iptv.catvod.com/live.php?id=%E9%87%8D%E5%BA%86%E5%8D%AB%E8%A7%86&line=1, IPv_Type: ipv6, Location: 美国, ISP: CloudFlare Inc., Date: None, Delay: -1 ms, Speed: 0.00 M/s, Resolution: None
Name: 重庆卫视, URL: https://hlsbkmgsplive.miguvideo.com/envivo_x/2018/SD/chongqing/1000/01.m3u8?&HlsSubType=&encrypt=, IPv_Type: ipv6, Location: 中国, ISP: 中国移动, Date: None, Delay: -1 ms, Speed: 0.00 M/s, Resolution: None
Name: 重庆卫视, URL: https://mgtv.ottiptv.cc/mg/738910914.m3u8?userid=5559462299&sign=3ed5c8e3e10a4069c3ff416f564b4eaa745b73345b0b1618d9a72efe8b915421fee4205e9aa57dc92a5ff1ff82a2a2535a701745e2c1b253425b771e94334f8021405e258a17b39df205d0bb7200ea8329&auth_token=1b99577efa5a3442ca4c7820d6e0b4e8, IPv_Type: ipv6, Location: 美国, ISP: Oracle Corporation, Date: None, Delay: -1 ms, Speed: 0.00 M/s, Resolution: None
Name: 重庆卫视, URL: http://[2409:8087:1a15:10d1::36]/ottrrs.hl.chinamobile.com/PLTV/88888888/224/3221226409/index.m3u8, IPv_Type: ipv6, Location: 中国, ISP: 中国移动, Date: None, Delay: -1 ms, Speed: 0.00 M/s, Resolution: None
Name: 重庆卫视, URL: https://hls-gateway.vpstv.net/streams/476918.m3u8, IPv_Type: ipv6, Location: 美国, ISP: CloudFlare Inc., Date: None, Delay: -1 ms, Speed: 0.00 M/s, Resolution: None
Name: 重庆卫视, URL: http://[2409:8087:8:21::18]:6610/otttv.bj.chinamobile.com/PLTV/88888888/224/3221226963/1.m3u8?GuardEncType=2&accountinfo=%7E%7EV2.0%7EjTXsJprEx2nE38tdvu5lhA%7EtP4-l0lmSfjwLWEfK_el1vH_mv-s1zo4AQJwdedaVwG9xkuFTDg8J26cwOrNJzn20BErrHdLhuZ9EzLUCD3PMW-OMx4MGteHV2vLeW6BqoY%2CEND, IPv_Type: ipv6, Location: 中国, ISP: 中国移动, Date: None, Delay: -1 ms, Speed: 0.00 M/s, Resolution: None
Name: 重庆卫视, URL: http://wouu.net:9977/udp/239.93.1.107:5140, IPv_Type: ipv6, Location: 保留地址, ISP: 主机之间的链路本地地址, Date: None, Delay: -1 ms, Speed: 0.00 M/s, Resolution: None
Name: 重庆卫视, URL: http://[2409:8087:1a01:df::4077]/ottrrs.hl.chinamobile.com/PLTV/88888888/224/3221226409/index.m3u8, IPv_Type: ipv6, Location: 中国, ISP: 中国移动, Date: None, Delay: -1 ms, Speed: 0.00 M/s, Resolution: None
Name: 重庆卫视, URL: http://[2409:8087:1a01:df::4077]/ottrrs.hl.chinamobile.com/PLTV/88888888/8/3221226409/index.m3u8, IPv_Type: ipv6, Location: 中国, ISP: 中国移动, Date: None, Delay: -1 ms, Speed: 0.00 M/s, Resolution: None
Name: 重庆卫视, URL: http://[2409:8087:1a01:df::4077]:80/ottrrs.hl.chinamobile.com/yinhe/88888888/224/3221226409/index.m3u8, IPv_Type: ipv6, Location: 中国, ISP: 中国移动, Date: None, Delay: -1 ms, Speed: 0.00 M/s, Resolution: None
Name: 重庆卫视, URL: http://[2409:8087:1a01:df::4077]/ottrrs.hl.chinamobile.com/yinhe/88888888/224/3221226409/index.m3u8, IPv_Type: ipv6, Location: 中国, ISP: 中国移动, Date: None, Delay: -1 ms, Speed: 0.00 M/s, Resolution: None
Name: 重庆卫视, URL: http://[2409:8087:1a01:df::4077]:80/ottrrs.hl.chinamobile.com/PLTV/88888888/224/3221226409/index.m3u8, IPv_Type: ipv6, Location: 中国, ISP: 中国移动, Date: None, Delay: -1 ms, Speed: 0.00 M/s, Resolution: None
Name: 重庆卫视, URL: http://[2409:8087:74f0:22::7]:6410/270000001128/9900000517/index.m3u8, IPv_Type: ipv6, Location: 中国, ISP: 中国移动, Date: None, Delay: -1 ms, Speed: 0.00 M/s, Resolution: None
Name: 重庆卫视, URL: http://[2409:8087:1a01:df::7005]/ottrrs.hl.chinamobile.com/PLTV/88888888/224/3221226409/index.m3u8, IPv_Type: ipv6, Location: 中国, ISP: 中国移动, Date: None, Delay: -1 ms, Speed: 0.00 M/s, Resolution: None
Name: 重庆卫视, URL: http://[2409:8087:1a01:df::7005]:80/ottrrs.hl.chinamobile.com/PLTV/88888888/224/3221226409/index.m3u8, IPv_Type: ipv6, Location: 中国, ISP: 中国移动, Date: None, Delay: -1 ms, Speed: 0.00 M/s, Resolution: None
Name: 重庆卫视, URL: http://[2409:8087:5e00:24::1e]:6060/200000001898/460000089800010053/1.m3u8, IPv_Type: ipv6, Location: 中国, ISP: 中国移动, Date: None, Delay: -1 ms, Speed: 0.00 M/s, Resolution: None
Name: 重庆卫视, URL: https://t.freetv.fun/live/zhong-qing-wei-shi.m3u8, IPv_Type: ipv6, Location: 美国, ISP: CloudFlare Inc., Date: None, Delay: -1 ms, Speed: 0.00 M/s, Resolution: None
Name: 重庆卫视, URL: https://t.freetv.fun/live/zhong-qing-wei-shi-1.m3u8, IPv_Type: ipv6, Location: 美国, ISP: CloudFlare Inc., Date: None, Delay: -1 ms, Speed: 0.00 M/s, Resolution: None
Name: 重庆卫视, URL: https://t.freetv.fun/live/zhong-qing-wei-shi-7.m3u8, IPv_Type: ipv6, Location: 美国, ISP: CloudFlare Inc., Date: None, Delay: -1 ms, Speed: 0.00 M/s, Resolution: None
Name: 重庆卫视, URL: https://t.freetv.fun/live/zhong-qing-wei-shi-3.m3u8, IPv_Type: ipv6, Location: 美国, ISP: CloudFlare Inc., Date: None, Delay: -1 ms, Speed: 0.00 M/s, Resolution: None
Name: 重庆卫视, URL: http://[2409:8087:1a01:df::4077]:80/ottrrs.hl.chinamobile.com/PLTV/88888888/8/3221226409/index.m3u8, IPv_Type: ipv6, Location: 中国, ISP: 中国移动, Date: None, Delay: -1 ms, Speed: 0.00 M/s, Resolution: None
Name: 江津新闻综合, URL: http://222.179.155.21:1935/ch1.m3u8, IPv_Type: ipv4, Location: 中国-重庆-重庆, ISP: 电信, Date: None, Delay: 10438 ms, Speed: 0.09 M/s, Resolution: 1920x1080
Name: 江津新闻综合, URL: http://222.179.155.21:1935/ch1.m3u8?zzhongqd, IPv_Type: ipv4, Location: 中国-重庆-重庆, ISP: 电信, Date: None, Delay: 10303 ms, Speed: 0.07 M/s, Resolution: 1920x1080
Name: 铜梁综合, URL: http://183.64.174.171:40123/ch1.m3u8?zzhongqd, IPv_Type: ipv4, Location: 中国-重庆-重庆, ISP: 电信, Date: None, Delay: 3336 ms, Speed: 0.17 M/s, Resolution: 720x576
Name: 铜梁综合, URL: http://183.64.174.171:40123/ch1.m3u8, IPv_Type: ipv4, Location: 中国-重庆-重庆, ISP: 电信, Date: None, Delay: 7108 ms, Speed: 0.12 M/s, Resolution: 720x576
Name: 万州三峡移民, URL: http://123.146.162.24:8017/c2F0hmi/1000/live.m3u8?zzhongqd, IPv_Type: ipv4, Location: 中国-重庆-重庆, ISP: 联通, Date: None, Delay: 1594 ms, Speed: 0.06 M/s, Resolution: 720x576
Name: 万州三峡移民, URL: http://123.146.162.24:8017/c2F0hmi/1000/live.m3u8, IPv_Type: ipv4, Location: 中国-重庆-重庆, ISP: 联通, Date: None, Delay: 1506 ms, Speed: 0.06 M/s, Resolution: 720x576
Name: 黑莓动画, URL: http://[2409:8087:1a01:df::4007]:80/TVOD/88888888/224/3221225529/main.m3u8, IPv_Type: ipv6, Location: 中国, ISP: 中国移动, Date: None, Delay: -1 ms, Speed: 0.00 M/s, Resolution: None
Name: 黑莓动画, URL: http://[2409:8087:1a0b:df::4006]:80/ottrrs.hl.chinamobile.com/PLTV/88888888/224/3221225662/index.m3u8, IPv_Type: ipv6, Location: 中国, ISP: 中国移动, Date: None, Delay: -1 ms, Speed: 0.00 M/s, Resolution: None
Name: 嘉佳卡通, URL: https://stream1.freetv.fun/jia-jia-qia-tong-8.ctv, IPv_Type: ipv6, Location: 美国, ISP: CloudFlare Inc., Date: None, Delay: -1 ms, Speed: 0.00 M/s, Resolution: None
Name: 嘉佳卡通, URL: https://stream1.freetv.fun/jia-jia-qia-tong-4.ctv, IPv_Type: ipv6, Location: 美国, ISP: CloudFlare Inc., Date: None, Delay: -1 ms, Speed: 0.00 M/s, Resolution: None
Name: 嘉佳卡通, URL: https://migu.188766.xyz/?migutoken=23c6bdf3e59b64c07fb8e7bff403139e&id=%E5%98%89%E4%BD%B3%E5%8D%A1%E9%80%9A&type=yy, IPv_Type: ipv6, Location: 美国, ISP: CloudFlare Inc., Date: None, Delay: -1 ms, Speed: 0.00 M/s, Resolution: None
Name: 嘉佳卡通, URL: https://www.freetv.top/migu/614952364.m3u8?migutoken=5a8d74ae8c44a9192ca4c8d2dda16dc064f19e693d949833720d678071b996b52c1f2f79dce5e67561950b88d9ac8dcee4ef2f8aeed8993e2c6a44393610b740627912b5132509561815f1eba0, IPv_Type: ipv6, Location: 美国, ISP: Oracle Corporation, Date: None, Delay: -1 ms, Speed: 0.00 M/s, Resolution: None
Name: 嘉佳卡通, URL: https://stream1.freetv.fun/jia-jia-qia-tong-9.ctv, IPv_Type: ipv6, Location: 美国, ISP: CloudFlare Inc., Date: None, Delay: -1 ms, Speed: 0.00 M/s, Resolution: None
Name: 嘉佳卡通, URL: https://stream1.freetv.fun/jia-jia-qia-tong-10.ctv, IPv_Type: ipv6, Location: 美国, ISP: CloudFlare Inc., Date: None, Delay: -1 ms, Speed: 0.00 M/s, Resolution: None
Name: 嘉佳卡通, URL: https://stream1.freetv.fun/jia-jia-qia-tong-23.ctv, IPv_Type: ipv6, Location: 美国, ISP: CloudFlare Inc., Date: None, Delay: -1 ms, Speed: 0.00 M/s, Resolution: None
Name: 嘉佳卡通, URL: https://stream1.freetv.fun/jia-jia-qia-tong-22.ctv, IPv_Type: ipv6, Location: 美国, ISP: CloudFlare Inc., Date: None, Delay: -1 ms, Speed: 0.00 M/s, Resolution: None
Name: 嘉佳卡通, URL: https://stream1.freetv.fun/jia-jia-qia-tong-25.ctv, IPv_Type: ipv6, Location: 美国, ISP: CloudFlare Inc., Date: None, Delay: -1 ms, Speed: 0.00 M/s, Resolution: None
Name: 嘉佳卡通, URL: https://stream1.freetv.fun/jia-jia-qia-tong-30.m3u8, IPv_Type: ipv6, Location: 美国, ISP: CloudFlare Inc., Date: None, Delay: -1 ms, Speed: 0.00 M/s, Resolution: None
Name: 嘉佳卡通, URL: https://stream1.freetv.fun/jia-jia-qia-tong-7.ctv, IPv_Type: ipv6, Location: 美国, ISP: CloudFlare Inc., Date: None, Delay: -1 ms, Speed: 0.00 M/s, Resolution: None
Name: 嘉佳卡通, URL: https://stream1.freetv.fun/jia-jia-qia-tong-2.ctv, IPv_Type: ipv6, Location: 美国, ISP: CloudFlare Inc., Date: None, Delay: -1 ms, Speed: 0.00 M/s, Resolution: None
Name: 嘉佳卡通, URL: https://stream1.freetv.fun/jia-jia-qia-tong-24.ctv, IPv_Type: ipv6, Location: 美国, ISP: CloudFlare Inc., Date: None, Delay: -1 ms, Speed: 0.00 M/s, Resolution: None
Name: 嘉佳卡通, URL: https://t.freetv.fun/live/jia-jia-qia-tong.m3u8, IPv_Type: ipv6, Location: 美国, ISP: CloudFlare Inc., Date: None, Delay: -1 ms, Speed: 0.00 M/s, Resolution: None
Name: 嘉佳卡通, URL: https://stream1.freetv.fun/jia-jia-qia-tong-20.m3u8, IPv_Type: ipv6, Location: 美国, ISP: CloudFlare Inc., Date: None, Delay: -1 ms, Speed: 0.00 M/s, Resolution: None
Name: 嘉佳卡通, URL: http://wouu.net:9977/udp/239.93.0.246:5140, IPv_Type: ipv6, Location: 保留地址, ISP: 主机之间的链路本地地址, Date: None, Delay: -1 ms, Speed: 0.00 M/s, Resolution: None
Name: 嘉佳卡通, URL: https://stream1.freetv.fun/jia-jia-qia-tong-27.ctv, IPv_Type: ipv6, Location: 美国, ISP: CloudFlare Inc., Date: None, Delay: -1 ms, Speed: 0.00 M/s, Resolution: None
Name: 嘉佳卡通, URL: https://hk.188766.xyz/?migutoken=0b58333032e9d9079147cde5152d8df4&id=gd_jjkt&type=sz, IPv_Type: ipv6, Location: 美国, ISP: CloudFlare Inc., Date: None, Delay: -1 ms, Speed: 0.00 M/s, Resolution: None
Name: 嘉佳卡通, URL: https://stream1.freetv.fun/jia-jia-qia-tong-1.m3u8, IPv_Type: ipv6, Location: 美国, ISP: CloudFlare Inc., Date: None, Delay: -1 ms, Speed: 0.00 M/s, Resolution: None
Name: 嘉佳卡通, URL: https://stream1.freetv.fun/jia-jia-qia-tong-14.ctv, IPv_Type: ipv6, Location: 美国, ISP: CloudFlare Inc., Date: None, Delay: -1 ms, Speed: 0.00 M/s, Resolution: None
Name: 嘉佳卡通, URL: https://stream1.freetv.fun/jia-jia-qia-tong-26.ctv, IPv_Type: ipv6, Location: 美国, ISP: CloudFlare Inc., Date: None, Delay: -1 ms, Speed: 0.00 M/s, Resolution: None
Name: 嘉佳卡通, URL: https://t.freetv.fun/live/jia-jia-qia-tong-1.php, IPv_Type: ipv6, Location: 美国, ISP: CloudFlare Inc., Date: None, Delay: -1 ms, Speed: 0.00 M/s, Resolution: None
Name: 嘉佳卡通, URL: https://stream1.freetv.fun/jia-jia-qia-tong-6.ctv, IPv_Type: ipv6, Location: 美国, ISP: CloudFlare Inc., Date: None, Delay: -1 ms, Speed: 0.00 M/s, Resolution: None
Name: 嘉佳卡通, URL: https://stream1.freetv.fun/jia-jia-qia-tong-34.ctv, IPv_Type: ipv6, Location: 美国, ISP: CloudFlare Inc., Date: None, Delay: -1 ms, Speed: 0.00 M/s, Resolution: None
Name: 嘉佳卡通, URL: https://stream1.freetv.fun/jia-jia-qia-tong-gao-qing-1.m3u8, IPv_Type: ipv6, Location: 美国, ISP: CloudFlare Inc., Date: None, Delay: -1 ms, Speed: 0.00 M/s, Resolution: None
Name: 嘉佳卡通, URL: http://ottrrs.hl.chinamobile.com/PLTV/88888888/224/3221225653/index.m3u8, IPv_Type: ipv6, Location: 中国, ISP: 中国移动, Date: None, Delay: -1 ms, Speed: 0.00 M/s, Resolution: None
Name: 嘉佳卡通, URL: https://stream1.freetv.fun/jia-jia-qia-tong-19.ctv, IPv_Type: ipv6, Location: 美国, ISP: CloudFlare Inc., Date: None, Delay: -1 ms, Speed: 0.00 M/s, Resolution: None
Name: 嘉佳卡通, URL: https://stream1.freetv.fun/jia-jia-qia-tong-5.ctv, IPv_Type: ipv6, Location: 美国, ISP: CloudFlare Inc., Date: None, Delay: -1 ms, Speed: 0.00 M/s, Resolution: None
Name: 嘉佳卡通, URL: https://stream1.freetv.fun/jia-jia-qia-tong-15.ctv, IPv_Type: ipv6, Location: 美国, ISP: CloudFlare Inc., Date: None, Delay: -1 ms, Speed: 0.00 M/s, Resolution: None
Name: 嘉佳卡通, URL: https://t.freetv.fun/live/jia-jia-qia-tong-2.m3u8, IPv_Type: ipv6, Location: 美国, ISP: CloudFlare Inc., Date: None, Delay: -1 ms, Speed: 0.00 M/s, Resolution: None
Name: 嘉佳卡通, URL: https://stream1.freetv.fun/jia-jia-qia-tong-13.ctv, IPv_Type: ipv6, Location: 美国, ISP: CloudFlare Inc., Date: None, Delay: -1 ms, Speed: 0.00 M/s, Resolution: None
Name: 嘉佳卡通, URL: https://stream1.freetv.fun/jia-jia-qia-tong-21.ctv, IPv_Type: ipv6, Location: 美国, ISP: CloudFlare Inc., Date: None, Delay: -1 ms, Speed: 0.00 M/s, Resolution: None
Name: 嘉佳卡通, URL: https://stream1.freetv.fun/jia-jia-qia-tong-12.ctv, IPv_Type: ipv6, Location: 美国, ISP: CloudFlare Inc., Date: None, Delay: -1 ms, Speed: 0.00 M/s, Resolution: None
Name: 嘉佳卡通, URL: https://stream1.freetv.fun/jia-jia-qia-tong-23.m3u8, IPv_Type: ipv6, Location: 美国, ISP: CloudFlare Inc., Date: None, Delay: -1 ms, Speed: 0.00 M/s, Resolution: None
Name: 嘉佳卡通, URL: https://stream1.freetv.fun/jia-jia-qia-tong-18.ctv, IPv_Type: ipv6, Location: 美国, ISP: CloudFlare Inc., Date: None, Delay: -1 ms, Speed: 0.00 M/s, Resolution: None
Name: 嘉佳卡通, URL: http://mgsp-zy2.live.miguvideo.com:8088/wd_r1/2018/nfmedia/jjkt/1000/index.m3u8?msisdn=2be6b2ec9fcf10d2c2457e2c710e172c&mdspid=&spid=699054&netType=0&sid=2206172388&pid=2028597139&timestamp=20260225080217&Channel_ID=0116_2600034600-99000-201600010010028&ProgramID=614952364&ParentNodeID=-99&assertID=2206172388&client_ip=218.28.233.106&SecurityKey=20260225080217&promotionId=&mvid=2206172388&mcid=500020&playurlVersion=WX-A1-9.2.1-RELEASE&userid=&jmhm=&videocodec=h264&appCode=miguvideo_android&bean=mgspad&tid=android&conFee=0&encrypt=e729192a3052f6ae2c9b69ecedbab3cc&sv=10004&ct=android, IPv_Type: ipv6, Location: 中国, ISP: 中国电信, Date: None, Delay: -1 ms, Speed: 0.00 M/s, Resolution: None
Name: 嘉佳卡通, URL: https://stream1.freetv.fun/jia-jia-qia-tong-16.ctv, IPv_Type: ipv6, Location: 美国, ISP: CloudFlare Inc., Date: None, Delay: -1 ms, Speed: 0.00 M/s, Resolution: None
Name: 金鹰卡通, URL: https://stream1.freetv.fun/jin-ying-qia-tong-gao-qing-1.m3u8, IPv_Type: ipv6, Location: 美国, ISP: CloudFlare Inc., Date: None, Delay: -1 ms, Speed: 0.00 M/s, Resolution: None
Name: 金鹰卡通, URL: https://stream1.freetv.fun/jin-ying-qia-tong-34.m3u8, IPv_Type: ipv6, Location: 美国, ISP: CloudFlare Inc., Date: None, Delay: -1 ms, Speed: 0.00 M/s, Resolution: None
Name: 金鹰卡通, URL: https://stream1.freetv.fun/04c887f5ef1094da7dee8aa04f8c3d763c80977655b913034c1c93e3883a91bb.m3u8, IPv_Type: ipv6, Location: 美国, ISP: CloudFlare Inc., Date: None, Delay: -1 ms, Speed: 0.00 M/s, Resolution: None
Name: 金鹰卡通, URL: https://stream1.freetv.fun/jin-ying-qia-tong-41.ctv, IPv_Type: ipv6, Location: 美国, ISP: CloudFlare Inc., Date: None, Delay: -1 ms, Speed: 0.00 M/s, Resolution: None
Name: 金鹰卡通, URL: https://stream1.freetv.fun/ipv6-jin-ying-qia-tong-13.m3u8, IPv_Type: ipv6, Location: 美国, ISP: CloudFlare Inc., Date: None, Delay: -1 ms, Speed: 0.00 M/s, Resolution: None
Name: 金鹰卡通, URL: https://stream1.freetv.fun/1b907bbf4760e673ec9ab89e2327cd1d9e5df04ca6ef35a6fb07f5b6757f4791.m3u8, IPv_Type: ipv6, Location: 美国, ISP: CloudFlare Inc., Date: None, Delay: -1 ms, Speed: 0.00 M/s, Resolution: None
Name: 金鹰卡通, URL: https://stream1.freetv.fun/jin-ying-qia-tong-gao-qing-2.ctv, IPv_Type: ipv6, Location: 美国, ISP: CloudFlare Inc., Date: None, Delay: -1 ms, Speed: 0.00 M/s, Resolution: None
Name: 金鹰卡通, URL: https://stream1.freetv.fun/jin-ying-qia-tong-13.ctv, IPv_Type: ipv6, Location: 美国, ISP: CloudFlare Inc., Date: None, Delay: -1 ms, Speed: 0.00 M/s, Resolution: None
Name: 金鹰卡通, URL: https://stream1.freetv.fun/d359e4b4c64fc318def5882bd25710c29440c676c536363f3ecea9019a99ae7c.m3u8, IPv_Type: ipv6, Location: 美国, ISP: CloudFlare Inc., Date: None, Delay: -1 ms, Speed: 0.00 M/s, Resolution: None
Name: 金鹰卡通, URL: https://stream1.freetv.fun/jin-ying-qia-tong-38.m3u8, IPv_Type: ipv6, Location: 美国, ISP: CloudFlare Inc., Date: None, Delay: -1 ms, Speed: 0.00 M/s, Resolution: None
Name: 金鹰卡通, URL: https://stream1.freetv.fun/jin-ying-qia-tong-29.m3u8, IPv_Type: ipv6, Location: 美国, ISP: CloudFlare Inc., Date: None, Delay: -1 ms, Speed: 0.00 M/s, Resolution: None
Name: 金鹰卡通, URL: https://stream1.freetv.fun/jin-ying-qia-tong-4.m3u8, IPv_Type: ipv6, Location: 美国, ISP: CloudFlare Inc., Date: None, Delay: -1 ms, Speed: 0.00 M/s, Resolution: None
Name: 金鹰卡通, URL: https://stream1.freetv.fun/jin-ying-qia-tong-5.m3u8, IPv_Type: ipv6, Location: 美国, ISP: CloudFlare Inc., Date: None, Delay: -1 ms, Speed: 0.00 M/s, Resolution: None
Name: 金鹰卡通, URL: https://stream1.freetv.fun/jin-ying-qia-tong-9.ctv, IPv_Type: ipv6, Location: 美国, ISP: CloudFlare Inc., Date: None, Delay: -1 ms, Speed: 0.00 M/s, Resolution: None
Name: 金鹰卡通, URL: https://stream1.freetv.fun/jin-ying-qia-tong-3.m3u8, IPv_Type: ipv6, Location: 美国, ISP: CloudFlare Inc., Date: None, Delay: -1 ms, Speed: 0.00 M/s, Resolution: None
Name: 金鹰卡通, URL: https://stream1.freetv.fun/jin-ying-qia-tong-32.ctv, IPv_Type: ipv6, Location: 美国, ISP: CloudFlare Inc., Date: None, Delay: -1 ms, Speed: 0.00 M/s, Resolution: None
Name: 金鹰卡通, URL: https://stream1.freetv.fun/jin-ying-qia-tong-26.m3u8, IPv_Type: ipv6, Location: 美国, ISP: CloudFlare Inc., Date: None, Delay: -1 ms, Speed: 0.00 M/s, Resolution: None
Name: 金鹰卡通, URL: https://stream1.freetv.fun/jin-ying-qia-tong-13.m3u8, IPv_Type: ipv6, Location: 美国, ISP: CloudFlare Inc., Date: None, Delay: -1 ms, Speed: 0.00 M/s, Resolution: None
Name: 金鹰卡通, URL: http://3501776.xyz:35455/itv/5000000006000040024.m3u8?cdn=bestzb, IPv_Type: ipv6, Location: 中国, ISP: 中国电信, Date: None, Delay: -1 ms, Speed: 0.00 M/s, Resolution: None
Name: 金鹰卡通, URL: https://stream1.freetv.fun/jin-ying-qia-tong-22.m3u8, IPv_Type: ipv6, Location: 美国, ISP: CloudFlare Inc., Date: None, Delay: -1 ms, Speed: 0.00 M/s, Resolution: None
Name: 金鹰卡通, URL: https://stream1.freetv.fun/jin-ying-qia-tong-37.m3u8, IPv_Type: ipv6, Location: 美国, ISP: CloudFlare Inc., Date: None, Delay: -1 ms, Speed: 0.00 M/s, Resolution: None
Name: 金鹰卡通, URL: https://stream1.freetv.fun/jin-ying-qia-tong-11.m3u8, IPv_Type: ipv6, Location: 美国, ISP: CloudFlare Inc., Date: None, Delay: -1 ms, Speed: 0.00 M/s, Resolution: None
Name: 金鹰卡通, URL: https://stream1.freetv.fun/ipv6-jin-ying-qia-tong-7.m3u8, IPv_Type: ipv6, Location: 美国, ISP: CloudFlare Inc., Date: None, Delay: -1 ms, Speed: 0.00 M/s, Resolution: None
Name: 金鹰卡通, URL: https://stream1.freetv.fun/jin-ying-qia-tong-27.m3u8, IPv_Type: ipv6, Location: 美国, ISP: CloudFlare Inc., Date: None, Delay: -1 ms, Speed: 0.00 M/s, Resolution: None
Name: 金鹰卡通, URL: https://stream1.freetv.fun/jin-ying-qia-tong-4.ctv, IPv_Type: ipv6, Location: 美国, ISP: CloudFlare Inc., Date: None, Delay: -1 ms, Speed: 0.00 M/s, Resolution: None
Name: 金鹰卡通, URL: https://stream1.freetv.fun/jin-ying-qia-tong-46.m3u8, IPv_Type: ipv6, Location: 美国, ISP: CloudFlare Inc., Date: None, Delay: -1 ms, Speed: 0.00 M/s, Resolution: None
Name: 金鹰卡通, URL: https://stream1.freetv.fun/49903af5e5fa7b3e3a0e029d6f5757c0dde5a588f4f4910975555563e5739604.m3u8, IPv_Type: ipv6, Location: 美国, ISP: CloudFlare Inc., Date: None, Delay: -1 ms, Speed: 0.00 M/s, Resolution: None
Name: 金鹰卡通, URL: https://stream1.freetv.fun/10c162a19187277452e11fbe6cc81e691467a45e9aaa62427d2ba9ed3d5254b9.m3u8, IPv_Type: ipv6, Location: 美国, ISP: CloudFlare Inc., Date: None, Delay: -1 ms, Speed: 0.00 M/s, Resolution: None
Name: 金鹰卡通, URL: https://stream1.freetv.fun/jin-ying-qia-tong-33.m3u8, IPv_Type: ipv6, Location: 美国, ISP: CloudFlare Inc., Date: None, Delay: -1 ms, Speed: 0.00 M/s, Resolution: None
Name: 金鹰卡通, URL: https://stream1.freetv.fun/jin-ying-qia-tong-40.ctv, IPv_Type: ipv6, Location: 美国, ISP: CloudFlare Inc., Date: None, Delay: -1 ms, Speed: 0.00 M/s, Resolution: None
Name: 金鹰卡通, URL: https://stream1.freetv.fun/jin-ying-qia-tong-42.m3u8, IPv_Type: ipv6, Location: 美国, ISP: CloudFlare Inc., Date: None, Delay: -1 ms, Speed: 0.00 M/s, Resolution: None
Name: 金鹰卡通, URL: https://stream1.freetv.fun/jin-ying-qia-tong-39.m3u8, IPv_Type: ipv6, Location: 美国, ISP: CloudFlare Inc., Date: None, Delay: -1 ms, Speed: 0.00 M/s, Resolution: None
Name: 金鹰卡通, URL: https://stream1.freetv.fun/b45dd7de8b220eadb2e16a1e68856cd6a4999022b18745d4dc7e0f0014893c29.m3u8, IPv_Type: ipv6, Location: 美国, ISP: CloudFlare Inc., Date: None, Delay: -1 ms, Speed: 0.00 M/s, Resolution: None
Name: 金鹰卡通, URL: https://stream1.freetv.fun/jin-ying-qia-tong-10.m3u8, IPv_Type: ipv6, Location: 美国, ISP: CloudFlare Inc., Date: None, Delay: -1 ms, Speed: 0.00 M/s, Resolution: None
Name: 金鹰卡通, URL: https://stream1.freetv.fun/ipv6-jin-ying-qia-tong-6.m3u8, IPv_Type: ipv6, Location: 美国, ISP: CloudFlare Inc., Date: None, Delay: -1 ms, Speed: 0.00 M/s, Resolution: None
Name: 金鹰卡通, URL: https://stream1.freetv.fun/jin-ying-qia-tong-21.m3u8, IPv_Type: ipv6, Location: 美国, ISP: CloudFlare Inc., Date: None, Delay: -1 ms, Speed: 0.00 M/s, Resolution: None
Name: 金鹰卡通, URL: https://stream1.freetv.fun/aec603fdb1ae19a081a7ca50498e3c9429447092a2208a2d383ae2bc812009b5.m3u8, IPv_Type: ipv6, Location: 美国, ISP: CloudFlare Inc., Date: None, Delay: -1 ms, Speed: 0.00 M/s, Resolution: None
Name: 金鹰卡通, URL: https://stream1.freetv.fun/d66327025d5a2448b6097ce39c1de75d1f9693468932b522bd7dcc31533135f1.m3u8, IPv_Type: ipv6, Location: 美国, ISP: CloudFlare Inc., Date: None, Delay: -1 ms, Speed: 0.00 M/s, Resolution: None
Name: 金鹰卡通, URL: https://stream1.freetv.fun/jin-ying-qia-tong-17.m3u8, IPv_Type: ipv6, Location: 美国, ISP: CloudFlare Inc., Date: None, Delay: -1 ms, Speed: 0.00 M/s, Resolution: None
Name: 金鹰卡通, URL: https://stream1.freetv.fun/jin-ying-qia-tong-19.m3u8, IPv_Type: ipv6, Location: 美国, ISP: CloudFlare Inc., Date: None, Delay: -1 ms, Speed: 0.00 M/s, Resolution: None
Name: 金鹰卡通, URL: https://stream1.freetv.fun/f563b977599985b4eecdad9c802930fc79a2adbd22b40712ec657cba6adc5fcf.m3u8, IPv_Type: ipv6, Location: 美国, ISP: CloudFlare Inc., Date: None, Delay: -1 ms, Speed: 0.00 M/s, Resolution: None
Name: 金鹰卡通, URL: https://stream1.freetv.fun/jin-ying-qia-tong-45.m3u8, IPv_Type: ipv6, Location: 美国, ISP: CloudFlare Inc., Date: None, Delay: -1 ms, Speed: 0.00 M/s, Resolution: None
Name: 金鹰卡通, URL: https://stream1.freetv.fun/321f73ad28440de1629cd54e028c9355b2cb709eb8b30b90e4d0f3d5b41b0c4e.m3u8, IPv_Type: ipv6, Location: 美国, ISP: CloudFlare Inc., Date: None, Delay: -1 ms, Speed: 0.00 M/s, Resolution: None
Name: 金鹰卡通, URL: https://stream1.freetv.fun/jin-ying-qia-tong-14.ctv, IPv_Type: ipv6, Location: 美国, ISP: CloudFlare Inc., Date: None, Delay: -1 ms, Speed: 0.00 M/s, Resolution: None
Name: 金鹰卡通, URL: https://stream1.freetv.fun/jin-ying-qia-tong-18.m3u8, IPv_Type: ipv6, Location: 美国, ISP: CloudFlare Inc., Date: None, Delay: -1 ms, Speed: 0.00 M/s, Resolution: None
Name: 金鹰卡通, URL: https://stream1.freetv.fun/3442dca643bbe89bae76ea70d2aa42b07671b0e1daef6ef390f9f4edd7807a49.m3u8, IPv_Type: ipv6, Location: 美国, ISP: CloudFlare Inc., Date: None, Delay: -1 ms, Speed: 0.00 M/s, Resolution: None
Name: 金鹰卡通, URL: https://stream1.freetv.fun/jin-ying-qia-tong-43.m3u8, IPv_Type: ipv6, Location: 美国, ISP: CloudFlare Inc., Date: None, Delay: -1 ms, Speed: 0.00 M/s, Resolution: None
Name: 金鹰卡通, URL: http://wouu.net:9977/udp/239.93.0.108:5140, IPv_Type: ipv6, Location: 保留地址, ISP: 主机之间的链路本地地址, Date: None, Delay: -1 ms, Speed: 0.00 M/s, Resolution: None
Name: 金鹰卡通, URL: https://stream1.freetv.fun/jin-ying-qia-tong-20.m3u8, IPv_Type: ipv6, Location: 美国, ISP: CloudFlare Inc., Date: None, Delay: -1 ms, Speed: 0.00 M/s, Resolution: None
Name: 金鹰卡通, URL: https://stream1.freetv.fun/jin-ying-qia-tong-44.m3u8, IPv_Type: ipv6, Location: 美国, ISP: CloudFlare Inc., Date: None, Delay: -1 ms, Speed: 0.00 M/s, Resolution: None
Name: 金鹰卡通, URL: http://[2409:8087:1a0b:df::4008]:80/ottrrs.hl.chinamobile.com/PLTV/88888888/224/3221225653/index.m3u8, IPv_Type: ipv6, Location: 中国, ISP: 中国移动, Date: None, Delay: -1 ms, Speed: 0.00 M/s, Resolution: None
Name: 金鹰卡通, URL: https://stream1.freetv.fun/ipv6-jin-ying-qia-tong-44.m3u8, IPv_Type: ipv6, Location: 美国, ISP: CloudFlare Inc., Date: None, Delay: -1 ms, Speed: 0.00 M/s, Resolution: None
Name: 金鹰卡通, URL: http://221.13.235.245:9901/tsfile/live/1017_1.m3u8?key=txiptv&playlive=1&authid=0, IPv_Type: ipv4, Location: 中国-河南-郑州, ISP: 联通, Date: None, Delay: 10789 ms, Speed: 0.03 M/s, Resolution: 1920x1080
Name: 优漫卡通, URL: https://www.freetv.top/migu/626064703.m3u8?migutoken=7f7c4b909389a0cd5172701768041a0f3887534c4534a68bf1dc85550389e9ab156655484be16e89604513fde9da2f036ebae28d31515b0be32eb12462f5de9d9cab8f00c44671241d5c6e1356, IPv_Type: ipv6, Location: 美国, ISP: Oracle Corporation, Date: None, Delay: -1 ms, Speed: 0.00 M/s, Resolution: None
Name: 优漫卡通, URL: https://mgtv.ottiptv.cc/mg/626064703.m3u8?userid=5559462299&sign=3c1403b500d0c19b0179a2dd41f2a420d06076d4825d3844c10d977881934ac7de7cb3d87427f60bc2f43c267094d8989f9146b2ab55e6e7f5952568878808baf483f0ac1534f4dacb1e0b863ffe66c07a&auth_token=1b99577efa5a3442ca4c7820d6e0b4e8, IPv_Type: ipv6, Location: 美国, ISP: Oracle Corporation, Date: None, Delay: -1 ms, Speed: 0.00 M/s, Resolution: None
Name: 优漫卡通, URL: https://stream1.freetv.fun/you-man-qia-tong-11.m3u8, IPv_Type: ipv6, Location: 美国, ISP: CloudFlare Inc., Date: None, Delay: -1 ms, Speed: 0.00 M/s, Resolution: None
Name: 优漫卡通, URL: http://3501776.xyz:35455/itv/1000000002000010063.m3u8?cdn=ystenlive, IPv_Type: ipv6, Location: 中国, ISP: 中国电信, Date: None, Delay: -1 ms, Speed: 0.00 M/s, Resolution: None
Name: 优漫卡通, URL: https://stream1.freetv.fun/9a50e666912cb82bd584eb50bb030b7f654275ed05a586ef3c63ac39789df94b.m3u8, IPv_Type: ipv6, Location: 美国, ISP: CloudFlare Inc., Date: None, Delay: -1 ms, Speed: 0.00 M/s, Resolution: None
Name: 优漫卡通, URL: https://www.freetv.top/migu/626064703.m3u8?migutoken=deac6c5275081b54ad412a195e499b7c0cb8f04446b6c80aaa9d3eb1063d620261c68202d59aea05060007b58a62d5d208f16379d861d6f1627c10c9dd894f0bf7e3ca97b04696255e193e871c, IPv_Type: ipv6, Location: 美国, ISP: Oracle Corporation, Date: None, Delay: -1 ms, Speed: 0.00 M/s, Resolution: None
Name: 优漫卡通, URL: http://wouu.net:9977/udp/239.93.0.251:5140, IPv_Type: ipv6, Location: 保留地址, ISP: 主机之间的链路本地地址, Date: None, Delay: -1 ms, Speed: 0.00 M/s, Resolution: None
Name: 优漫卡通, URL: https://migu.188766.xyz/?migutoken=fd0f54b15ed34c29a494647d1a53ee59&id=%E4%BC%98%E6%BC%AB%E5%8D%A1%E9%80%9A%E9%A2%91%E9%81%93&type=yy, IPv_Type: ipv6, Location: 美国, ISP: CloudFlare Inc., Date: None, Delay: -1 ms, Speed: 0.00 M/s, Resolution: None
Name: 优漫卡通, URL: https://stream1.freetv.fun/4073fb5ec1ec48f010e1db882aeb63ddc7104c56c5c729c4d08e932d585591a8.m3u8, IPv_Type: ipv6, Location: 美国, ISP: CloudFlare Inc., Date: None, Delay: -1 ms, Speed: 0.00 M/s, Resolution: None
Name: 优漫卡通, URL: http://[2409:8087:1a0b:df::4005]:80/ottrrs.hl.chinamobile.com/PLTV/88888888/224/3221225656/index.m3u8, IPv_Type: ipv6, Location: 中国, ISP: 中国移动, Date: None, Delay: -1 ms, Speed: 0.00 M/s, Resolution: None
Name: 优漫卡通, URL: http://mgsp-hs2.live.miguvideo.com:8088/wd_r2/jstv/ymkt/600/index.m3u8?msisdn=2be6b2ec9fcf10d2c2457e2c710e172c&mdspid=&spid=699067&netType=0&sid=5500260553&pid=2028597139&timestamp=20260225080212&Channel_ID=0116_2600034600-99000-201600010010028&ProgramID=626064703&ParentNodeID=-99&assertID=5500260553&client_ip=218.28.233.106&SecurityKey=20260225080212&promotionId=&mvid=5100186455&mcid=500020&playurlVersion=WX-A1-9.2.1-RELEASE&userid=&jmhm=&videocodec=h264&appCode=miguvideo_android&bean=mgspad&tid=android&conFee=0&encrypt=3185623353b259c07ac9d0cfe2354ff5&sv=10004&ct=android, IPv_Type: ipv6, Location: 中国, ISP: 中国联通, Date: None, Delay: -1 ms, Speed: 0.00 M/s, Resolution: None
Name: CHC动作电影, URL: https://iptv.catvod.com/live.php?id=CHC%E5%8A%A8%E4%BD%9C%E7%94%B5%E5%BD%B1&line=2, IPv_Type: ipv6, Location: 美国, ISP: CloudFlare Inc., Date: None, Delay: -1 ms, Speed: 0.00 M/s, Resolution: None
Name: CHC动作电影, URL: https://iptv.catvod.com/live.php?id=CHC%E5%8A%A8%E4%BD%9C%E7%94%B5%E5%BD%B1&line=1, IPv_Type: ipv6, Location: 美国, ISP: CloudFlare Inc., Date: None, Delay: -1 ms, Speed: 0.00 M/s, Resolution: None
Name: CHC动作电影, URL: http://z.b.bkpcp.top/m.php?id=dzdy, IPv_Type: ipv6, Location: 美国, ISP: CloudFlare Inc., Date: None, Delay: -1 ms, Speed: 0.00 M/s, Resolution: None
Name: CHC动作电影, URL: https://mgtv.ottiptv.cc/mg/644368714.m3u8?userid=5559462299&sign=3db10a67af895c2a6417c0a7a9e0341d2f9e42a58df3b889c17d720f2c47f4bbd579c991bad95b80802ac59194cba1ecffef305e9db0cff097f4a43fdd074bd78288b25a292b094948bfd36ab7058eb36c&auth_token=1b99577efa5a3442ca4c7820d6e0b4e8, IPv_Type: ipv6, Location: 美国, ISP: Oracle Corporation, Date: None, Delay: -1 ms, Speed: 0.00 M/s, Resolution: None
Name: CHC动作电影, URL: https://t.freetv.fun/live/chcdong-zuo-dian-ying.m3u8, IPv_Type: ipv6, Location: 美国, ISP: CloudFlare Inc., Date: None, Delay: -1 ms, Speed: 0.00 M/s, Resolution: None
Name: CHC动作电影, URL: https://t.freetv.fun/live/chcdong-zuo-dian-ying-1.m3u8, IPv_Type: ipv6, Location: 美国, ISP: CloudFlare Inc., Date: None, Delay: -1 ms, Speed: 0.00 M/s, Resolution: None
Name: CHC动作电影, URL: https://t.freetv.fun/live/chcdong-zuo-dian-ying-2.php, IPv_Type: ipv6, Location: 美国, ISP: CloudFlare Inc., Date: None, Delay: -1 ms, Speed: 0.00 M/s, Resolution: None
Name: CHC动作电影, URL: http://[2409:8087:1a01:df::4021]:80/TVOD/88888888/224/3221225555/main.m3u8, IPv_Type: ipv6, Location: 中国, ISP: 中国移动, Date: None, Delay: -1 ms, Speed: 0.00 M/s, Resolution: None
Name: CHC动作电影, URL: https://stream1.freetv.fun/chcdong-zuo-dian-ying-2.m3u8, IPv_Type: ipv6, Location: 美国, ISP: CloudFlare Inc., Date: None, Delay: -1 ms, Speed: 0.00 M/s, Resolution: None
Name: CHC动作电影, URL: https://stream1.freetv.fun/chcdong-zuo-dian-ying-24.ctv, IPv_Type: ipv6, Location: 美国, ISP: CloudFlare Inc., Date: None, Delay: -1 ms, Speed: 0.00 M/s, Resolution: None
Name: CHC动作电影, URL: https://stream1.freetv.fun/chcdong-zuo-dian-ying-16.m3u8, IPv_Type: ipv6, Location: 美国, ISP: CloudFlare Inc., Date: None, Delay: -1 ms, Speed: 0.00 M/s, Resolution: None
Name: CHC动作电影, URL: https://stream1.freetv.fun/chcdong-zuo-dian-ying-8.m3u8, IPv_Type: ipv6, Location: 美国, ISP: CloudFlare Inc., Date: None, Delay: -1 ms, Speed: 0.00 M/s, Resolution: None
Name: CHC动作电影, URL: https://stream1.freetv.fun/413df533cc2d866bacdc87729814e66f4cf836c13b12ed783b54345fd012c6c8.m3u8, IPv_Type: ipv6, Location: 美国, ISP: CloudFlare Inc., Date: None, Delay: -1 ms, Speed: 0.00 M/s, Resolution: None
Name: CHC动作电影, URL: https://stream1.freetv.fun/ipv6-chcdong-zuo-dian-ying-18.m3u8, IPv_Type: ipv6, Location: 美国, ISP: CloudFlare Inc., Date: None, Delay: -1 ms, Speed: 0.00 M/s, Resolution: None
Name: CHC动作电影, URL: https://stream1.freetv.fun/chcdong-zuo-dian-ying-18.ctv, IPv_Type: ipv6, Location: 美国, ISP: CloudFlare Inc., Date: None, Delay: -1 ms, Speed: 0.00 M/s, Resolution: None
Name: CHC动作电影, URL: https://stream1.freetv.fun/chcdong-zuo-dian-ying-16.ctv, IPv_Type: ipv6, Location: 美国, ISP: CloudFlare Inc., Date: None, Delay: -1 ms, Speed: 0.00 M/s, Resolution: None
Name: CHC动作电影, URL: https://stream1.freetv.fun/chcdong-zuo-dian-ying-29.m3u8, IPv_Type: ipv6, Location: 美国, ISP: CloudFlare Inc., Date: None, Delay: -1 ms, Speed: 0.00 M/s, Resolution: None
Name: CHC动作电影, URL: https://stream1.freetv.fun/chcdong-zuo-gao-qing-1.m3u8, IPv_Type: ipv6, Location: 美国, ISP: CloudFlare Inc., Date: None, Delay: -1 ms, Speed: 0.00 M/s, Resolution: None
Name: CHC动作电影, URL: https://stream1.freetv.fun/chcdong-zuo-dian-ying-5.ctv, IPv_Type: ipv6, Location: 美国, ISP: CloudFlare Inc., Date: None, Delay: -1 ms, Speed: 0.00 M/s, Resolution: None
Name: CHC动作电影, URL: https://stream1.freetv.fun/chcdong-zuo-dian-ying-27.ctv, IPv_Type: ipv6, Location: 美国, ISP: CloudFlare Inc., Date: None, Delay: -1 ms, Speed: 0.00 M/s, Resolution: None
Name: CHC动作电影, URL: https://stream1.freetv.fun/chcdong-zuo-dian-ying-17.ctv, IPv_Type: ipv6, Location: 美国, ISP: CloudFlare Inc., Date: None, Delay: -1 ms, Speed: 0.00 M/s, Resolution: None
Name: CHC动作电影, URL: https://stream1.freetv.fun/chcdong-zuo-dian-ying-19.m3u8, IPv_Type: ipv6, Location: 美国, ISP: CloudFlare Inc., Date: None, Delay: -1 ms, Speed: 0.00 M/s, Resolution: None
Name: CHC动作电影, URL: https://stream1.freetv.fun/chcdong-zuo-dian-ying-23.ctv, IPv_Type: ipv6, Location: 美国, ISP: CloudFlare Inc., Date: None, Delay: -1 ms, Speed: 0.00 M/s, Resolution: None
Name: CHC动作电影, URL: https://www.freetv.top/migu/644368714.m3u8?migutoken=2e48d18419793654f347e8ca29e0028ce9f3eaaa7a108b006304178b8f790f34908f8a09bbb8f4b8b8abcf36e2341f1043dde8719cf4927fcd0dcde4667f8b91e68e820314791d9b70452862c9, IPv_Type: ipv6, Location: 美国, ISP: Oracle Corporation, Date: None, Delay: -1 ms, Speed: 0.00 M/s, Resolution: None
Name: CHC动作电影, URL: https://stream1.freetv.fun/chcdong-zuo-dian-ying-27.m3u8, IPv_Type: ipv6, Location: 美国, ISP: CloudFlare Inc., Date: None, Delay: -1 ms, Speed: 0.00 M/s, Resolution: None
Name: CHC动作电影, URL: https://stream1.freetv.fun/chcdong-zuo-dian-ying-9.m3u8, IPv_Type: ipv6, Location: 美国, ISP: CloudFlare Inc., Date: None, Delay: -1 ms, Speed: 0.00 M/s, Resolution: None
Name: CHC动作电影, URL: https://stream1.freetv.fun/chcdong-zuo-dian-ying-32.ctv, IPv_Type: ipv6, Location: 美国, ISP: CloudFlare Inc., Date: None, Delay: -1 ms, Speed: 0.00 M/s, Resolution: None
Name: CHC动作电影, URL: https://stream1.freetv.fun/chcdong-zuo-dian-ying-1.ctv, IPv_Type: ipv6, Location: 美国, ISP: CloudFlare Inc., Date: None, Delay: -1 ms, Speed: 0.00 M/s, Resolution: None
Name: CHC动作电影, URL: https://stream1.freetv.fun/chcdong-zuo-dian-ying-4.m3u8, IPv_Type: ipv6, Location: 美国, ISP: CloudFlare Inc., Date: None, Delay: -1 ms, Speed: 0.00 M/s, Resolution: None
Name: CHC动作电影, URL: https://stream1.freetv.fun/chcdong-zuo-dian-ying-13.m3u8, IPv_Type: ipv6, Location: 美国, ISP: CloudFlare Inc., Date: None, Delay: -1 ms, Speed: 0.00 M/s, Resolution: None
Name: CHC动作电影, URL: https://stream1.freetv.fun/chcdong-zuo-dian-ying-8.ctv, IPv_Type: ipv6, Location: 美国, ISP: CloudFlare Inc., Date: None, Delay: -1 ms, Speed: 0.00 M/s, Resolution: None
Name: CHC动作电影, URL: https://stream1.freetv.fun/chcdong-zuo-dian-ying-28.m3u8, IPv_Type: ipv6, Location: 美国, ISP: CloudFlare Inc., Date: None, Delay: -1 ms, Speed: 0.00 M/s, Resolution: None
Name: CHC动作电影, URL: https://www.freetv.top/migu/644368714.m3u8?migutoken=fb9ef80443f06c3612ddd35545ec1054b5bcab3941fc46ecf84808bdd512d7b2cf16d34fdf955bff71bf01f818f6918ba2d7f536dc5451d1519d15cf8a5671bf16ea8a3bbc71db4477476e211d, IPv_Type: ipv6, Location: 美国, ISP: Oracle Corporation, Date: None, Delay: -1 ms, Speed: 0.00 M/s, Resolution: None
Name: CHC动作电影, URL: https://stream1.freetv.fun/chcdong-zuo-dian-ying-28.ctv, IPv_Type: ipv6, Location: 美国, ISP: CloudFlare Inc., Date: None, Delay: -1 ms, Speed: 0.00 M/s, Resolution: None
Name: CHC动作电影, URL: https://stream1.freetv.fun/chcdong-zuo-dian-ying-25.ctv, IPv_Type: ipv6, Location: 美国, ISP: CloudFlare Inc., Date: None, Delay: -1 ms, Speed: 0.00 M/s, Resolution: None
Name: CHC动作电影, URL: https://stream1.freetv.fun/chcdong-zuo-dian-ying-12.ctv, IPv_Type: ipv6, Location: 美国, ISP: CloudFlare Inc., Date: None, Delay: -1 ms, Speed: 0.00 M/s, Resolution: None
Name: CHC动作电影, URL: https://stream1.freetv.fun/ipv6-chcdong-zuo-dian-ying-19.m3u8, IPv_Type: ipv6, Location: 美国, ISP: CloudFlare Inc., Date: None, Delay: -1 ms, Speed: 0.00 M/s, Resolution: None
Name: CHC动作电影, URL: https://stream1.freetv.fun/ipv6-chcdong-zuo-dian-ying-20.m3u8, IPv_Type: ipv6, Location: 美国, ISP: CloudFlare Inc., Date: None, Delay: -1 ms, Speed: 0.00 M/s, Resolution: None
Name: CHC动作电影, URL: https://stream1.freetv.fun/chcdong-zuo-dian-ying-31.m3u8, IPv_Type: ipv6, Location: 美国, ISP: CloudFlare Inc., Date: None, Delay: -1 ms, Speed: 0.00 M/s, Resolution: None
Name: CHC动作电影, URL: https://stream1.freetv.fun/chcdong-zuo-dian-ying-7.m3u8, IPv_Type: ipv6, Location: 美国, ISP: CloudFlare Inc., Date: None, Delay: -1 ms, Speed: 0.00 M/s, Resolution: None
Name: CHC动作电影, URL: https://stream1.freetv.fun/chcdong-zuo-dian-ying-14.m3u8, IPv_Type: ipv6, Location: 美国, ISP: CloudFlare Inc., Date: None, Delay: -1 ms, Speed: 0.00 M/s, Resolution: None
Name: CHC动作电影, URL: https://stream1.freetv.fun/chcdong-zuo-dian-ying-30.m3u8, IPv_Type: ipv6, Location: 美国, ISP: CloudFlare Inc., Date: None, Delay: -1 ms, Speed: 0.00 M/s, Resolution: None
Name: CHC动作电影, URL: https://stream1.freetv.fun/ipv6-chcdong-zuo-dian-ying-7.m3u8, IPv_Type: ipv6, Location: 美国, ISP: CloudFlare Inc., Date: None, Delay: -1 ms, Speed: 0.00 M/s, Resolution: None
Name: CHC动作电影, URL: https://stream1.freetv.fun/chcdong-zuo-dian-ying-3.ctv, IPv_Type: ipv6, Location: 美国, ISP: CloudFlare Inc., Date: None, Delay: -1 ms, Speed: 0.00 M/s, Resolution: None
Name: CHC动作电影, URL: https://stream1.freetv.fun/ipv6-chcdong-zuo-dian-ying-24.m3u8, IPv_Type: ipv6, Location: 美国, ISP: CloudFlare Inc., Date: None, Delay: -1 ms, Speed: 0.00 M/s, Resolution: None
Name: CHC动作电影, URL: https://stream1.freetv.fun/chc-dong-zuo-dian-ying-1.ctv, IPv_Type: ipv6, Location: 美国, ISP: CloudFlare Inc., Date: None, Delay: -1 ms, Speed: 0.00 M/s, Resolution: None
Name: CHC动作电影, URL: https://stream.freetv.fun/2f2e29b8759a2458730dc1f3686024472691952a50e787fe075944d0cb17f36e.ctv, IPv_Type: ipv6, Location: 美国, ISP: CloudFlare Inc., Date: None, Delay: -1 ms, Speed: 0.00 M/s, Resolution: None
Name: CHC动作电影, URL: https://stream1.freetv.fun/chcdong-zuo-dian-ying-15.m3u8, IPv_Type: ipv6, Location: 美国, ISP: CloudFlare Inc., Date: None, Delay: -1 ms, Speed: 0.00 M/s, Resolution: None
Name: CHC动作电影, URL: https://stream1.freetv.fun/chcdong-zuo-dian-ying-21.ctv, IPv_Type: ipv6, Location: 美国, ISP: CloudFlare Inc., Date: None, Delay: -1 ms, Speed: 0.00 M/s, Resolution: None
Name: CHC动作电影, URL: http://eastscreen.tv/ooooo.php, IPv_Type: ipv6, Location: 美国, ISP: CloudFlare Inc., Date: None, Delay: -1 ms, Speed: 0.00 M/s, Resolution: None
Name: CHC动作电影, URL: https://stream1.freetv.fun/chcdong-zuo-dian-ying-21.m3u8, IPv_Type: ipv6, Location: 美国, ISP: CloudFlare Inc., Date: None, Delay: -1 ms, Speed: 0.00 M/s, Resolution: None
Name: CHC家庭影院, URL: https://iptv.catvod.com/live.php?id=CHC%E5%AE%B6%E5%BA%AD%E5%BD%B1%E9%99%A2&line=1, IPv_Type: ipv6, Location: 美国, ISP: CloudFlare Inc., Date: None, Delay: -1 ms, Speed: 0.00 M/s, Resolution: None
Name: CHC家庭影院, URL: https://iptv.catvod.com/live.php?id=CHC%E5%AE%B6%E5%BA%AD%E5%BD%B1%E9%99%A2&line=2, IPv_Type: ipv6, Location: 美国, ISP: CloudFlare Inc., Date: None, Delay: -1 ms, Speed: 0.00 M/s, Resolution: None
Name: CHC家庭影院, URL: https://stream1.freetv.fun/chcjia-ting-ying-yuan-9.ctv, IPv_Type: ipv6, Location: 美国, ISP: CloudFlare Inc., Date: None, Delay: -1 ms, Speed: 0.00 M/s, Resolution: None
Name: CHC家庭影院, URL: https://mgtv.ottiptv.cc/mg/644368373.m3u8?userid=5559462299&sign=ba657c78d098c855ae6436cb8c80f93d12d389e8f18b0f26f30a3e6ad7b305509d653b47a6a67f3bca39a2491519949341dc1abd9f8eb4d447c65e59bf9089d6253b4387f1782843e2c6e96e06cfba7bbe&auth_token=1b99577efa5a3442ca4c7820d6e0b4e8, IPv_Type: ipv6, Location: 美国, ISP: Oracle Corporation, Date: None, Delay: -1 ms, Speed: 0.00 M/s, Resolution: None
Name: CHC家庭影院, URL: https://t.freetv.fun/live/chcjia-ting-ying-yuan.m3u8, IPv_Type: ipv6, Location: 美国, ISP: CloudFlare Inc., Date: None, Delay: -1 ms, Speed: 0.00 M/s, Resolution: None
Name: CHC家庭影院, URL: https://t.freetv.fun/live/chcjia-ting-ying-yuan-1.m3u8, IPv_Type: ipv6, Location: 美国, ISP: CloudFlare Inc., Date: None, Delay: -1 ms, Speed: 0.00 M/s, Resolution: None
Name: CHC家庭影院, URL: https://t.freetv.fun/live/chcjia-ting-ying-yuan-12.m3u8, IPv_Type: ipv6, Location: 美国, ISP: CloudFlare Inc., Date: None, Delay: -1 ms, Speed: 0.00 M/s, Resolution: None
Name: CHC家庭影院, URL: https://t.freetv.fun/live/chcjia-ting-ying-yuan-13.m3u8, IPv_Type: ipv6, Location: 美国, ISP: CloudFlare Inc., Date: None, Delay: -1 ms, Speed: 0.00 M/s, Resolution: None
Name: CHC家庭影院, URL: https://t.freetv.fun/live/chcjia-ting-ying-yuan-9.m3u8, IPv_Type: ipv6, Location: 美国, ISP: CloudFlare Inc., Date: None, Delay: -1 ms, Speed: 0.00 M/s, Resolution: None
Name: CHC家庭影院, URL: https://stream1.freetv.fun/chcjia-ting-ying-yuan-14.ctv, IPv_Type: ipv6, Location: 美国, ISP: CloudFlare Inc., Date: None, Delay: -1 ms, Speed: 0.00 M/s, Resolution: None
Name: CHC家庭影院, URL: https://stream1.freetv.fun/chcjia-ting-ying-yuan-5.m3u8, IPv_Type: ipv6, Location: 美国, ISP: CloudFlare Inc., Date: None, Delay: -1 ms, Speed: 0.00 M/s, Resolution: None
Name: CHC家庭影院, URL: https://stream1.freetv.fun/chcjia-ting-ying-yuan-3.m3u8, IPv_Type: ipv6, Location: 美国, ISP: CloudFlare Inc., Date: None, Delay: -1 ms, Speed: 0.00 M/s, Resolution: None
Name: CHC家庭影院, URL: https://stream1.freetv.fun/chcjia-ting-ying-yuan-12.ctv, IPv_Type: ipv6, Location: 美国, ISP: CloudFlare Inc., Date: None, Delay: -1 ms, Speed: 0.00 M/s, Resolution: None
Name: CHC家庭影院, URL: https://stream1.freetv.fun/chcjia-ting-ying-yuan-2.m3u8, IPv_Type: ipv6, Location: 美国, ISP: CloudFlare Inc., Date: None, Delay: -1 ms, Speed: 0.00 M/s, Resolution: None
Name: CHC家庭影院, URL: https://stream1.freetv.fun/chcjia-ting-ying-yuan-20.m3u8, IPv_Type: ipv6, Location: 美国, ISP: CloudFlare Inc., Date: None, Delay: -1 ms, Speed: 0.00 M/s, Resolution: None
Name: CHC家庭影院, URL: https://stream1.freetv.fun/chcjia-ting-ying-yuan-15.m3u8, IPv_Type: ipv6, Location: 美国, ISP: CloudFlare Inc., Date: None, Delay: -1 ms, Speed: 0.00 M/s, Resolution: None
Name: CHC家庭影院, URL: https://stream1.freetv.fun/chcjia-ting-ying-yuan-6.m3u8, IPv_Type: ipv6, Location: 美国, ISP: CloudFlare Inc., Date: None, Delay: -1 ms, Speed: 0.00 M/s, Resolution: None
Name: CHC家庭影院, URL: https://stream1.freetv.fun/chcjia-ting-ying-yuan-16.m3u8, IPv_Type: ipv6, Location: 美国, ISP: CloudFlare Inc., Date: None, Delay: -1 ms, Speed: 0.00 M/s, Resolution: None
Name: CHC家庭影院, URL: https://stream1.freetv.fun/chcjia-ting-ying-yuan-21.m3u8, IPv_Type: ipv6, Location: 美国, ISP: CloudFlare Inc., Date: None, Delay: -1 ms, Speed: 0.00 M/s, Resolution: None
Name: CHC家庭影院, URL: https://stream1.freetv.fun/chcjia-ting-ying-yuan-17.ctv, IPv_Type: ipv6, Location: 美国, ISP: CloudFlare Inc., Date: None, Delay: -1 ms, Speed: 0.00 M/s, Resolution: None
Name: CHC家庭影院, URL: https://stream1.freetv.fun/ipv6-chcjia-ting-ying-yuan-2.m3u8, IPv_Type: ipv6, Location: 美国, ISP: CloudFlare Inc., Date: None, Delay: -1 ms, Speed: 0.00 M/s, Resolution: None
Name: CHC家庭影院, URL: https://stream1.freetv.fun/chcjia-ting-ying-yuan-7.m3u8, IPv_Type: ipv6, Location: 美国, ISP: CloudFlare Inc., Date: None, Delay: -1 ms, Speed: 0.00 M/s, Resolution: None
Name: CHC家庭影院, URL: https://stream1.freetv.fun/chcjia-ting-ying-yuan-8.m3u8, IPv_Type: ipv6, Location: 美国, ISP: CloudFlare Inc., Date: None, Delay: -1 ms, Speed: 0.00 M/s, Resolution: None
Name: CHC家庭影院, URL: https://stream1.freetv.fun/chcjia-ting-ying-yuan-12.m3u8, IPv_Type: ipv6, Location: 美国, ISP: CloudFlare Inc., Date: None, Delay: -1 ms, Speed: 0.00 M/s, Resolution: None
Name: CHC家庭影院, URL: https://www.freetv.top/migu/644368373.m3u8?migutoken=893aa32f9d861d92c0661b8125e5b12471106642e4d0f341956e45e2f60dbb2179c3b5b6f05c2e8242e24d254815578255456ce991c2d337b226ce49c025efe16f2d4715157e642b7447f0bf06, IPv_Type: ipv6, Location: 美国, ISP: Oracle Corporation, Date: None, Delay: -1 ms, Speed: 0.00 M/s, Resolution: None
Name: CHC家庭影院, URL: https://stream1.freetv.fun/chcjia-ting-ying-yuan-22.m3u8, IPv_Type: ipv6, Location: 美国, ISP: CloudFlare Inc., Date: None, Delay: -1 ms, Speed: 0.00 M/s, Resolution: None
Name: CHC家庭影院, URL: https://stream1.freetv.fun/chcjia-ting-ying-yuan-24.m3u8, IPv_Type: ipv6, Location: 美国, ISP: CloudFlare Inc., Date: None, Delay: -1 ms, Speed: 0.00 M/s, Resolution: None
Name: CHC家庭影院, URL: https://stream1.freetv.fun/chcjia-ting-ying-yuan-11.ctv, IPv_Type: ipv6, Location: 美国, ISP: CloudFlare Inc., Date: None, Delay: -1 ms, Speed: 0.00 M/s, Resolution: None
Name: CHC家庭影院, URL: https://stream1.freetv.fun/chc-jia-ting-ying-yuan-1.ctv, IPv_Type: ipv6, Location: 美国, ISP: CloudFlare Inc., Date: None, Delay: -1 ms, Speed: 0.00 M/s, Resolution: None
Name: CHC家庭影院, URL: https://stream1.freetv.fun/chcjia-ting-ying-yuan-23.m3u8, IPv_Type: ipv6, Location: 美国, ISP: CloudFlare Inc., Date: None, Delay: -1 ms, Speed: 0.00 M/s, Resolution: None
Name: CHC家庭影院, URL: https://stream1.freetv.fun/chcjia-ting-ying-yuan-13.m3u8, IPv_Type: ipv6, Location: 美国, ISP: CloudFlare Inc., Date: None, Delay: -1 ms, Speed: 0.00 M/s, Resolution: None
Name: CHC家庭影院, URL: https://stream1.freetv.fun/chcjia-ting-ying-yuan-4.m3u8, IPv_Type: ipv6, Location: 美国, ISP: CloudFlare Inc., Date: None, Delay: -1 ms, Speed: 0.00 M/s, Resolution: None
Name: CHC家庭影院, URL: https://stream1.freetv.fun/chcjia-ting-ying-yuan-1.m3u8, IPv_Type: ipv6, Location: 美国, ISP: CloudFlare Inc., Date: None, Delay: -1 ms, Speed: 0.00 M/s, Resolution: None
Name: CHC家庭影院, URL: https://stream1.freetv.fun/chcjia-ting-ying-yuan-20.ctv, IPv_Type: ipv6, Location: 美国, ISP: CloudFlare Inc., Date: None, Delay: -1 ms, Speed: 0.00 M/s, Resolution: None
Name: CHC家庭影院, URL: https://stream1.freetv.fun/chcjia-ting-ying-yuan-16.ctv, IPv_Type: ipv6, Location: 美国, ISP: CloudFlare Inc., Date: None, Delay: -1 ms, Speed: 0.00 M/s, Resolution: None
Name: CHC家庭影院, URL: https://stream1.freetv.fun/ipv6-chcjia-ting-ying-yuan-18.m3u8, IPv_Type: ipv6, Location: 美国, ISP: CloudFlare Inc., Date: None, Delay: -1 ms, Speed: 0.00 M/s, Resolution: None
Name: CHC家庭影院, URL: https://www.freetv.top/migu/644368373.m3u8?migutoken=b9d9d0ba0208e949cf0736455b86290b2d1d2ff4727f523b7117dde6eb883cb4582c5ce1519685e57d54bfb562057c10a00dde58bb674d8600fd2d918b8cb440294e083e7b8f19e0dbcc9250d8, IPv_Type: ipv6, Location: 美国, ISP: Oracle Corporation, Date: None, Delay: -1 ms, Speed: 0.00 M/s, Resolution: None
Name: CHC家庭影院, URL: https://stream1.freetv.fun/chcjia-ting-ying-yuan-18.ctv, IPv_Type: ipv6, Location: 美国, ISP: CloudFlare Inc., Date: None, Delay: -1 ms, Speed: 0.00 M/s, Resolution: None
Name: CHC家庭影院, URL: https://stream1.freetv.fun/chcjia-ting-ying-yuan-19.ctv, IPv_Type: ipv6, Location: 美国, ISP: CloudFlare Inc., Date: None, Delay: -1 ms, Speed: 0.00 M/s, Resolution: None
Name: CHC家庭影院, URL: http://z.b.bkpcp.top/m.php?id=jtyy, IPv_Type: ipv6, Location: 美国, ISP: CloudFlare Inc., Date: None, Delay: -1 ms, Speed: 0.00 M/s, Resolution: None
Name: CHC家庭影院, URL: http://eastscreen.tv/ooooo.php, IPv_Type: ipv6, Location: 美国, ISP: CloudFlare Inc., Date: None, Delay: -1 ms, Speed: 0.00 M/s, Resolution: None
Name: CHC家庭影院, URL: https://stream1.freetv.fun/chcjia-ting-ying-yuan-15.ctv, IPv_Type: ipv6, Location: 美国, ISP: CloudFlare Inc., Date: None, Delay: -1 ms, Speed: 0.00 M/s, Resolution: None
Name: 林忆莲30首经典金曲, URL: https://txmov2.a.kwimgs.com/bs3/video-hls/5250071375165662691_hlsb.m3u8, IPv_Type: ipv4, Location: 美国-加利福尼亚州-圣克拉拉, ISP: 腾讯云, Date: None, Delay: 339 ms, Speed: 2.82 M/s, Resolution: 1280x720
Name: 周杰伦精选120首(8小时), URL: https://txmov2.a.kwimgs.com/upic/2023/06/18/23/BMjAyMzA2MTgyMzE1MjBfMzQ4MzI0MjA1OF8xMDU4Nzc4MzAzNjZfMF8z_b_B386baa1bb2c0c48626a830ff69393771.mp4, IPv_Type: ipv4, Location: 美国-加利福尼亚州-圣克拉拉, ISP: 腾讯云, Date: None, Delay: 300 ms, Speed: 34.67 M/s, Resolution: 640x360
Name: 林俊杰精选81首(5小时), URL: https://txmov2.a.kwimgs.com/upic/2024/01/09/12/BMjAyNDAxMDkxMjA2MDdfMzQ4MzI0MjA1OF8xMjE2Nzg4Mjk4NTZfMF8z_b_Bc9f7d3b0c4b69136e61d8328a8538bd2.mp4?clientCacheKey=3xajh8b4u5j6uva_b.mp4, IPv_Type: ipv4, Location: 美国-加利福尼亚州-圣克拉拉, ISP: 腾讯云, Date: None, Delay: 58 ms, Speed: 38.03 M/s, Resolution: 640x360
Name: 潘玮柏精选28首(1小时), URL: https://txmov2.a.kwimgs.com/upic/2021/02/18/21/BMjAyMTAyMTgyMTI0MzNfODI4NTk1NTQ0XzQ0NTk2NzM2MDU3XzJfMw==_b_B92f3c6849966ee988590af29cfd9237b.mp4?tag=1-1750435163-std-1-6qxcke5wod-82a7afd374de76aa&clientCacheKey=3xabaxhvbd3me8s_b.mp4, IPv_Type: ipv4, Location: 美国-加利福尼亚州-圣克拉拉, ISP: 腾讯云, Date: None, Delay: 17 ms, Speed: 163.00 M/s, Resolution: 1280x720
Name: SHE精选40首(2小时), URL: https://txmov2.a.kwimgs.com/upic/2023/07/30/19/BMjAyMzA3MzAxOTEyNDhfODI4NTk1NTQ0XzEwOTI2ODgxNTQyOF8yXzM=_b_B1770e5ac950c20cda3df1678ded64cbc.mp4, IPv_Type: ipv4, Location: 美国-加利福尼亚州-圣克拉拉, ISP: 腾讯云, Date: None, Delay: 12 ms, Speed: 171.62 M/s, Resolution: 1280x720
Name: 徐良精选30首(1小时), URL: https://alimov2.a.kwimgs.com/upic/2024/05/08/20/BMjAyNDA1MDgyMDAyMjFfMTg1NzcxNTYxOF8xMzE5MDIyNTY0NzNfMl8z_b_B62cb1e50d6a0dea4efc3e6da93662aa4.mp4, IPv_Type: ipv4, Location: 美国-加利福尼亚州-圣克拉拉, ISP: AMD公司, Date: None, Delay: 429 ms, Speed: 12.79 M/s, Resolution: 640x360
Name: 许嵩精选30首(2小时), URL: https://alimov2.a.kwimgs.com/upic/2020/09/14/21/BMjAyMDA5MTQyMTMzMDdfODI4NTk1NTQ0XzM2MDUzMTE1NjM5XzJfMw==_b_B789c6ea6a87d1b67019f19f16c9f71f7.mp4, IPv_Type: ipv4, Location: 美国-加利福尼亚州-圣克拉拉, ISP: AMD公司, Date: None, Delay: 425 ms, Speed: 12.20 M/s, Resolution: 1280x720
Name: 汪苏泷精选20首(1小时), URL: https://txmov2.a.kwimgs.com/upic/2020/09/30/22/BMjAyMDA5MzAyMjA3NDNfODI4NTk1NTQ0XzM2ODY2MzQxNzg4XzJfMw==_b_Bb726df27e24fda5e4d31b724d84ab8d4.mp4, IPv_Type: ipv4, Location: 美国-加利福尼亚州-圣克拉拉, ISP: 腾讯云, Date: None, Delay: 275 ms, Speed: 35.92 M/s, Resolution: 1280x720
Name: 陶喆精选30首(2小时), URL: https://txmov2.a.kwimgs.com/upic/2023/08/06/13/BMjAyMzA4MDYxMzEzMzhfODM0NDUzMTQ2XzEwOTgxMDA2NzAyNF8wXzM=_b_B5e5a6bf1ef67081a9a226a2f6145ea2d.mp4, IPv_Type: ipv4, Location: 美国-加利福尼亚州-圣克拉拉, ISP: 腾讯云, Date: None, Delay: 12 ms, Speed: 146.13 M/s, Resolution: 1306x720
Name: 陈奕迅精选34首(2小时), URL: https://txmov2.a.kwimgs.com/upic/2022/12/22/17/BMjAyMjEyMjIxNzM3NDNfMTg1NzcxNTYxOF85MTcyMjE1NDQzNV8yXzM=_b_B16479ab3769c6fcfed15a06b75c2656e.mp4, IPv_Type: ipv4, Location: 美国-加利福尼亚州-圣克拉拉, ISP: 腾讯云, Date: None, Delay: 10 ms, Speed: 136.47 M/s, Resolution: 640x360
Name: 邓紫棋精选30首(2小时), URL: https://txmov2.a.kwimgs.com/upic/2023/05/08/12/BMjAyMzA1MDgxMjIwNTNfMzQ4MzI0MjA1OF8xMDI1NjYyMjM5MDZfMF8z_b_B0675fa55fe8ce0583fb05fa02330e9f1.mp4, IPv_Type: ipv4, Location: 美国-加利福尼亚州-圣克拉拉, ISP: 腾讯云, Date: None, Delay: 11 ms, Speed: 153.58 M/s, Resolution: 640x360
Name: 薛之谦精选30首(2小时), URL: https://txmov2.a.kwimgs.com/upic/2023/07/28/13/BMjAyMzA3MjgxMzUwMzRfODM0NDUzMTQ2XzEwOTA3NjA4NDU2Nl8wXzM=_b_B480250201ec7378867d92e4d29f7a644.mp4, IPv_Type: ipv4, Location: 美国-加利福尼亚州-圣克拉拉, ISP: 腾讯云, Date: None, Delay: 97 ms, Speed: 141.03 M/s, Resolution: 1280x720
Name: 五月天精选37首(2小时), URL: https://txmov2.a.kwimgs.com/upic/2021/12/07/23/BMjAyMTEyMDcyMzU2MzBfMjgwMTM4ODFfNjIzMTcwNTU3MTlfMl8z_b_Bd70a16353267a52b31d11f2cb77c6c5b.mp4, IPv_Type: ipv4, Location: 美国-加利福尼亚州-圣克拉拉, ISP: 腾讯云, Date: None, Delay: 378 ms, Speed: 33.20 M/s, Resolution: 1280x720
Name: 蔡依林精选102首(6小时), URL: https://txmov2.a.kwimgs.com/upic/2025/06/12/20/BMjAyNTA2MTIyMDUzMjFfNDQzMTI2Mjg0XzE2NjY1MzM5MjYxMV8yXzM=_b_B3bed4c7c1a80388966791d398e318edd.mp4, IPv_Type: ipv4, Location: 美国-加利福尼亚州-圣克拉拉, ISP: 腾讯云, Date: None, Delay: 104 ms, Speed: 134.56 M/s, Resolution: 1280x720
Name: 任然精选20首(1小时), URL: https://txmov2.a.kwimgs.com/upic/2020/09/23/14/BMjAyMDA5MjMxNDA1MjFfMTc4NDYxNDcyNl8zNjQ5NDI4NzI1Nl8yXzM=_b_B0f6d5151ab2c346816996328a0b66b78.mp4, IPv_Type: ipv4, Location: 美国-加利福尼亚州-圣克拉拉, ISP: 腾讯云, Date: None, Delay: 364 ms, Speed: 122.98 M/s, Resolution: 1280x720
Name: 张韶涵精选96首(6小时), URL: https://txmov2.a.kwimgs.com/upic/2023/04/24/02/BMjAyMzA0MjQwMjA4MDlfMjE0OTExOTI2N18xMDEzNTM2NjA5OTFfMF8z_b_Baa658d527c452cd09e6dc0e9684c1bed.mp4, IPv_Type: ipv4, Location: 美国-加利福尼亚州-圣克拉拉, ISP: 腾讯云, Date: None, Delay: 58 ms, Speed: 35.68 M/s, Resolution: 1280x720
Name: 王心凌精选69首(4小时), URL: https://txmov2.a.kwimgs.com/upic/2023/07/26/22/BMjAyMzA3MjYyMjExNTNfMzYxMjUyNDA3MV8xMDg5NTQ4NjE1ODlfMF8z_b_Bdded2693ce6f7de089cfd7030b45bef7.mp4, IPv_Type: ipv4, Location: 美国-加利福尼亚州-圣克拉拉, ISP: 腾讯云, Date: None, Delay: 355 ms, Speed: 23.38 M/s, Resolution: 1280x720
Name: 莫文蔚精选72首(5小时), URL: https://txmov2.a.kwimgs.com/upic/2023/07/27/21/BMjAyMzA3MjcyMTQ2MjdfMzYxMjUyNDA3MV8xMDkwMzM1MjA2NTJfMF8z_b_B144de29e473911c6e9187c9d591b8943.mp4, IPv_Type: ipv4, Location: 美国-加利福尼亚州-圣克拉拉, ISP: 腾讯云, Date: None, Delay: 359 ms, Speed: 101.83 M/s, Resolution: 1280x720
Name: 陈慧琳精选30首(1小时), URL: https://txmov2.a.kwimgs.com/upic/2025/02/09/20/BMjAyNTAyMDkyMDIzNTVfMTg1NzcxNTYxOF8xNTY0NDk2NjMzNTZfMl8z_b_Bd072695cb8d3a79a9d1ac8cdb5b3b3bc.mp4, IPv_Type: ipv4, Location: 美国-加利福尼亚州-圣克拉拉, ISP: 腾讯云, Date: None, Delay: 10 ms, Speed: 148.40 M/s, Resolution: 640x360
Name: 蔡健雅精选30首(2小时), URL: https://txmov2.a.kwimgs.com/upic/2023/08/18/21/BMjAyMzA4MTgyMTA4MzZfODM0NDUzMTQ2XzExMDgyNTA1MjcwM18wXzM=_b_B0d509c2419313652932c68153a65e4ed.mp4, IPv_Type: ipv4, Location: 美国-加利福尼亚州-圣克拉拉, ISP: 腾讯云, Date: None, Delay: 393 ms, Speed: 105.12 M/s, Resolution: 852x480
Name: 王杰精选30首(2小时), URL: https://txmov2.a.kwimgs.com/upic/2020/09/06/17/BMjAyMDA5MDYxNzU1MjJfMTc4NDYxNDcyNl8zNTYyMjQ2ODIxNl8yXzM=_b_Bc35f6a28c8cf25ea947bc122c176b034.mp4, IPv_Type: ipv4, Location: 美国-加利福尼亚州-圣克拉拉, ISP: 腾讯云, Date: None, Delay: 55 ms, Speed: 14.80 M/s, Resolution: 1280x720
Name: 乔洋精选20首(1小时), URL: https://txmov2.a.kwimgs.com/upic/2024/01/05/17/BMjAyNDAxMDUxNzEwMTJfNDQzMTI2Mjg0XzEyMTM5OTg3NTU2MV8yXzM=_b_Bf81e0b3d32a3fe727949531d0929868e.mp4, IPv_Type: ipv4, Location: 美国-加利福尼亚州-圣克拉拉, ISP: 腾讯云, Date: None, Delay: 54 ms, Speed: 35.73 M/s, Resolution: 1280x720
Name: 庄心妍精选44首(2小时), URL: https://txmov2.a.kwimgs.com/upic/2023/09/29/09/BMjAyMzA5MjkwOTEzMDVfMjE0OTExOTI2N18xMTM3OTU3ODM3NzFfMF8z_b_B1909889bf55e6af6f994b05596fb589f.mp4, IPv_Type: ipv4, Location: 美国-加利福尼亚州-圣克拉拉, ISP: 腾讯云, Date: None, Delay: 495 ms, Speed: 32.39 M/s, Resolution: 1280x720
Name: 梁静茹精选40首(2小时), URL: https://txmov2.a.kwimgs.com/upic/2023/08/06/13/BMjAyMzA4MDYxMzA3MTVfODM0NDUzMTQ2XzEwOTgwOTYwMjQ1OV8wXzM=_b_Bd9c215cb7ac961de3d5db54cb7bffed6.mp4, IPv_Type: ipv4, Location: 美国-加利福尼亚州-圣克拉拉, ISP: 腾讯云, Date: None, Delay: 12 ms, Speed: 173.32 M/s, Resolution: 1022x576
Name: 王力宏精选30首(2小时), URL: https://txmov2.a.kwimgs.com/upic/2020/09/30/21/BMjAyMDA5MzAyMTU2NTNfODI4NTk1NTQ0XzM2ODY1NDA2MDM3XzJfMw==_b_Bf61393cb3ef5f8ab4b687ae367ed1211.mp4, IPv_Type: ipv4, Location: 美国-加利福尼亚州-圣克拉拉, ISP: 腾讯云, Date: None, Delay: 10 ms, Speed: 155.21 M/s, Resolution: 1164x720
Name: 孙燕姿精选30首(2小时), URL: https://txmov2.a.kwimgs.com/upic/2020/07/15/19/BMjAyMDA3MTUxOTA1MzhfNTAyNzg4MTc0XzMyNDIzMzUwMjAyXzJfMw==_b_Bd09b171541ea966fd7a324624cfe6c16.mp4, IPv_Type: ipv4, Location: 美国-加利福尼亚州-圣克拉拉, ISP: 腾讯云, Date: None, Delay: 35 ms, Speed: 29.64 M/s, Resolution: 1280x720
Name: 周深精选72首(5小时), URL: https://txmov2.a.kwimgs.com/upic/2023/08/07/21/BMjAyMzA4MDcyMTAzMzZfMzYxMjUyNDA3MV8xMDk5Mjc3MDcwMTFfMF8z_b_B707fdf2100370008b57219d4a1dab568.mp4, IPv_Type: ipv4, Location: 美国-加利福尼亚州-圣克拉拉, ISP: 腾讯云, Date: None, Delay: 104 ms, Speed: 43.38 M/s, Resolution: 1280x720
Name: 杨丞琳精选30首(2小时), URL: https://txmov2.a.kwimgs.com/upic/2020/09/20/20/BMjAyMDA5MjAyMDAyMDdfODI4NTk1NTQ0XzM2MzcyMzIwMzYzXzJfMw==_b_B8aa481540d89fe5ec2b3507f8209c663.mp4?tag=1-1750931214-std-1-wz3snqjkat-8298da1fe959ffc7&clientCacheKey=3x8t5k75nb5mzyc_b.mp4&tt=b&di=739f67b1&bp=12681&ali_redirect_ex_hot=66666800&ali_redirect_ex_beacon=1, IPv_Type: ipv4, Location: 美国-加利福尼亚州-圣克拉拉, ISP: 腾讯云, Date: None, Delay: 9 ms, Speed: 199.81 M/s, Resolution: 1280x720
Name: 王心凌经典合集, URL: https://txmov2.a.kwimgs.com/bs3/video-hls/5210946351305777158_hlsb.m3u8, IPv_Type: ipv4, Location: 美国-加利福尼亚州-圣克拉拉, ISP: 腾讯云, Date: None, Delay: 356 ms, Speed: 5.19 M/s, Resolution: 1280x720
Name: 林俊杰经典合集, URL: https://txmov2.a.kwimgs.com/bs3/video-hls/5231212549905475206_hlsb.m3u8, IPv_Type: ipv4, Location: 美国-加利福尼亚州-圣克拉拉, ISP: 腾讯云, Date: None, Delay: 347 ms, Speed: 3.99 M/s, Resolution: 1280x720
Name: 陶喆经典合集, URL: https://txmov2.a.kwimgs.com/bs3/video-hls/5239938277375381611_hlsb.m3u8, IPv_Type: ipv4, Location: 美国-加利福尼亚州-圣克拉拉, ISP: 腾讯云, Date: None, Delay: 350 ms, Speed: 3.05 M/s, Resolution: 1306x720
Name: 许嵩经典合集, URL: https://txmov2.a.kwimgs.com/bs3/video-hls/5246693673328160378_hlsb.m3u8, IPv_Type: ipv4, Location: 美国-加利福尼亚州-圣克拉拉, ISP: 腾讯云, Date: None, Delay: 413 ms, Speed: 4.46 M/s, Resolution: 1280x720
Name: 霸王别姬, URL: https://vd3.bdstatic.com/mda-jjtzxjk8rk5u4bfk/hd/mda-jjtzxjk8rk5u4bfk.mp4, IPv_Type: ipv6, Location: 中国, ISP: , Date: None, Delay: -1 ms, Speed: 0.00 M/s, Resolution: None
Name: 变形金刚, URL: http://data.3g.yy.com/live/hls/1382736803/1382736803, IPv_Type: ipv6, Location: 中国, ISP: 中国电信, Date: None, Delay: -1 ms, Speed: 0.00 M/s, Resolution: None
Name: 活着, URL: https://vd2.bdstatic.com/mda-mbnj4suztx78gu94/v1-cae/sc/mda-mbnj4suztx78gu94.mp4, IPv_Type: ipv6, Location: 中国, ISP: , Date: None, Delay: -1 ms, Speed: 0.00 M/s, Resolution: None
Name: 九品芝麻官, URL: https://txmov2.a.kwimgs.com/upic/2021/12/28/11/BMjAyMTEyMjgxMTIyMTJfNDAzMDAxOTlfNjM2NjgxODA5MTBfMF8z_bF_Bcc38a845b4b4994898062a76d3958bdc.mp4, IPv_Type: ipv4, Location: 美国-加利福尼亚州-圣克拉拉, ISP: 腾讯云, Date: None, Delay: 8 ms, Speed: 174.00 M/s, Resolution: 1280x720
Name: 九品芝麻官, URL: https://alimov2.a.kwimgs.com/upic/2021/12/28/11/BMjAyMTEyMjgxMTIyMTJfNDAzMDAxOTlfNjM2NjgxODA5MTBfMF8z_b_B6a0bcfcdbdaac183fa7dcbcd3e11bcaf.mp4, IPv_Type: ipv4, Location: 美国-加利福尼亚州-圣克拉拉, ISP: AMD公司, Date: None, Delay: 103 ms, Speed: 13.10 M/s, Resolution: 1280x720
Name: 我和我的祖国, URL: http://antiserver.kuwo.cn/anti.s, IPv_Type: ipv6, Location: 中国-北京-北京, ISP: 腾讯云, Date: None, Delay: -1 ms, Speed: 0.00 M/s, Resolution: None
Name: 无间道2, URL: https://alimov2.a.kwimgs.com/upic/2021/02/09/10/BMjAyMTAyMDkxMDQ0NThfNDAzMDAxOTlfNDM4NTkyODc0MjhfMF8z_b_Bce206fcc2f84121a4d887259d7c5100b.mp4, IPv_Type: ipv4, Location: 美国-加利福尼亚州-圣克拉拉, ISP: AMD公司, Date: None, Delay: 628 ms, Speed: 13.93 M/s, Resolution: 1600x674
Name: 华语影院, URL: http://[2409:8087:5e00:24::2d]:6610/000000001000/1/5000000011000288005/index.m3u8?channel-id=bestzb&Contentid=5000000011000288005&livemode=1&stbId=YanG-1989, IPv_Type: ipv6, Location: 中国, ISP: 中国移动, Date: None, Delay: -1 ms, Speed: 0.00 M/s, Resolution: None
Name: 恐怖电影, URL: https://yylunbo.ottiptv.cc/yy/24066336, IPv_Type: ipv6, Location: 美国, ISP: CloudFlare Inc., Date: None, Delay: -1 ms, Speed: 0.00 M/s, Resolution: None
Name: 林正英电影, URL: https://live.metshop.top/huya/11342421, IPv_Type: ipv6, Location: 美国, ISP: CloudFlare Inc., Date: None, Delay: -1 ms, Speed: 0.00 M/s, Resolution: None
Name: 万合出品, URL: https://goodiptv.club/douyu/9220456, IPv_Type: ipv6, Location: 美国, ISP: CloudFlare Inc., Date: None, Delay: -1 ms, Speed: 0.00 M/s, Resolution: None
